Ray Number,Pos X,Pos Y,Pos Z,Cos X,Cos Y,Cos Z,Element,Event
1,8.59811638911,-8235.608282,5672.46938957,-0.000472389998554,0.826210377471,-0.563361508276,-5,CREATE
1,3.8893653367,1.88560214826e-16,56.9205779992,-0.000472389998554,0.826210377471,-0.563361508276,127,ABSORB
2,2.90512142467,-8232.35905185,5677.23939417,-0.000472389998554,0.826210377471,-0.563361508276,-5,CREATE
2,-1.80177186383,-2.39180215724e-16,63.9061093515,-0.000472389998554,0.826210377471,-0.563361508276,127,ABSORB
3,3.82975749615,-8252.5764839,5647.58829322,-0.000472389998554,0.826210377471,-0.563361508276,-5,CREATE
3,-0.905870875543,30.040244897,-0.0137946281681,-0.000472389998554,0.826210377471,-0.563361508276,13,ABSORB
4,26.6110607461,-8257.99186749,5639.62713913,-0.000472389998554,0.826210377471,-0.563361508276,-5,CREATE
4,21.8811200303,14.6771479919,-1.19198044068,-0.338606899039,0.209290053654,0.917356550838,72,REFLECT
4,21.8811200303,14.6771479919,-1.19198044068,-0.338606899039,0.209290053654,0.917356550838,-5,EXIT
5,0.0530743042343,-8235.24725643,5673.00602486,-0.000472389998554,0.826210377471,-0.563361508276,-5,CREATE
5,-4.65547032996,1.40627237206e-16,57.7033829296,-0.000472389998554,0.826210377471,-0.563361508276,127,ABSORB
6,5.75317280559,-8232.72007743,5676.70753592,-0.000472389998554,0.826210377471,-0.563361508276,-5,CREATE
6,1.04607309888,-1.91539747546e-16,63.1280814628,-0.000472389998554,0.826210377471,-0.563361508276,127,ABSORB
7,19.4942620767,-8254.38161176,5644.92780771,-0.000472389998554,0.826210377471,-0.563361508276,-5,CREATE
7,14.7604395243,25.0767381601,-0.520701413871,-0.244511509557,0.0515261015288,0.96827639781,44,REFLECT
7,14.7604395243,25.0767381601,-0.520701413871,-0.244511509557,0.0515261015288,0.96827639781,-5,EXIT
8,-8.99143139479,-8254.98332105,5644.06924337,-0.000472389998554,0.826210377471,-0.563361508276,-5,CREATE
8,-13.7250312723,24.0855703067,-1.11370873277,0.124645476108,0.0517651979142,0.990850074214,100,REFLECT
8,-13.7250312723,24.0855703067,-1.11370873277,0.124645476108,0.0517651979142,0.990850074214,-5,EXIT
9,1.47613805741,-8236.20999129,5671.59291133,-0.000472389998554,0.826210377471,-0.563361508276,-5,CREATE
9,-3.23295702536,2.6735160045e-16,55.6338170216,-0.000472389998554,0.826210377471,-0.563361508276,127,ABSORB
10,33.0207672495,-8257.51050006,5640.32772459,-0.000472389998554,0.826210377471,-0.563361508276,-5,CREATE
10,28.2914206401,14.1194228191,0.217122845259,-0.395939333722,0.222821296128,0.890832595948,66,REFLECT
10,28.2914206401,14.1194228191,0.217122845259,-0.395939333722,0.222821296128,0.890832595948,-5,EXIT
11,-12.5511626427,-8254.26126991,5645.13116848,-0.000472389998554,0.826210377471,-0.563361508276,-5,CREATE
11,-17.2849300873,25.1006963703,-0.251620292807,0.169595491577,0.0362680810463,0.984846178616,87,REFLECT
11,-17.2849300873,25.1006963703,-0.251620292807,0.169595491577,0.0362680810463,0.984846178616,-5,EXIT
12,21.6321134943,-8253.17819319,5646.69091541,-0.000472389998554,0.826210377471,-0.563361508276,-5,CREATE
12,16.8979168913,26.9343712292,0.796322247558,-0.272177028684,0.0281124576571,0.961836449081,35,REFLECT
12,16.8979168913,26.9343712292,0.796322247558,-0.272177028684,0.0281124576571,0.961836449081,-5,EXIT
13,6.46411272076,-8233.68281228,5675.29501951,-0.000472389998554,0.826210377471,-0.563361508276,-5,CREATE
13,1.75646256549,-6.4851947982e-17,61.059112685,-0.000472389998554,0.826210377471,-0.563361508276,127,ABSORB
14,1.69456990499,-8251.61374904,5649.00200388,-0.000472389998554,0.826210377471,-0.563361508276,-5,CREATE
14,-3.04150360444,31.7815258962,0.869054964523,-0.0240837352094,-0.0559941731031,0.998140584425,7,REFLECT
14,-3.04150360444,31.7815258962,0.869054964523,-0.0240837352094,-0.0559941731031,0.998140584425,-5,EXIT
15,-11.124547121,-8252.33580019,5647.95381277,-0.000472389998554,0.826210377471,-0.563361508276,-5,CREATE
15,-15.8592478094,28.6584099063,1.45805886875,0.146489275061,-0.0105117021153,0.989156406445,79,REFLECT
15,-15.8592478094,28.6584099063,1.45805886875,0.146489275061,-0.0105117021153,0.989156406445,-5,EXIT
16,-22.5238561816,-8256.66810705,5641.60973012,-0.000472389998554,0.826210377471,-0.563361508276,-5,CREATE
16,-27.2538722784,16.1327496329,0.700713029137,0.295515720275,0.184551102322,0.937342706646,108,REFLECT
16,-27.2538722784,16.1327496329,0.700713029137,0.295515720275,0.184551102322,0.937342706646,-5,EXIT
17,17.3590744856,-8253.4188769,5646.34151838,-0.000472389998554,0.826210377471,-0.563361508276,-5,CREATE
17,12.6246522696,27.088284919,0.177864211699,-0.221206249269,0.018837462485,0.975045099107,37,REFLECT
17,12.6246522696,27.088284919,0.177864211699,-0.221206249269,0.018837462485,0.975045099107,-5,EXIT
18,28.7468402987,-8258.47323492,5638.9193881,-0.000472389998554,0.826210377471,-0.563361508276,-5,CREATE
18,24.0174392273,13.2519421545,-1.2561638699,-0.355738121456,0.225798936877,0.906898687312,73,REFLECT
18,24.0174392273,13.2519421545,-1.2561638699,-0.355738121456,0.225798936877,0.906898687312,-5,EXIT
19,5.9668689619,-8251.97477461,5648.46895137,-0.000472389998554,0.826210377471,-0.563361508276,-5,CREATE
19,1.23101608523,31.0346135127,0.599124030302,-0.0742599373122,-0.0495475419889,0.996007280492,10,REFLECT
19,1.23101608523,31.0346135127,0.599124030302,-0.0742599373122,-0.0495475419889,0.996007280492,-5,EXIT
20,-8.27693971116,-8253.05785133,5646.89248479,-0.000472389998554,0.826210377471,-0.563361508276,-5,CREATE
20,-13.0114460556,27.596451063,0.628501054548,0.118486094573,0.0051861841082,0.992942167947,86,REFLECT
20,-13.0114460556,27.596451063,0.628501054548,0.118486094573,0.0051861841082,0.992942167947,-5,EXIT
21,4.68148461026,-8235.56816805,5672.53150376,-0.000472389998554,0.826210377471,-0.563361508276,-5,CREATE
21,-0.027243506791,1.83081979756e-16,57.0100443673,-0.000472389998554,0.826210377471,-0.563361508276,127,ABSORB
22,-20.0330013124,-8257.95175353,5639.72508113,-0.000472389998554,0.826210377471,-0.563361508276,-5,CREATE
22,-24.7625618417,14.0523154965,-0.640636688441,0.263178945481,0.202499856538,0.94325534759,120,REFLECT
22,-24.7625618417,14.0523154965,-0.640636688441,0.263178945481,0.202499856538,0.94325534759,-5,EXIT
23,34.0897422884,-8256.86867682,5641.26810841,-0.000472389998554,0.826210377471,-0.563361508276,-5,CREATE
23,29.3601841755,15.1311657228,0.905272483203,-0.409773796761,0.204661210086,0.888931507246,56,REFLECT
23,29.3601841755,15.1311657228,0.905272483203,-0.409773796761,0.204661210086,0.888931507246,-5,EXIT
24,7.52953599118,-8235.92919362,5671.99964551,-0.000472389998554,0.826210377471,-0.563361508276,-5,CREATE
24,2.82060145592,2.30722447934e-16,56.2320164786,-0.000472389998554,0.826210377471,-0.563361508276,127,ABSORB
25,1.83654102673,-8232.67996347,5676.7696501,-0.000472389998554,0.826210377471,-0.563361508276,-5,CREATE
25,-2.87053574461,-1.97017982617e-16,63.217547831,-0.000472389998554,0.826210377471,-0.563361508276,127,ABSORB
26,5.60922847914,-8253.25842109,5646.5866909,-0.000472389998554,0.826210377471,-0.563361508276,-5,CREATE
26,0.873914914628,28.8077097657,-0.639965096266,-0.0666915218345,-0.0132854034729,0.997685190313,20,REFLECT
26,0.873914914628,28.8077097657,-0.639965096266,-0.0666915218345,-0.0132854034729,0.997685190313,-5,EXIT
27,29.8158153376,-8257.83141168,5639.85977192,-0.000472389998554,0.826210377471,-0.563361508276,-5,CREATE
27,25.0862097726,14.2514246858,-0.55965434911,-0.000472389998554,0.826210377471,-0.563361508276,69,ABSORB
28,8.95615151281,-8234.0037239,5674.8222898,-0.000472389998554,0.826210377471,-0.563361508276,-5,CREATE
28,4.24831787468,-2.2506896473e-17,60.3675655134,-0.000472389998554,0.826210377471,-0.563361508276,127,ABSORB
29,-10.0600117927,-8255.30423267,5643.59949931,-0.000472389998554,0.826210377471,-0.563361508276,-5,CREATE
29,-14.7934135838,23.4182053581,-1.34721941603,0.137441359187,0.0640089572469,0.988439540982,99,REFLECT
29,-14.7934135838,23.4182053581,-1.34721941603,0.137441359187,0.0640089572469,0.988439540982,-5,EXIT
30,2.54748094191,-8233.64269833,5675.3571337,-0.000472389998554,0.826210377471,-0.563361508276,-5,CREATE
30,-2.160146278,-7.03301830525e-17,61.1485790532,-0.000472389998554,0.826210377471,-0.563361508276,127,ABSORB
31,29.1060593452,-8255.90594196,5642.6842076,-0.000472389998554,0.826210377471,-0.563361508276,-5,CREATE
31,24.3753152856,18.1681222273,0.907038630311,-0.371446750262,0.16093962757,0.914399118546,52,REFLECT
31,24.3753152856,18.1681222273,0.907038630311,-0.371446750262,0.16093962757,0.914399118546,-5,EXIT
32,31.9510029287,-8258.79414654,5638.44606126,-0.000472389998554,0.826210377471,-0.563361508276,-5,CREATE
32,27.2222002081,11.8845146683,-1.01591125186,-0.3864022978,0.253060397818,0.886935002867,76,REFLECT
32,27.2222002081,11.8845146683,-1.01591125186,-0.3864022978,0.253060397818,0.886935002867,-5,EXIT
33,20.5623491735,-8254.46183967,5644.80925208,-0.000472389998554,0.826210377471,-0.563361508276,-5,CREATE
33,15.8286464191,24.7869834585,-0.496388676065,-0.259818447432,0.0525140813984,0.964228523551,45,REFLECT
33,15.8286464191,24.7869834585,-0.496388676065,-0.259818447432,0.0525140813984,0.964228523551,-5,EXIT
34,5.39434840002,-8234.96645876,5673.41335617,-0.000472389998554,0.826210377471,-0.563361508276,-5,CREATE
34,0.685964313319,1.03961521009e-16,58.3021795169,-0.000472389998554,0.826210377471,-0.563361508276,127,ABSORB
35,2.05023718304,-8251.93466066,5648.53106556,-0.000472389998554,0.826210377471,-0.563361508276,-5,CREATE
35,-2.6857003794,31.2228429271,0.560243902568,-0.0259658589315,-0.0493067363693,0.998446102661,7,REFLECT
35,-2.6857003794,31.2228429271,0.560243902568,-0.0259658589315,-0.0493067363693,0.998446102661,-5,EXIT
36,21.9885700542,-8252.85728157,5647.16125661,-0.000472389998554,0.826210377471,-0.563361508276,-5,CREATE
36,17.2542532461,27.4655217942,1.12330948097,-0.276320427064,0.0148055968204,0.960951515889,30,REFLECT
36,17.2542532461,27.4655217942,1.12330948097,-0.276320427064,0.0148055968204,0.960951515889,-5,EXIT
37,6.8205692807,-8233.36190066,5675.76536071,-0.000472389998554,0.826210377471,-0.563361508276,-5,CREATE
37,2.11310260828,-1.0705074477e-16,61.7482713358,-0.000472389998554,0.826210377471,-0.563361508276,127,ABSORB
38,-23.5940151433,-8258.27266515,5639.25742702,-0.000472389998554,0.826210377471,-0.563361508276,-5,CREATE
38,-28.3230593693,12.8283890344,-0.492559236981,0.295697278686,0.225041987359,0.928396048733,117,REFLECT
38,-28.3230593693,12.8283890344,-0.492559236981,0.295697278686,0.225041987359,0.928396048733,-5,EXIT
39,16.2889155239,-8255.023435,5643.98921528,-0.000472389998554,0.826210377471,-0.563361508276,-5,CREATE
39,11.5551364175,24.3589276725,-1.40748102341,-0.21314933319,0.0540276545796,0.975524666168,47,REFLECT
39,11.5551364175,24.3589276725,-1.40748102341,-0.21314933319,0.0540276545796,0.975524666168,-5,EXIT
40,27.6802331055,-8257.18958844,5640.80284283,-0.000472389998554,0.826210377471,-0.563361508276,-5,CREATE
40,22.9499958005,15.9981615231,-0.369982101297,-0.349856898565,0.196004489609,0.916068987893,67,REFLECT
40,22.9499958005,15.9981615231,-0.369982101297,-0.349856898565,0.196004489609,0.916068987893,-5,EXIT
41,0.945991588302,-8233.00087509,5676.29975676,-0.000472389998554,0.826210377471,-0.563361508276,-5,CREATE
41,-3.7612686659,-1.54846608589e-16,62.5288370279,-0.000472389998554,0.826210377471,-0.563361508276,127,ABSORB
42,-6.67663428037,-8254.66240943,5644.53794246,-0.000472389998554,0.826210377471,-0.563361508276,-5,CREATE
42,-11.4104763118,24.8300092796,-0.933796880162,0.102804236466,0.0434734333969,0.993751150718,101,REFLECT
42,-11.4104763118,24.8300092796,-0.933796880162,0.102804236466,0.0434734333969,0.993751150718,-5,EXIT
43,3.79093517183,-8235.88907967,5672.06161041,-0.000472389998554,0.826210377471,-0.563361508276,-5,CREATE
43,-0.917976428079,2.25253353784e-16,56.3213335643,-0.000472389998554,0.826210377471,-0.563361508276,127,ABSORB
44,1.87062765979,-8253.21830714,5646.64865581,-0.000472389998554,0.826210377471,-0.563361508276,-5,CREATE
44,-2.86476574346,28.9874617034,-0.673214036807,-0.0214398307841,-0.0218547766523,0.999531241329,17,REFLECT
44,-2.86476574346,28.9874617034,-0.673214036807,-0.0214398307841,-0.0218547766523,0.999531241329,-5,EXIT
45,-9.52276178672,-8252.73693971,5647.36416953,-0.000472389998554,0.826210377471,-0.563361508276,-5,CREATE
45,-14.2573592774,28.0767775719,0.991486826415,0.138855751075,-0.00438852328174,0.990302893693,80,REFLECT
45,-14.2573592774,28.0767775719,0.991486826415,0.138855751075,-0.00438852328174,0.990302893693,-5,EXIT
46,-10.949673289,-8254.90309315,5644.18854542,-0.000472389998554,0.826210377471,-0.563361508276,-5,CREATE
46,-15.6832275428,24.086002153,-0.939996780306,0.152198481753,0.0565175753461,0.986732682052,98,REFLECT
46,-15.6832275428,24.086002153,-0.939996780306,0.152198481753,0.0565175753461,0.986732682052,-5,EXIT
47,8.06560207437,-8234.32463552,5674.35239645,-0.000472389998554,0.826210377471,-0.563361508276,-5,CREATE
47,3.35758495339,1.96644775546e-17,59.6788547103,-0.000472389998554,0.826210377471,-0.563361508276,127,ABSORB
48,3.29724318141,-8251.29283742,5649.4713001,-0.000472389998554,0.826210377471,-0.563361508276,-5,CREATE
48,-1.43894422268,32.3016393569,1.20252300274,-0.0437628909375,-0.0674701522087,0.996761048566,3,REFLECT
48,-1.43894422268,32.3016393569,1.20252300274,-0.0437628909375,-0.0674701522087,0.996761048566,-5,EXIT
49,-25.1939259332,-8256.34719543,5642.08260911,-0.000472389998554,0.826210377471,-0.563361508276,-5,CREATE
49,-29.9238527049,16.2974318207,1.28011894785,0.315674826197,0.179948155273,0.931648037361,102,REFLECT
49,-29.9238527049,16.2974318207,1.28011894785,0.315674826197,0.179948155273,0.931648037361,-5,EXIT
50,19.6738716,-8253.09796528,5646.81021746,-0.000472389998554,0.826210377471,-0.563361508276,-5,CREATE
50,14.9394823382,27.3515596111,0.685863730995,-0.251386705239,0.0146907608578,0.967775235256,34,REFLECT
50,14.9394823382,27.3515596111,0.685863730995,-0.251386705239,0.0146907608578,0.967775235256,-5,EXIT
51,-8.81182187154,-8253.69967457,5645.95165312,-0.000472389998554,0.826210377471,-0.563361508276,-5,CREATE
51,-13.5460018085,26.3837409776,0.0769354649688,0.127889657968,0.0209833426497,0.991566404592,90,REFLECT
51,-13.5460018085,26.3837409776,0.0769354649688,0.127889657968,0.0209833426497,0.991566404592,-5,EXIT
52,1.65574758066,-8234.92634481,5673.47532108,-0.000472389998554,0.826210377471,-0.563361508276,-5,CREATE
52,-3.05261357068,9.84924268588e-17,58.3914966025,-0.000472389998554,0.826210377471,-0.563361508276,127,ABSORB
53,-18.785995314,-8257.30993029,5640.66531567,-0.000472389998554,0.826210377471,-0.563361508276,-5,CREATE
53,-23.5160171383,15.5009439236,-0.250531995045,0.250183293125,0.182966964585,0.950753075047,116,REFLECT
53,-23.5160171383,15.5009439236,-0.250531995045,0.250183293125,0.182966964585,0.950753075047,-5,EXIT
54,32.4882529347,-8256.22685358,5642.21073147,-0.000472389998554,0.826210377471,-0.563361508276,-5,CREATE
54,27.7581388116,16.745451323,1.1848103565,-0.398761234299,0.188257094905,0.897523673358,54,REFLECT
54,27.7581388116,16.745451323,1.1848103565,-0.398761234299,0.188257094905,0.897523673358,-5,EXIT
55,-13.0836769574,-8252.97762343,5647.01417536,-0.000472389998554,0.826210377471,-0.563361508276,-5,CREATE
55,-17.8180132885,27.3793256565,0.952945563993,0.175529440131,0.00708367651169,0.984448697076,77,REFLECT
55,-17.8180132885,27.3793256565,0.952945563993,0.175529440131,0.00708367651169,0.984448697076,-5,EXIT
56,3.08183691437,-8233.42875725,5675.67044569,-0.000472389998554,0.826210377471,-0.563361508276,-5,CREATE
56,-1.62566798364,-9.84474793775e-17,61.6077693494,-0.000472389998554,0.826210377471,-0.563361508276,127,ABSORB
57,6.85452436677,-8254.00721487,5645.48748649,-0.000472389998554,0.826210377471,-0.563361508276,-5,CREATE
57,2.11954898353,27.4674367479,-1.33586225977,-0.0861152171518,0.0135798172283,0.99619263094,26,REFLECT
57,2.11954898353,27.4674367479,-1.33586225977,-0.0861152171518,0.0135798172283,0.99619263094,-5,EXIT
58,-21.6326490083,-8255.81234273,5642.86402306,-0.000472389998554,0.826210377471,-0.563361508276,-5,CREATE
58,-26.3632090681,17.9399057489,1.30628800369,0.284888437622,0.154902014491,0.945961914675,105,REFLECT
58,-26.3632090681,17.9399057489,1.30628800369,0.284888437622,0.154902014491,0.945961914675,-5,EXIT
59,-21.9922626957,-8258.70054731,5638.6285638,-0.000472389998554,0.826210377471,-0.563361508276,-5,CREATE
59,-26.7212286652,12.2636362154,-1.02809554838,0.279835163507,0.226828002707,0.932867267329,123,REFLECT
59,-26.7212286652,12.2636362154,-1.02809554838,0.279835163507,0.226828002707,0.932867267329,-5,EXIT
60,29.281985553,-8257.6174706,5640.17397961,-0.000472389998554,0.826210377471,-0.563361508276,-5,CREATE
60,24.5521910224,14.7958668297,-0.470802798238,-0.359153977076,0.208787650748,0.909624173846,68,REFLECT
60,24.5521910224,14.7958668297,-0.470802798238,-0.359153977076,0.208787650748,0.909624173846,-5,EXIT
61,6.50201421623,-8251.1190103,5649.72354288,-0.000472389998554,0.826210377471,-0.563361508276,-5,CREATE
61,1.7658122662,32.5009073471,1.43741862682,-0.0715289422112,-0.0682511131321,0.995100696403,5,REFLECT
61,1.7658122662,32.5009073471,1.43741862682,-0.0715289422112,-0.0682511131321,0.995100696403,-5,EXIT
62,4.14883874854,-8234.39149211,5674.25763072,-0.000472389998554,0.826210377471,-0.563361508276,-5,CREATE
62,-0.559216598038,2.82586020268e-17,59.5385020065,-0.000472389998554,0.826210377471,-0.563361508276,127,ABSORB
63,30.7086010747,-8255.69200088,5642.9966239,-0.000472389998554,0.826210377471,-0.563361508276,-5,CREATE
63,25.9779644834,18.1941011708,1.34761917536,-0.344873648818,0.181217451241,0.920989903157,53,REFLECT
63,25.9779644834,18.1941011708,1.34761917536,-0.344873648818,0.181217451241,0.920989903157,-5,EXIT
64,-20.5656471741,-8256.77507759,5641.45120809,-0.000472389998554,0.826210377471,-0.563361508276,-5,CREATE
64,-25.295794182,16.2547427126,0.386069396708,0.261279441913,0.157963957134,0.952250198992,110,REFLECT
64,-25.295794182,16.2547427126,0.386069396708,0.261279441913,0.157963957134,0.952250198992,-5,EXIT
65,-12.018385234,-8255.33097531,5643.56192144,-0.000472389998554,0.826210377471,-0.563361508276,-5,CREATE
65,-16.7516970373,23.234074135,-1.27747998121,-0.000472389998554,0.826210377471,-0.563361508276,97,ABSORB
66,22.164890903,-8254.24789859,5645.12166837,-0.000472389998554,0.826210377471,-0.563361508276,-5,CREATE
66,17.4312237308,24.9386910326,-0.141537713791,-0.277088620987,0.0478133967157,0.959653987234,41,REFLECT
66,17.4312237308,24.9386910326,-0.141537713791,-0.277088620987,0.0478133967157,0.959653987234,-5,EXIT
67,6.99689012946,-8234.75251768,5673.72577247,-0.000472389998554,0.826210377471,-0.563361508276,-5,CREATE
67,2.28862836467,7.58990702045e-17,58.7604741178,-0.000472389998554,0.826210377471,-0.563361508276,127,ABSORB
68,4.36371882767,-8252.68345444,5647.43096545,-0.000472389998554,0.826210377471,-0.563361508276,-5,CREATE
68,-0.371853246484,29.8348099221,-0.103983233007,-0.0535540275958,-0.0313838713273,0.998071650108,14,REFLECT
68,-0.371853246484,29.8348099221,-0.103983233007,-0.0535540275958,-0.0313838713273,0.998071650108,-5,EXIT
69,27.1450220776,-8258.09883803,5639.46981136,-0.000472389998554,0.826210377471,-0.563361508276,-5,CREATE
69,22.4152040593,14.3555794396,-1.20298196546,-0.341807605798,0.217926639233,0.914152908726,72,REFLECT
69,22.4152040593,14.3555794396,-1.20298196546,-0.341807605798,0.217926639233,0.914152908726,-5,EXIT
70,0.58703563575,-8235.35422697,5672.8486971,-0.000472389998554,0.826210377471,-0.563361508276,-5,CREATE
70,-4.1215701594,1.54727019509e-16,57.47311601,-0.000472389998554,0.826210377471,-0.563361508276,127,ABSORB
71,6.2871341371,-8232.82704797,5676.55020815,-0.000472389998554,0.826210377471,-0.563361508276,-5,CREATE
71,1.57997326945,-1.77439965243e-16,62.8978145432,-0.000472389998554,0.826210377471,-0.563361508276,127,ABSORB
72,-24.1274502869,-8257.73781245,5640.04227446,-0.000472389998554,0.826210377471,-0.563361508276,-5,CREATE
72,-28.8567244449,13.7653928615,0.0180766125868,0.307870947287,0.209051021798,0.928177326862,112,REFLECT
72,-28.8567244449,13.7653928615,0.0180766125868,0.307870947287,0.209051021798,0.928177326862,-5,EXIT
73,18.6039757323,-8254.4885823,5644.7716742,-0.000472389998554,0.826210377471,-0.563361508276,-5,CREATE
73,13.8701314037,25.007853989,-0.702804570452,-0.235530562932,0.0454779180611,0.970802303713,43,REFLECT
73,13.8701314037,25.007853989,-0.702804570452,-0.235530562932,0.0454779180611,0.970802303713,-5,EXIT
74,29.9952933138,-8256.65473574,5641.58530175,-0.000472389998554,0.826210377471,-0.563361508276,-5,CREATE
74,25.2650746564,16.50039983,0.434715339727,-0.372370422268,0.190253768643,0.908374246738,58,REFLECT
74,25.2650746564,16.50039983,0.434715339727,-0.372370422268,0.190253768643,0.908374246738,-5,EXIT
75,9.13207772063,-8235.71525254,5672.3120618,-0.000472389998554,0.826210377471,-0.563361508276,-5,CREATE
75,4.42326550727,2.02659997129e-16,56.6903110796,-0.000472389998554,0.826210377471,-0.563361508276,127,ABSORB
76,-9.88053381645,-8254.12755673,5645.32502914,-0.000472389998554,0.826210377471,-0.563361508276,-5,CREATE
76,-14.6144739212,25.5363921588,-0.263670118105,0.136543413446,0.0281201904878,0.990234896947,89,REFLECT
76,-14.6144739212,25.5363921588,-0.263670118105,0.136543413446,0.0281201904878,0.990234896947,-5,EXIT
77,-22.7012294062,-8256.13325435,5642.394279,-0.000472389998554,0.826210377471,-0.563361508276,-5,CREATE
77,-27.4315152249,17.1393462021,1.1635976633,-0.000472389998554,0.826210377471,-0.563361508276,104,ABSORB
78,17.181701261,-8252.8840242,5647.12606726,-0.000472389998554,0.826210377471,-0.563361508276,-5,CREATE
78,12.4470207938,28.0748191381,0.65442860113,-0.000472389998554,0.826210377471,-0.563361508276,32,ABSORB
79,2.93789258792,-8253.96710092,5645.54960068,-0.000472389998554,0.826210377471,-0.563361508276,-5,CREATE
79,-1.79716022406,27.6429736096,-1.36608781732,-0.000472389998554,0.826210377471,-0.563361508276,23,ABSORB
80,-8.45431293576,-8252.52299863,5647.67703367,-0.000472389998554,0.826210377471,-0.563361508276,-5,CREATE
80,-13.1890556263,28.5446733131,1.13118892205,0.122022953913,-0.017150529294,0.992379089896,81,REFLECT
80,-13.1890556263,28.5446733131,1.13118892205,0.122022953913,-0.017150529294,0.992379089896,-5,EXIT
81,31.4179624261,-8257.93838222,5639.70154846,-0.000472389998554,0.826210377471,-0.563361508276,-5,CREATE
81,26.6886276079,13.6709179599,-0.394991453292,-0.385134112916,0.224237345943,0.895203511919,70,REFLECT
81,26.6886276079,13.6709179599,-0.394991453292,-0.385134112916,0.224237345943,0.895203511919,-5,EXIT
82,20.0293086708,-8253.60607535,5646.06473928,-0.000472389998554,0.826210377471,-0.563361508276,-5,CREATE
82,15.2951836906,26.3812209036,0.255561722071,-0.251205887809,0.0322668044967,0.96739570769,39,REFLECT
82,15.2951836906,26.3812209036,0.255561722071,-0.251205887809,0.0322668044967,0.96739570769,-5,EXIT
83,4.86130789736,-8234.11069444,5674.66884338,-0.000472389998554,0.826210377471,-0.563361508276,-5,CREATE
83,0.153413098277,-8.64477809228e-18,60.1411799402,-0.000472389998554,0.826210377471,-0.563361508276,127,ABSORB
84,-11.3921197482,-8252.76368235,5647.32651702,-0.000472389998554,0.826210377471,-0.563361508276,-5,CREATE
84,-16.1266240521,27.8870513089,1.06496666541,0.159500312298,0.00226290837738,0.987195284441,78,REFLECT
84,-16.1266240521,27.8870513089,1.06496666541,0.159500312298,0.00226290837738,0.987195284441,-5,EXIT
85,7.62315561522,-8232.18522473,5677.49036805,-0.000472389998554,0.826210377471,-0.563361508276,-5,CREATE
85,2.91636171328,-2.61805565598e-16,64.2756093558,-0.000472389998554,0.826210377471,-0.563361508276,127,ABSORB
86,-22.7914288088,-8257.09598921,5640.98243436,-0.000472389998554,0.826210377471,-0.563361508276,-5,CREATE
86,-27.5211891145,15.2574888143,0.378467808164,-0.000472389998554,0.826210377471,-0.563361508276,108,ABSORB
87,17.0915018584,-8253.84675906,5645.71422262,-0.000472389998554,0.826210377471,-0.563361508276,-5,CREATE
87,12.3572532385,26.3567831109,-0.242404824054,-0.225773577628,0.0274985284153,0.973791621745,37,REFLECT
87,12.3572532385,26.3567831109,-0.242404824054,-0.225773577628,0.0274985284153,0.973791621745,-5,EXIT
88,5.69929633473,-8252.40265677,5647.84165562,-0.000472389998554,0.826210377471,-0.563361508276,-5,CREATE
88,0.963626462837,30.2866558929,0.190075588175,-0.0663833329648,-0.0302016300456,0.99733701157,15,REFLECT
88,0.963626462837,30.2866558929,0.190075588175,-0.0663833329648,-0.0302016300456,0.99733701157,-5,EXIT
89,-7.12026466234,-8253.48573349,5646.26399478,-0.000472389998554,0.826210377471,-0.563361508276,-5,CREATE
89,-11.854611332,26.8892977735,0.19043542738,0.110461555476,0.0174787355688,0.993726692086,91,REFLECT
89,-11.854611332,26.8892977735,0.19043542738,0.110461555476,0.0174787355688,0.993726692086,-5,EXIT
90,3.34730478986,-8234.71240373,5673.78766273,-0.000472389998554,0.826210377471,-0.563361508276,-5,CREATE
90,-1.36093403958,7.04345465144e-17,58.8497165621,-0.000472389998554,0.826210377471,-0.563361508276,127,ABSORB
91,9.04621936839,-8233.14795959,5676.07725451,-0.000472389998554,0.826210377471,-0.563361508276,-5,CREATE
91,4.33887501788,-1.35081202354e-16,62.2060434478,-0.000472389998554,0.826210377471,-0.563361508276,127,ABSORB
92,-21.3683650556,-8258.05872407,5639.56932083,-0.000472389998554,0.826210377471,-0.563361508276,-5,CREATE
92,-26.0977413109,13.6230494787,-0.576635930939,0.280837812515,0.211722340932,0.936110983491,118,REFLECT
92,-26.0977413109,13.6230494787,-0.576635930939,0.280837812515,0.211722340932,0.936110983491,-5,EXIT
93,-10.681179833,-8253.72641721,5645.91400061,-0.000472389998554,0.826210377471,-0.563361508276,-5,CREATE
93,-15.4152675117,26.1956386048,0.149308034864,0.147654962335,0.0275051655656,0.988656400356,89,REFLECT
93,-15.4152675117,26.1956386048,0.149308034864,0.147654962335,0.0275051655656,0.988656400356,-5,EXIT
94,8.33054376195,-8236.03616416,5671.84209382,-0.000472389998554,0.826210377471,-0.563361508276,-5,CREATE
94,3.62154806573,2.44835941617e-16,56.0015256352,-0.000472389998554,0.826210377471,-0.563361508276,127,ABSORB
95,2.6375487975,-8232.78693401,5676.61209841,-0.000472389998554,0.826210377471,-0.563361508276,-5,CREATE
95,-2.0695891348,-1.82904488934e-16,62.9870569875,-0.000472389998554,0.826210377471,-0.563361508276,127,ABSORB
96,6.41023624991,-8253.36539163,5646.42913921,-0.000472389998554,0.826210377471,-0.563361508276,-5,CREATE
96,1.67498643259,28.5892453411,-0.721493337594,-0.0728977906845,-0.0131526765485,0.997252685739,20,REFLECT
96,1.67498643259,28.5892453411,-0.721493337594,-0.0728977906845,-0.0131526765485,0.997252685739,-5,EXIT
97,-0.214498322933,-8235.67513859,5672.37872911,-0.000472389998554,0.826210377471,-0.563361508276,-5,CREATE
97,-4.92328760094,1.96902963996e-16,56.7843305656,-0.000472389998554,0.826210377471,-0.563361508276,127,ABSORB
98,30.6164284674,-8258.25929384,5639.23158047,-0.000472389998554,0.826210377471,-0.563361508276,-5,CREATE
98,25.887162219,13.2300777557,-0.783184688783,-0.378833085267,0.230730297886,0.896241609804,70,REFLECT
98,25.887162219,13.2300777557,-0.783184688783,-0.378833085267,0.230730297886,0.896241609804,-5,EXIT
99,7.83645713059,-8251.76083353,5648.78114375,-0.000472389998554,0.826210377471,-0.563361508276,-5,CREATE
99,3.10055023505,31.3430336316,0.846894730384,-0.0925766012345,-0.0476906982672,0.994562803549,11,REFLECT
99,3.10055023505,31.3430336316,0.846894730384,-0.0925766012345,-0.0476906982672,0.994562803549,-5,EXIT
100,1.21172255775,-8234.07058049,5674.73073364,-0.000472389998554,0.826210377471,-0.563361508276,-5,CREATE
100,-3.49614930597,-1.41093017826e-17,60.2304223845,-0.000472389998554,0.826210377471,-0.563361508276,127,ABSORB
101,21.7190242223,-8254.88972183,5644.18076206,-0.000472389998554,0.826210377471,-0.563361508276,-5,CREATE
101,16.9856076206,23.8586201181,-0.783619562684,-0.270443901471,0.0669983150943,0.960401646152,46,REFLECT
101,16.9856076206,23.8586201181,-0.783619562684,-0.270443901471,0.0669983150943,0.960401646152,-5,EXIT
102,6.55102344884,-8235.39434092,5672.78486616,-0.000472389998554,0.826210377471,-0.563361508276,-5,CREATE
102,1.84239471833,1.6031037516e-16,57.3819328925,-0.000472389998554,0.826210377471,-0.563361508276,127,ABSORB
103,3.70652383637,-8232.14511077,5677.55248223,-0.000472389998554,0.826210377471,-0.563361508276,-5,CREATE
103,-1.00024713022,-2.67283800669e-16,64.365075724,-0.000472389998554,0.826210377471,-0.563361508276,127,ABSORB
104,1.78266455588,-8252.36254282,5647.90376981,-0.000472389998554,0.826210377471,-0.563361508276,-5,CREATE
104,-2.95308679203,30.4692714495,0.155023337109,-0.0242147338328,-0.04237931534,0.998808109847,12,REFLECT
104,-2.95308679203,30.4692714495,0.155023337109,-0.0242147338328,-0.04237931534,0.998808109847,-5,EXIT
105,7.97882289328,-8232.50613635,5677.01942973,-0.000472389998554,0.826210377471,-0.563361508276,-5,CREATE
105,3.27184550848,-2.1957020513e-16,63.5858535748,-0.000472389998554,0.826210377471,-0.563361508276,127,ABSORB
106,-22.4357615307,-8257.41690083,5640.51149604,-0.000472389998554,0.826210377471,-0.563361508276,-5,CREATE
106,-27.1653744398,14.6787803741,0.0833113551331,0.285649391063,0.195259460581,0.938231404526,113,REFLECT
106,-27.1653744398,14.6787803741,0.0833113551331,0.285649391063,0.195259460581,0.938231404526,-5,EXIT
107,28.838486718,-8256.33382412,5642.05691185,-0.000472389998554,0.826210377471,-0.563361508276,-5,CREATE
107,24.1079403078,17.3945512403,0.515454971479,-0.366172438952,0.172019022001,0.914509267871,57,REFLECT
107,24.1079403078,17.3945512403,0.515454971479,-0.366172438952,0.172019022001,0.914509267871,-5,EXIT
108,-8.19002898309,-8254.76937997,5644.38233144,-0.000472389998554,0.826210377471,-0.563361508276,-5,CREATE
108,-12.9237594931,24.5279877156,-0.956410005217,0.119122550464,0.0469211289949,0.991770248407,100,REFLECT
108,-12.9237594931,24.5279877156,-0.956410005217,0.119122550464,0.0469211289949,0.991770248407,-5,EXIT
109,4.41391198309,-8235.99605021,5671.904208,-0.000472389998554,0.826210377471,-0.563361508276,-5,CREATE
109,-0.295060777766,2.39357706547e-16,56.0909920034,-0.000472389998554,0.826210377471,-0.563361508276,127,ABSORB
110,19.5859084961,-8252.24220096,5648.06533146,-0.000472389998554,0.826210377471,-0.563361508276,-5,CREATE
110,14.8511268025,28.8936872868,1.4729725973,-0.250360293392,-0.00445878894049,0.968142470246,28,REFLECT
110,14.8511268025,28.8936872868,1.4729725973,-0.250360293392,-0.00445878894049,0.968142470246,-5,EXIT
111,-20.3005739396,-8258.37963569,5639.09778537,-0.000472389998554,0.826210377471,-0.563361508276,-5,CREATE
111,-25.0298790059,13.1776284289,-0.963273128419,0.263183698968,0.218163761057,0.939754709464,124,REFLECT
111,-25.0298790059,13.1776284289,-0.963273128419,0.263183698968,0.218163761057,0.939754709464,-5,EXIT
112,33.8221696612,-8257.29655898,5640.64081266,-0.000472389998554,0.826210377471,-0.563361508276,-5,CREATE
112,29.0928128587,14.3511916886,0.518054819362,-0.403455832259,0.221189523156,0.887861805836,61,REFLECT
112,29.0928128587,14.3511916886,0.518054819362,-0.403455832259,0.221189523156,0.887861805836,-5,EXIT
113,-11.749760231,-8254.04732883,5645.44425655,-0.000472389998554,0.826210377471,-0.563361508276,-5,CREATE
113,-16.4836548977,25.5371490833,-0.0902544654248,0.159433759968,0.023701345294,0.986924071251,88,REFLECT
113,-16.4836548977,25.5371490833,-0.0902544654248,0.159433759968,0.023701345294,0.986924071251,-5,EXIT
114,22.433515906,-8252.96425211,5647.00400348,-0.000472389998554,0.826210377471,-0.563361508276,-5,CREATE
114,17.6992743075,27.2270094723,1.05574970529,-0.285649857186,0.0209055421576,0.958106005302,31,REFLECT
114,17.6992743075,27.2270094723,1.05574970529,-0.285649857186,0.0209055421576,0.958106005302,-5,EXIT
115,7.26551513247,-8233.4688712,5675.60810758,-0.000472389998554,0.826210377471,-0.563361508276,-5,CREATE
115,2.5579872991,-9.29555329269e-17,61.5180790574,-0.000472389998554,0.826210377471,-0.563361508276,127,ABSORB
116,-17.4520128141,-8258.32615042,5639.17383681,-0.000472389998554,0.826210377471,-0.563361508276,-5,CREATE
116,-22.1816104413,13.7428027447,-1.23612303541,0.239409213769,0.200908525033,0.949904728345,126,REFLECT
116,-22.1816104413,13.7428027447,-1.23612303541,0.239409213769,0.200908525033,0.949904728345,-5,EXIT
117,3.91969380476,-8251.82769012,5648.68637801,-0.000472389998554,0.826210377471,-0.563361508276,-5,CREATE
117,-0.816256946539,31.3528807872,0.699827624833,-0.047851551126,-0.0534874882235,0.99742133407,8,REFLECT
117,-0.816256946539,31.3528807872,0.699827624833,-0.047851551126,-0.0534874882235,0.99742133407,-5,EXIT
118,0.143010612842,-8234.49846265,5674.10410966,-0.000472389998554,0.826210377471,-0.563361508276,-5,CREATE
118,-4.56510589469,4.21252908675e-17,59.312041792,-0.000472389998554,0.826210377471,-0.563361508276,127,ABSORB
119,-13.1721662492,-8252.54974127,5647.64176968,-0.000472389998554,0.826210377471,-0.563361508276,-5,CREATE
119,-17.9066859489,28.1279194581,1.36185878297,0.173283231128,0.00252745188443,0.984868790142,77,REFLECT
119,-17.9066859489,28.1279194581,1.36185878297,0.173283231128,0.00252745188443,0.984868790142,-5,EXIT
120,5.84310911419,-8231.97128365,5677.80562071,-0.000472389998554,0.826210377471,-0.563361508276,-5,CREATE
120,1.13643753415,-2.90041693885e-16,64.7367403252,-0.000472389998554,0.826210377471,-0.563361508276,127,ABSORB
121,-24.5714753098,-8256.88204813,5641.29768703,-0.000472389998554,0.826210377471,-0.563361508276,-5,CREATE
121,-29.3011762105,15.3675303991,0.764565596099,0.311254571279,0.18746389268,0.931653305044,107,REFLECT
121,-29.3011762105,15.3675303991,0.764565596099,0.311254571279,0.18746389268,0.931653305044,-5,EXIT
122,18.1599507094,-8253.63281798,5646.02708677,-0.000472389998554,0.826210377471,-0.563361508276,-5,CREATE
122,13.4256923771,26.5877111191,0.0588765776336,-0.000472389998554,0.826210377471,-0.563361508276,38,ABSORB
123,29.5477165225,-8258.687176,5638.60495649,-0.000472389998554,0.826210377471,-0.563361508276,-5,CREATE
123,24.818541692,12.6423056127,-1.3007857583,-0.362512133891,0.237041330199,0.901330328214,74,REFLECT
123,24.818541692,12.6423056127,-1.3007857583,-0.362512133891,0.237041330199,0.901330328214,-5,EXIT
124,8.68805269772,-8234.85948822,5673.56747437,-0.000472389998554,0.826210377471,-0.563361508276,-5,CREATE
124,3.97972977198,9.00582684881e-17,58.5292368616,-0.000472389998554,0.826210377471,-0.563361508276,127,ABSORB
125,-10.3245588394,-8253.27179241,5646.5804417,-0.000472389998554,0.826210377471,-0.563361508276,-5,CREATE
125,-15.0588752296,27.0502800625,0.542992942411,0.145334670954,0.00132671523761,0.989381662072,84,REFLECT
125,-15.0588752296,27.0502800625,0.542992942411,0.145334670954,0.00132671523761,0.989381662072,-5,EXIT
126,33.0207672495,-8257.51050006,5640.32772459,-0.000472389998554,0.826210377471,-0.563361508276,-5,CREATE
126,28.2914206401,14.1194228191,0.217122845259,-0.000472389998554,0.826210377471,-0.563361508276,66,ABSORB
127,-12.5511626427,-8254.26126991,5645.13116848,-0.000472389998554,0.826210377471,-0.563361508276,-5,CREATE
127,-17.2849300873,25.1006963703,-0.251620292807,0.165458326166,0.0379286043639,0.985487170527,87,REFLECT
127,-17.2849300873,25.1006963703,-0.251620292807,0.165458326166,0.0379286043639,0.985487170527,-5,EXIT
128,21.6321134943,-8253.17819319,5646.69091541,-0.000472389998554,0.826210377471,-0.563361508276,-5,CREATE
128,16.8979168913,26.9343712292,0.796322247558,-0.272236356235,0.0273124570427,0.961842708573,35,REFLECT
128,16.8979168913,26.9343712292,0.796322247558,-0.272236356235,0.0273124570427,0.961842708573,-5,EXIT
129,6.46411272076,-8233.68281228,5675.29501951,-0.000472389998554,0.826210377471,-0.563361508276,-5,CREATE
129,1.75646256549,-6.4851947982e-17,61.059112685,-0.000472389998554,0.826210377471,-0.563361508276,127,ABSORB
130,1.69456990499,-8251.61374904,5649.00200388,-0.000472389998554,0.826210377471,-0.563361508276,-5,CREATE
130,-3.04150360444,31.7815258962,0.869054964523,-0.0196944819815,-0.0557165208003,0.998252371242,7,REFLECT
130,-3.04150360444,31.7815258962,0.869054964523,-0.0196944819815,-0.0557165208003,0.998252371242,-5,EXIT
131,-11.124547121,-8252.33580019,5647.95381277,-0.000472389998554,0.826210377471,-0.563361508276,-5,CREATE
131,-15.8592478094,28.6584099063,1.45805886875,0.152183821199,-0.0134148509773,0.988261163023,79,REFLECT
131,-15.8592478094,28.6584099063,1.45805886875,0.152183821199,-0.0134148509773,0.988261163023,-5,EXIT
132,-22.5238561816,-8256.66810705,5641.60973012,-0.000472389998554,0.826210377471,-0.563361508276,-5,CREATE
132,-27.2538722784,16.1327496329,0.700713029137,0.289902994875,0.177909013959,0.940374731857,108,REFLECT
132,-27.2538722784,16.1327496329,0.700713029137,0.289902994875,0.177909013959,0.940374731857,-5,EXIT
133,17.3590744856,-8253.4188769,5646.34151838,-0.000472389998554,0.826210377471,-0.563361508276,-5,CREATE
133,12.6246522696,27.088284919,0.177864211699,-0.228855884646,0.0204727547573,0.973245010455,37,REFLECT
133,12.6246522696,27.088284919,0.177864211699,-0.228855884646,0.0204727547573,0.973245010455,-5,EXIT
134,28.7468402987,-8258.47323492,5638.9193881,-0.000472389998554,0.826210377471,-0.563361508276,-5,CREATE
134,24.0174392273,13.2519421545,-1.2561638699,-0.000472389998554,0.826210377471,-0.563361508276,73,ABSORB
135,5.9668689619,-8251.97477461,5648.46895137,-0.000472389998554,0.826210377471,-0.563361508276,-5,CREATE
135,1.23101608523,31.0346135127,0.599124030302,-0.068448680793,-0.0517909266057,0.996309428852,10,REFLECT
135,1.23101608523,31.0346135127,0.599124030302,-0.068448680793,-0.0517909266057,0.996309428852,-5,EXIT
136,-8.27693971116,-8253.05785133,5646.89248479,-0.000472389998554,0.826210377471,-0.563361508276,-5,CREATE
136,-13.0114460556,27.596451063,0.628501054548,-0.000472389998554,0.826210377471,-0.563361508276,86,ABSORB
137,4.68148461026,-8235.56816805,5672.53150376,-0.000472389998554,0.826210377471,-0.563361508276,-5,CREATE
137,-0.027243506791,1.83081979756e-16,57.0100443673,-0.000472389998554,0.826210377471,-0.563361508276,127,ABSORB
138,-20.0330013124,-8257.95175353,5639.72508113,-0.000472389998554,0.826210377471,-0.563361508276,-5,CREATE
138,-24.7625618417,14.0523154965,-0.640636688441,-0.000472389998554,0.826210377471,-0.563361508276,120,ABSORB
139,34.0897422884,-8256.86867682,5641.26810841,-0.000472389998554,0.826210377471,-0.563361508276,-5,CREATE
139,29.3601841755,15.1311657228,0.905272483203,-0.41233719305,0.205692433126,0.887506992751,56,REFLECT
139,29.3601841755,15.1311657228,0.905272483203,-0.41233719305,0.205692433126,0.887506992751,-5,EXIT
140,7.52953599118,-8235.92919362,5671.99964551,-0.000472389998554,0.826210377471,-0.563361508276,-5,CREATE
140,2.82060145592,2.30722447934e-16,56.2320164786,-0.000472389998554,0.826210377471,-0.563361508276,127,ABSORB
141,1.83654102673,-8232.67996347,5676.7696501,-0.000472389998554,0.826210377471,-0.563361508276,-5,CREATE
141,-2.87053574461,-1.97017982617e-16,63.217547831,-0.000472389998554,0.826210377471,-0.563361508276,127,ABSORB
142,5.60922847914,-8253.25842109,5646.5866909,-0.000472389998554,0.826210377471,-0.563361508276,-5,CREATE
142,0.873914914628,28.8077097657,-0.639965096266,-0.000472389998554,0.826210377471,-0.563361508276,20,ABSORB
143,29.8158153376,-8257.83141168,5639.85977192,-0.000472389998554,0.826210377471,-0.563361508276,-5,CREATE
143,25.0862097726,14.2514246858,-0.55965434911,-0.000472389998554,0.826210377471,-0.563361508276,69,ABSORB
144,8.95615151281,-8234.0037239,5674.8222898,-0.000472389998554,0.826210377471,-0.563361508276,-5,CREATE
144,4.24831787468,-2.2506896473e-17,60.3675655134,-0.000472389998554,0.826210377471,-0.563361508276,127,ABSORB
145,-10.0600117927,-8255.30423267,5643.59949931,-0.000472389998554,0.826210377471,-0.563361508276,-5,CREATE
145,-14.7934135838,23.4182053581,-1.34721941603,0.135303253007,0.0562158339292,0.989208173107,99,REFLECT
145,-14.7934135838,23.4182053581,-1.34721941603,0.135303253007,0.0562158339292,0.989208173107,-5,EXIT
146,2.54748094191,-8233.64269833,5675.3571337,-0.000472389998554,0.826210377471,-0.563361508276,-5,CREATE
146,-2.160146278,-7.03301830525e-17,61.1485790532,-0.000472389998554,0.826210377471,-0.563361508276,127,ABSORB
147,29.1060593452,-8255.90594196,5642.6842076,-0.000472389998554,0.826210377471,-0.563361508276,-5,CREATE
147,24.3753152856,18.1681222273,0.907038630311,-0.37057916898,0.161979963331,0.914567422882,52,REFLECT
147,24.3753152856,18.1681222273,0.907038630311,-0.37057916898,0.161979963331,0.914567422882,-5,EXIT
148,31.9510029287,-8258.79414654,5638.44606126,-0.000472389998554,0.826210377471,-0.563361508276,-5,CREATE
148,27.2222002081,11.8845146683,-1.01591125186,-0.387715060335,0.250965938495,0.886957231046,76,REFLECT
148,27.2222002081,11.8845146683,-1.01591125186,-0.387715060335,0.250965938495,0.886957231046,-5,EXIT
149,20.5623491735,-8254.46183967,5644.80925208,-0.000472389998554,0.826210377471,-0.563361508276,-5,CREATE
149,15.8286464191,24.7869834585,-0.496388676065,-0.254823599278,0.0552737205774,0.965406520107,45,REFLECT
149,15.8286464191,24.7869834585,-0.496388676065,-0.254823599278,0.0552737205774,0.965406520107,-5,EXIT
150,5.39434840002,-8234.96645876,5673.41335617,-0.000472389998554,0.826210377471,-0.563361508276,-5,CREATE
150,0.685964313319,1.03961521009e-16,58.3021795169,-0.000472389998554,0.826210377471,-0.563361508276,127,ABSORB
151,2.05023718304,-8251.93466066,5648.53106556,-0.000472389998554,0.826210377471,-0.563361508276,-5,CREATE
151,-2.6857003794,31.2228429271,0.560243902568,-0.0212596936369,-0.0478410754115,0.998628688217,7,REFLECT
151,-2.6857003794,31.2228429271,0.560243902568,-0.0212596936369,-0.0478410754115,0.998628688217,-5,EXIT
152,21.9885700542,-8252.85728157,5647.16125661,-0.000472389998554,0.826210377471,-0.563361508276,-5,CREATE
152,17.2542532461,27.4655217942,1.12330948097,-0.281603567963,0.0141568199973,0.959426398927,30,REFLECT
152,17.2542532461,27.4655217942,1.12330948097,-0.281603567963,0.0141568199973,0.959426398927,-5,EXIT
153,6.8205692807,-8233.36190066,5675.76536071,-0.000472389998554,0.826210377471,-0.563361508276,-5,CREATE
153,2.11310260828,-1.0705074477e-16,61.7482713358,-0.000472389998554,0.826210377471,-0.563361508276,127,ABSORB
154,-23.5940151433,-8258.27266515,5639.25742702,-0.000472389998554,0.826210377471,-0.563361508276,-5,CREATE
154,-28.3230593693,12.8283890344,-0.492559236981,0.299366143497,0.226594460242,0.926841336322,117,REFLECT
154,-28.3230593693,12.8283890344,-0.492559236981,0.299366143497,0.226594460242,0.926841336322,-5,EXIT
155,16.2889155239,-8255.023435,5643.98921528,-0.000472389998554,0.826210377471,-0.563361508276,-5,CREATE
155,11.5551364175,24.3589276725,-1.40748102341,-0.21454584301,0.0550300707968,0.975162433934,47,REFLECT
155,11.5551364175,24.3589276725,-1.40748102341,-0.21454584301,0.0550300707968,0.975162433934,-5,EXIT
156,27.6802331055,-8257.18958844,5640.80284283,-0.000472389998554,0.826210377471,-0.563361508276,-5,CREATE
156,22.9499958005,15.9981615231,-0.369982101297,-0.348996482378,0.190046278434,0.917651277633,67,REFLECT
156,22.9499958005,15.9981615231,-0.369982101297,-0.348996482378,0.190046278434,0.917651277633,-5,EXIT
157,0.945991588302,-8233.00087509,5676.29975676,-0.000472389998554,0.826210377471,-0.563361508276,-5,CREATE
157,-3.7612686659,-1.54846608589e-16,62.5288370279,-0.000472389998554,0.826210377471,-0.563361508276,127,ABSORB
158,-6.67663428037,-8254.66240943,5644.53794246,-0.000472389998554,0.826210377471,-0.563361508276,-5,CREATE
158,-11.4104763118,24.8300092796,-0.933796880162,0.105081710508,0.0498081373116,0.99321547691,101,REFLECT
158,-11.4104763118,24.8300092796,-0.933796880162,0.105081710508,0.0498081373116,0.99321547691,-5,EXIT
159,3.79093517183,-8235.88907967,5672.06161041,-0.000472389998554,0.826210377471,-0.563361508276,-5,CREATE
159,-0.917976428079,2.25253353784e-16,56.3213335643,-0.000472389998554,0.826210377471,-0.563361508276,127,ABSORB
160,1.87062765979,-8253.21830714,5646.64865581,-0.000472389998554,0.826210377471,-0.563361508276,-5,CREATE
160,-2.86476574346,28.9874617034,-0.673214036807,-0.0293020362352,-0.0119723335533,0.999498901401,17,REFLECT
160,-2.86476574346,28.9874617034,-0.673214036807,-0.0293020362352,-0.0119723335533,0.999498901401,-5,EXIT
161,-9.52276178672,-8252.73693971,5647.36416953,-0.000472389998554,0.826210377471,-0.563361508276,-5,CREATE
161,-14.2573592774,28.0767775719,0.991486826415,0.131562126806,-0.0113899971781,0.99124249039,80,REFLECT
161,-14.2573592774,28.0767775719,0.991486826415,0.131562126806,-0.0113899971781,0.99124249039,-5,EXIT
162,-10.949673289,-8254.90309315,5644.18854542,-0.000472389998554,0.826210377471,-0.563361508276,-5,CREATE
162,-15.6832275428,24.086002153,-0.939996780306,0.147726954469,0.0554490008508,0.987472609862,98,REFLECT
162,-15.6832275428,24.086002153,-0.939996780306,0.147726954469,0.0554490008508,0.987472609862,-5,EXIT
163,8.06560207437,-8234.32463552,5674.35239645,-0.000472389998554,0.826210377471,-0.563361508276,-5,CREATE
163,3.35758495339,1.96644775546e-17,59.6788547103,-0.000472389998554,0.826210377471,-0.563361508276,127,ABSORB
164,3.29724318141,-8251.29283742,5649.4713001,-0.000472389998554,0.826210377471,-0.563361508276,-5,CREATE
164,-1.43894422268,32.3016393569,1.20252300274,-0.000472389998554,0.826210377471,-0.563361508276,3,ABSORB
165,-25.1939259332,-8256.34719543,5642.08260911,-0.000472389998554,0.826210377471,-0.563361508276,-5,CREATE
165,-29.9238527049,16.2974318207,1.28011894785,0.316877109636,0.183577356107,0.930531166438,102,REFLECT
165,-29.9238527049,16.2974318207,1.28011894785,0.316877109636,0.183577356107,0.930531166438,-5,EXIT
166,19.6738716,-8253.09796528,5646.81021746,-0.000472389998554,0.826210377471,-0.563361508276,-5,CREATE
166,14.9394823382,27.3515596111,0.685863730995,-0.250309150887,0.0162729613733,0.968029193625,34,REFLECT
166,14.9394823382,27.3515596111,0.685863730995,-0.250309150887,0.0162729613733,0.968029193625,-5,EXIT
167,-8.81182187154,-8253.69967457,5645.95165312,-0.000472389998554,0.826210377471,-0.563361508276,-5,CREATE
167,-13.5460018085,26.3837409776,0.0769354649688,0.120455404813,0.0202011406223,0.992513178436,90,REFLECT
167,-13.5460018085,26.3837409776,0.0769354649688,0.120455404813,0.0202011406223,0.992513178436,-5,EXIT
168,1.65574758066,-8234.92634481,5673.47532108,-0.000472389998554,0.826210377471,-0.563361508276,-5,CREATE
168,-3.05261357068,9.84924268588e-17,58.3914966025,-0.000472389998554,0.826210377471,-0.563361508276,127,ABSORB
169,-18.785995314,-8257.30993029,5640.66531567,-0.000472389998554,0.826210377471,-0.563361508276,-5,CREATE
169,-23.5160171383,15.5009439236,-0.250531995045,0.249765198969,0.182811779483,0.950892842894,116,REFLECT
169,-23.5160171383,15.5009439236,-0.250531995045,0.249765198969,0.182811779483,0.950892842894,-5,EXIT
170,32.4882529347,-8256.22685358,5642.21073147,-0.000472389998554,0.826210377471,-0.563361508276,-5,CREATE
170,27.7581388116,16.745451323,1.1848103565,-0.397475652608,0.190517658627,0.897616915691,54,REFLECT
170,27.7581388116,16.745451323,1.1848103565,-0.397475652608,0.190517658627,0.897616915691,-5,EXIT
171,-13.0836769574,-8252.97762343,5647.01417536,-0.000472389998554,0.826210377471,-0.563361508276,-5,CREATE
171,-17.8180132885,27.3793256565,0.952945563993,-0.000472389998554,0.826210377471,-0.563361508276,77,ABSORB
172,3.08183691437,-8233.42875725,5675.67044569,-0.000472389998554,0.826210377471,-0.563361508276,-5,CREATE
172,-1.62566798364,-9.84474793775e-17,61.6077693494,-0.000472389998554,0.826210377471,-0.563361508276,127,ABSORB
173,6.85452436677,-8254.00721487,5645.48748649,-0.000472389998554,0.826210377471,-0.563361508276,-5,CREATE
173,2.11954898353,27.4674367479,-1.33586225977,-0.0793735132624,0.00365163782346,0.996838257158,26,REFLECT
173,2.11954898353,27.4674367479,-1.33586225977,-0.0793735132624,0.00365163782346,0.996838257158,-5,EXIT
174,-21.6326490083,-8255.81234273,5642.86402306,-0.000472389998554,0.826210377471,-0.563361508276,-5,CREATE
174,-26.3632090681,17.9399057489,1.30628800369,0.285159016037,0.14802422062,0.946981079897,105,REFLECT
174,-26.3632090681,17.9399057489,1.30628800369,0.285159016037,0.14802422062,0.946981079897,-5,EXIT
175,-21.9922626957,-8258.70054731,5638.6285638,-0.000472389998554,0.826210377471,-0.563361508276,-5,CREATE
175,-26.7212286652,12.2636362154,-1.02809554838,0.277654197632,0.229630551118,0.932833295145,123,REFLECT
175,-26.7212286652,12.2636362154,-1.02809554838,0.277654197632,0.229630551118,0.932833295145,-5,EXIT
176,29.281985553,-8257.6174706,5640.17397961,-0.000472389998554,0.826210377471,-0.563361508276,-5,CREATE
176,24.5521910224,14.7958668297,-0.470802798238,-0.358923654195,0.204199523971,0.910755930461,68,REFLECT
176,24.5521910224,14.7958668297,-0.470802798238,-0.358923654195,0.204199523971,0.910755930461,-5,EXIT
177,6.50201421623,-8251.1190103,5649.72354288,-0.000472389998554,0.826210377471,-0.563361508276,-5,CREATE
177,1.7658122662,32.5009073471,1.43741862682,-0.0759384852695,-0.0652057195525,0.994978170913,5,REFLECT
177,1.7658122662,32.5009073471,1.43741862682,-0.0759384852695,-0.0652057195525,0.994978170913,-5,EXIT
178,4.14883874854,-8234.39149211,5674.25763072,-0.000472389998554,0.826210377471,-0.563361508276,-5,CREATE
178,-0.559216598038,2.82586020268e-17,59.5385020065,-0.000472389998554,0.826210377471,-0.563361508276,127,ABSORB
179,30.7086010747,-8255.69200088,5642.9966239,-0.000472389998554,0.826210377471,-0.563361508276,-5,CREATE
179,25.9779644834,18.1941011708,1.34761917536,-0.000472389998554,0.826210377471,-0.563361508276,53,ABSORB
180,-20.5656471741,-8256.77507759,5641.45120809,-0.000472389998554,0.826210377471,-0.563361508276,-5,CREATE
180,-25.295794182,16.2547427126,0.386069396708,0.270485361732,0.169337584486,0.947714330149,110,REFLECT
180,-25.295794182,16.2547427126,0.386069396708,0.270485361732,0.169337584486,0.947714330149,-5,EXIT
181,-12.018385234,-8255.33097531,5643.56192144,-0.000472389998554,0.826210377471,-0.563361508276,-5,CREATE
181,-16.7516970373,23.234074135,-1.27747998121,-0.000472389998554,0.826210377471,-0.563361508276,97,ABSORB
182,22.164890903,-8254.24789859,5645.12166837,-0.000472389998554,0.826210377471,-0.563361508276,-5,CREATE
182,17.4312237308,24.9386910326,-0.141537713791,-0.277789826426,0.0490364496623,0.959389513669,41,REFLECT
182,17.4312237308,24.9386910326,-0.141537713791,-0.277789826426,0.0490364496623,0.959389513669,-5,EXIT
183,6.99689012946,-8234.75251768,5673.72577247,-0.000472389998554,0.826210377471,-0.563361508276,-5,CREATE
183,2.28862836467,7.58990702045e-17,58.7604741178,-0.000472389998554,0.826210377471,-0.563361508276,127,ABSORB
184,4.36371882767,-8252.68345444,5647.43096545,-0.000472389998554,0.826210377471,-0.563361508276,-5,CREATE
184,-0.371853246484,29.8348099221,-0.103983233007,-0.0587439444017,-0.0304447745683,0.99780873152,14,REFLECT
184,-0.371853246484,29.8348099221,-0.103983233007,-0.0587439444017,-0.0304447745683,0.99780873152,-5,EXIT
185,27.1450220776,-8258.09883803,5639.46981136,-0.000472389998554,0.826210377471,-0.563361508276,-5,CREATE
185,22.4152040593,14.3555794396,-1.20298196546,-0.000472389998554,0.826210377471,-0.563361508276,72,ABSORB
186,0.58703563575,-8235.35422697,5672.8486971,-0.000472389998554,0.826210377471,-0.563361508276,-5,CREATE
186,-4.1215701594,1.54727019509e-16,57.47311601,-0.000472389998554,0.826210377471,-0.563361508276,127,ABSORB
187,6.2871341371,-8232.82704797,5676.55020815,-0.000472389998554,0.826210377471,-0.563361508276,-5,CREATE
187,1.57997326945,-1.77439965243e-16,62.8978145432,-0.000472389998554,0.826210377471,-0.563361508276,127,ABSORB
188,-24.1274502869,-8257.73781245,5640.04227446,-0.000472389998554,0.826210377471,-0.563361508276,-5,CREATE
188,-28.8567244449,13.7653928615,0.0180766125868,0.305274633785,0.210842477215,0.928629553573,112,REFLECT
188,-28.8567244449,13.7653928615,0.0180766125868,0.305274633785,0.210842477215,0.928629553573,-5,EXIT
189,18.6039757323,-8254.4885823,5644.7716742,-0.000472389998554,0.826210377471,-0.563361508276,-5,CREATE
189,13.8701314037,25.007853989,-0.702804570452,-0.231686593479,0.0520337470924,0.971397864711,43,REFLECT
189,13.8701314037,25.007853989,-0.702804570452,-0.231686593479,0.0520337470924,0.971397864711,-5,EXIT
190,29.9952933138,-8256.65473574,5641.58530175,-0.000472389998554,0.826210377471,-0.563361508276,-5,CREATE
190,25.2650746564,16.50039983,0.434715339727,-0.376541239226,0.182941471468,0.908156987078,58,REFLECT
190,25.2650746564,16.50039983,0.434715339727,-0.376541239226,0.182941471468,0.908156987078,-5,EXIT
191,9.13207772063,-8235.71525254,5672.3120618,-0.000472389998554,0.826210377471,-0.563361508276,-5,CREATE
191,4.42326550727,2.02659997129e-16,56.6903110796,-0.000472389998554,0.826210377471,-0.563361508276,127,ABSORB
192,-9.88053381645,-8254.12755673,5645.32502914,-0.000472389998554,0.826210377471,-0.563361508276,-5,CREATE
192,-14.6144739212,25.5363921588,-0.263670118105,0.140008119007,0.0300981981067,0.989692793286,89,REFLECT
192,-14.6144739212,25.5363921588,-0.263670118105,0.140008119007,0.0300981981067,0.989692793286,-5,EXIT
193,-22.7012294062,-8256.13325435,5642.394279,-0.000472389998554,0.826210377471,-0.563361508276,-5,CREATE
193,-27.4315152249,17.1393462021,1.1635976633,0.294353084794,0.163315206371,0.941639211609,104,REFLECT
193,-27.4315152249,17.1393462021,1.1635976633,0.294353084794,0.163315206371,0.941639211609,-5,EXIT
194,17.181701261,-8252.8840242,5647.12606726,-0.000472389998554,0.826210377471,-0.563361508276,-5,CREATE
194,12.4470207938,28.0748191381,0.65442860113,-0.000472389998554,0.826210377471,-0.563361508276,32,ABSORB
195,2.93789258792,-8253.96710092,5645.54960068,-0.000472389998554,0.826210377471,-0.563361508276,-5,CREATE
195,-1.79716022406,27.6429736096,-1.36608781732,-0.0430065989303,0.000619765057493,0.999074595984,23,REFLECT
195,-1.79716022406,27.6429736096,-1.36608781732,-0.0430065989303,0.000619765057493,0.999074595984,-5,EXIT
196,-8.45431293576,-8252.52299863,5647.67703367,-0.000472389998554,0.826210377471,-0.563361508276,-5,CREATE
196,-13.1890556263,28.5446733131,1.13118892205,0.120010791641,-0.0150948858462,0.992657823377,81,REFLECT
196,-13.1890556263,28.5446733131,1.13118892205,0.120010791641,-0.0150948858462,0.992657823377,-5,EXIT
197,31.4179624261,-8257.93838222,5639.70154846,-0.000472389998554,0.826210377471,-0.563361508276,-5,CREATE
197,26.6886276079,13.6709179599,-0.394991453292,-0.000472389998554,0.826210377471,-0.563361508276,70,ABSORB
198,20.0293086708,-8253.60607535,5646.06473928,-0.000472389998554,0.826210377471,-0.563361508276,-5,CREATE
198,15.2951836906,26.3812209036,0.255561722071,-0.257258519033,0.0337072821375,0.965754561737,39,REFLECT
198,15.2951836906,26.3812209036,0.255561722071,-0.257258519033,0.0337072821375,0.965754561737,-5,EXIT
199,4.86130789736,-8234.11069444,5674.66884338,-0.000472389998554,0.826210377471,-0.563361508276,-5,CREATE
199,0.153413098277,-8.64477809228e-18,60.1411799402,-0.000472389998554,0.826210377471,-0.563361508276,127,ABSORB
200,-11.3921197482,-8252.76368235,5647.32651702,-0.000472389998554,0.826210377471,-0.563361508276,-5,CREATE
200,-16.1266240521,27.8870513089,1.06496666541,0.163745052597,-0.00750548958864,0.98647413822,78,REFLECT
200,-16.1266240521,27.8870513089,1.06496666541,0.163745052597,-0.00750548958864,0.98647413822,-5,EXIT
201,7.62315561522,-8232.18522473,5677.49036805,-0.000472389998554,0.826210377471,-0.563361508276,-5,CREATE
201,2.91636171328,-2.61805565598e-16,64.2756093558,-0.000472389998554,0.826210377471,-0.563361508276,127,ABSORB
202,-22.7914288088,-8257.09598921,5640.98243436,-0.000472389998554,0.826210377471,-0.563361508276,-5,CREATE
202,-27.5211891145,15.2574888143,0.378467808164,-0.000472389998554,0.826210377471,-0.563361508276,108,ABSORB
203,17.0915018584,-8253.84675906,5645.71422262,-0.000472389998554,0.826210377471,-0.563361508276,-5,CREATE
203,12.3572532385,26.3567831109,-0.242404824054,-0.221186180023,0.0305709624882,0.974752322397,37,REFLECT
203,12.3572532385,26.3567831109,-0.242404824054,-0.221186180023,0.0305709624882,0.974752322397,-5,EXIT
204,5.69929633473,-8252.40265677,5647.84165562,-0.000472389998554,0.826210377471,-0.563361508276,-5,CREATE
204,0.963626462837,30.2866558929,0.190075588175,-0.0662269595762,-0.0308055201479,0.99732893759,15,REFLECT
204,0.963626462837,30.2866558929,0.190075588175,-0.0662269595762,-0.0308055201479,0.99732893759,-5,EXIT
205,-7.12026466234,-8253.48573349,5646.26399478,-0.000472389998554,0.826210377471,-0.563361508276,-5,CREATE
205,-11.854611332,26.8892977735,0.19043542738,0.107541603269,0.0155671191631,0.994078703306,91,REFLECT
205,-11.854611332,26.8892977735,0.19043542738,0.107541603269,0.0155671191631,0.994078703306,-5,EXIT
206,3.34730478986,-8234.71240373,5673.78766273,-0.000472389998554,0.826210377471,-0.563361508276,-5,CREATE
206,-1.36093403958,7.04345465144e-17,58.8497165621,-0.000472389998554,0.826210377471,-0.563361508276,127,ABSORB
207,9.04621936839,-8233.14795959,5676.07725451,-0.000472389998554,0.826210377471,-0.563361508276,-5,CREATE
207,4.33887501788,-1.35081202354e-16,62.2060434478,-0.000472389998554,0.826210377471,-0.563361508276,127,ABSORB
208,-21.3683650556,-8258.05872407,5639.56932083,-0.000472389998554,0.826210377471,-0.563361508276,-5,CREATE
208,-26.0977413109,13.6230494787,-0.576635930939,0.279558302037,0.212447028415,0.936329758087,118,REFLECT
208,-26.0977413109,13.6230494787,-0.576635930939,0.279558302037,0.212447028415,0.936329758087,-5,EXIT
209,-10.681179833,-8253.72641721,5645.91400061,-0.000472389998554,0.826210377471,-0.563361508276,-5,CREATE
209,-15.4152675117,26.1956386048,0.149308034864,0.144668883482,0.024312857153,0.989181378277,89,REFLECT
209,-15.4152675117,26.1956386048,0.149308034864,0.144668883482,0.024312857153,0.989181378277,-5,EXIT
210,8.33054376195,-8236.03616416,5671.84209382,-0.000472389998554,0.826210377471,-0.563361508276,-5,CREATE
210,3.62154806573,2.44835941617e-16,56.0015256352,-0.000472389998554,0.826210377471,-0.563361508276,127,ABSORB
211,2.6375487975,-8232.78693401,5676.61209841,-0.000472389998554,0.826210377471,-0.563361508276,-5,CREATE
211,-2.0695891348,-1.82904488934e-16,62.9870569875,-0.000472389998554,0.826210377471,-0.563361508276,127,ABSORB
212,6.41023624991,-8253.36539163,5646.42913921,-0.000472389998554,0.826210377471,-0.563361508276,-5,CREATE
212,1.67498643259,28.5892453411,-0.721493337594,-0.0719764008817,-0.00881545633295,0.997367377372,20,REFLECT
212,1.67498643259,28.5892453411,-0.721493337594,-0.0719764008817,-0.00881545633295,0.997367377372,-5,EXIT
213,-0.214498322933,-8235.67513859,5672.37872911,-0.000472389998554,0.826210377471,-0.563361508276,-5,CREATE
213,-4.92328760094,1.96902963996e-16,56.7843305656,-0.000472389998554,0.826210377471,-0.563361508276,127,ABSORB
214,30.6164284674,-8258.25929384,5639.23158047,-0.000472389998554,0.826210377471,-0.563361508276,-5,CREATE
214,25.887162219,13.2300777557,-0.783184688783,-0.373856470401,0.228325178875,0.898943241941,70,REFLECT
214,25.887162219,13.2300777557,-0.783184688783,-0.373856470401,0.228325178875,0.898943241941,-5,EXIT
215,7.83645713059,-8251.76083353,5648.78114375,-0.000472389998554,0.826210377471,-0.563361508276,-5,CREATE
215,3.10055023505,31.3430336316,0.846894730384,-0.0899276329175,-0.0466090067073,0.994857085883,11,REFLECT
215,3.10055023505,31.3430336316,0.846894730384,-0.0899276329175,-0.0466090067073,0.994857085883,-5,EXIT
216,1.21172255775,-8234.07058049,5674.73073364,-0.000472389998554,0.826210377471,-0.563361508276,-5,CREATE
216,-3.49614930597,-1.41093017826e-17,60.2304223845,-0.000472389998554,0.826210377471,-0.563361508276,127,ABSORB
217,21.7190242223,-8254.88972183,5644.18076206,-0.000472389998554,0.826210377471,-0.563361508276,-5,CREATE
217,16.9856076206,23.8586201181,-0.783619562684,-0.269855998495,0.0700227552431,0.960351265852,46,REFLECT
217,16.9856076206,23.8586201181,-0.783619562684,-0.269855998495,0.0700227552431,0.960351265852,-5,EXIT
218,6.55102344884,-8235.39434092,5672.78486616,-0.000472389998554,0.826210377471,-0.563361508276,-5,CREATE
218,1.84239471833,1.6031037516e-16,57.3819328925,-0.000472389998554,0.826210377471,-0.563361508276,127,ABSORB
219,3.70652383637,-8232.14511077,5677.55248223,-0.000472389998554,0.826210377471,-0.563361508276,-5,CREATE
219,-1.00024713022,-2.67283800669e-16,64.365075724,-0.000472389998554,0.826210377471,-0.563361508276,127,ABSORB
220,1.78266455588,-8252.36254282,5647.90376981,-0.000472389998554,0.826210377471,-0.563361508276,-5,CREATE
220,-2.95308679203,30.4692714495,0.155023337109,-0.021859159247,-0.0374214055652,0.99906046642,12,REFLECT
220,-2.95308679203,30.4692714495,0.155023337109,-0.021859159247,-0.0374214055652,0.99906046642,-5,EXIT
221,7.97882289328,-8232.50613635,5677.01942973,-0.000472389998554,0.826210377471,-0.563361508276,-5,CREATE
221,3.27184550848,-2.1957020513e-16,63.5858535748,-0.000472389998554,0.826210377471,-0.563361508276,127,ABSORB
222,-22.4357615307,-8257.41690083,5640.51149604,-0.000472389998554,0.826210377471,-0.563361508276,-5,CREATE
222,-27.1653744398,14.6787803741,0.0833113551331,0.285981813146,0.19771151657,0.937616424112,113,REFLECT
222,-27.1653744398,14.6787803741,0.0833113551331,0.285981813146,0.19771151657,0.937616424112,-5,EXIT
223,28.838486718,-8256.33382412,5642.05691185,-0.000472389998554,0.826210377471,-0.563361508276,-5,CREATE
223,24.1079403078,17.3945512403,0.515454971479,-0.365644793008,0.173652481685,0.914411669299,57,REFLECT
223,24.1079403078,17.3945512403,0.515454971479,-0.365644793008,0.173652481685,0.914411669299,-5,EXIT
224,-8.19002898309,-8254.76937997,5644.38233144,-0.000472389998554,0.826210377471,-0.563361508276,-5,CREATE
224,-12.9237594931,24.5279877156,-0.956410005217,-0.000472389998554,0.826210377471,-0.563361508276,100,ABSORB
225,4.41391198309,-8235.99605021,5671.904208,-0.000472389998554,0.826210377471,-0.563361508276,-5,CREATE
225,-0.295060777766,2.39357706547e-16,56.0909920034,-0.000472389998554,0.826210377471,-0.563361508276,127,ABSORB
226,19.5859084961,-8252.24220096,5648.06533146,-0.000472389998554,0.826210377471,-0.563361508276,-5,CREATE
226,14.8511268025,28.8936872868,1.4729725973,-0.000472389998554,0.826210377471,-0.563361508276,28,ABSORB
227,-20.3005739396,-8258.37963569,5639.09778537,-0.000472389998554,0.826210377471,-0.563361508276,-5,CREATE
227,-25.0298790059,13.1776284289,-0.963273128419,0.267763449786,0.216922467341,0.9387477713,124,REFLECT
227,-25.0298790059,13.1776284289,-0.963273128419,0.267763449786,0.216922467341,0.9387477713,-5,EXIT
228,33.8221696612,-8257.29655898,5640.64081266,-0.000472389998554,0.826210377471,-0.563361508276,-5,CREATE
228,29.0928128587,14.3511916886,0.518054819362,-0.405540462681,0.218590567481,0.887555686668,61,REFLECT
228,29.0928128587,14.3511916886,0.518054819362,-0.405540462681,0.218590567481,0.887555686668,-5,EXIT
229,-11.749760231,-8254.04732883,5645.44425655,-0.000472389998554,0.826210377471,-0.563361508276,-5,CREATE
229,-16.4836548977,25.5371490833,-0.0902544654248,0.160431245444,0.0319166265272,0.986530863398,88,REFLECT
229,-16.4836548977,25.5371490833,-0.0902544654248,0.160431245444,0.0319166265272,0.986530863398,-5,EXIT
230,22.433515906,-8252.96425211,5647.00400348,-0.000472389998554,0.826210377471,-0.563361508276,-5,CREATE
230,17.6992743075,27.2270094723,1.05574970529,-0.288183756831,0.0203765689379,0.957358301649,31,REFLECT
230,17.6992743075,27.2270094723,1.05574970529,-0.288183756831,0.0203765689379,0.957358301649,-5,EXIT
231,7.26551513247,-8233.4688712,5675.60810758,-0.000472389998554,0.826210377471,-0.563361508276,-5,CREATE
231,2.5579872991,-9.29555329269e-17,61.5180790574,-0.000472389998554,0.826210377471,-0.563361508276,127,ABSORB
232,-17.4520128141,-8258.32615042,5639.17383681,-0.000472389998554,0.826210377471,-0.563361508276,-5,CREATE
232,-22.1816104413,13.7428027447,-1.23612303541,0.241025573805,0.208182169826,0.947927664402,126,REFLECT
232,-22.1816104413,13.7428027447,-1.23612303541,0.241025573805,0.208182169826,0.947927664402,-5,EXIT
233,3.91969380476,-8251.82769012,5648.68637801,-0.000472389998554,0.826210377471,-0.563361508276,-5,CREATE
233,-0.816256946539,31.3528807872,0.699827624833,-0.0435785990725,-0.0508895597613,0.997753054824,8,REFLECT
233,-0.816256946539,31.3528807872,0.699827624833,-0.0435785990725,-0.0508895597613,0.997753054824,-5,EXIT
234,0.143010612842,-8234.49846265,5674.10410966,-0.000472389998554,0.826210377471,-0.563361508276,-5,CREATE
234,-4.56510589469,4.21252908675e-17,59.312041792,-0.000472389998554,0.826210377471,-0.563361508276,127,ABSORB
235,-13.1721662492,-8252.54974127,5647.64176968,-0.000472389998554,0.826210377471,-0.563361508276,-5,CREATE
235,-17.9066859489,28.1279194581,1.36185878297,0.174379623463,0.000211799639624,0.98467847649,77,REFLECT
235,-17.9066859489,28.1279194581,1.36185878297,0.174379623463,0.000211799639624,0.98467847649,-5,EXIT
236,5.84310911419,-8231.97128365,5677.80562071,-0.000472389998554,0.826210377471,-0.563361508276,-5,CREATE
236,1.13643753415,-2.90041693885e-16,64.7367403252,-0.000472389998554,0.826210377471,-0.563361508276,127,ABSORB
237,-24.5714753098,-8256.88204813,5641.29768703,-0.000472389998554,0.826210377471,-0.563361508276,-5,CREATE
237,-29.3011762105,15.3675303991,0.764565596099,0.312141605631,0.189807751808,0.930881644135,107,REFLECT
237,-29.3011762105,15.3675303991,0.764565596099,0.312141605631,0.189807751808,0.930881644135,-5,EXIT
238,18.1599507094,-8253.63281798,5646.02708677,-0.000472389998554,0.826210377471,-0.563361508276,-5,CREATE
238,13.4256923771,26.5877111191,0.0588765776336,-0.000472389998554,0.826210377471,-0.563361508276,38,ABSORB
239,29.5477165225,-8258.687176,5638.60495649,-0.000472389998554,0.826210377471,-0.563361508276,-5,CREATE
239,24.818541692,12.6423056127,-1.3007857583,-0.361189075775,0.26002927884,0.895503894847,74,REFLECT
239,24.818541692,12.6423056127,-1.3007857583,-0.361189075775,0.26002927884,0.895503894847,-5,EXIT
240,8.68805269772,-8234.85948822,5673.56747437,-0.000472389998554,0.826210377471,-0.563361508276,-5,CREATE
240,3.97972977198,9.00582684881e-17,58.5292368616,-0.000472389998554,0.826210377471,-0.563361508276,127,ABSORB
241,-10.3245588394,-8253.27179241,5646.5804417,-0.000472389998554,0.826210377471,-0.563361508276,-5,CREATE
241,-15.0588752296,27.0502800625,0.542992942411,0.139615007467,0.0142988825601,0.990102616726,84,REFLECT
241,-15.0588752296,27.0502800625,0.542992942411,0.139615007467,0.0142988825601,0.990102616726,-5,EXIT
242,2.8122910825,-8235.46119751,5672.68995114,-0.000472389998554,0.826210377471,-0.563361508276,-5,CREATE
242,-1.89637587359,1.68913640553e-16,57.2414309061,-0.000472389998554,0.826210377471,-0.563361508276,127,ABSORB
243,-19.0536994882,-8257.84478299,5639.88113999,-0.000472389998554,0.826210377471,-0.563361508276,-5,CREATE
243,-23.7834062421,14.4150329942,-0.658961969962,0.256612827181,0.199296884721,0.945743415873,120,REFLECT
243,-23.7834062421,14.4150329942,-0.658961969962,0.256612827181,0.199296884721,0.945743415873,-5,EXIT
244,32.2205487606,-8256.76170628,5641.4265558,-0.000472389998554,0.826210377471,-0.563361508276,-5,CREATE
244,27.4906865222,15.7700520382,0.701026684182,-0.391722693289,0.200738732012,0.897918310891,60,REFLECT
244,27.4906865222,15.7700520382,0.701026684182,-0.391722693289,0.200738732012,0.897918310891,-5,EXIT
245,-13.3513811315,-8253.51247613,5646.22999969,-0.000472389998554,0.826210377471,-0.563361508276,-5,CREATE
245,-18.0854560504,26.3872628287,0.48052412943,0.170418066944,0.0181514649385,0.985204652232,82,REFLECT
245,-18.0854560504,26.3872628287,0.48052412943,0.170418066944,0.0181514649385,0.985204652232,-5,EXIT
246,5.66034246343,-8235.82222308,5672.1580929,-0.000472389998554,0.826210377471,-0.563361508276,-5,CREATE
246,0.951469089114,2.1655410873e-16,56.4634030174,-0.000472389998554,0.826210377471,-0.563361508276,127,ABSORB
247,4.24009052695,-8232.57299293,5676.92451471,-0.000472389998554,0.826210377471,-0.563361508276,-5,CREATE
247,-0.46692508345,-2.10966939738e-16,63.4453515885,-0.000472389998554,0.826210377471,-0.563361508276,127,ABSORB
248,8.01277797935,-8253.15145055,5646.74155551,-0.000472389998554,0.826210377471,-0.563361508276,-5,CREATE
248,3.27746572276,28.9123927453,-0.483540690692,-0.000472389998554,0.826210377471,-0.563361508276,21,ABSORB
249,-23.327626439,-8258.80751785,5638.4728035,-0.000472389998554,0.826210377471,-0.563361508276,-5,CREATE
249,-28.0564070886,11.8325411677,-0.962847644796,0.292671426808,0.230885914768,0.927919786561,122,REFLECT
249,-28.0564070886,11.8325411677,-0.962847644796,0.292671426808,0.230885914768,0.927919786561,-5,EXIT
250,27.9466218098,-8257.72444114,5640.01821931,-0.000472389998554,0.826210377471,-0.563361508276,-5,CREATE
250,23.2167056242,14.9016709523,-0.771646067768,-0.348408679252,0.201547145884,0.915418013919,67,REFLECT
250,23.2167056242,14.9016709523,-0.771646067768,-0.348408679252,0.201547145884,0.915418013919,-5,EXIT
251,4.68148461026,-8235.56816805,5672.53150376,-0.000472389998554,0.826210377471,-0.563361508276,-5,CREATE
251,-0.027243506791,1.83081979756e-16,57.0100443673,-0.000472389998554,0.826210377471,-0.563361508276,127,ABSORB
252,-20.0330013124,-8257.95175353,5639.72508113,-0.000472389998554,0.826210377471,-0.563361508276,-5,CREATE
252,-24.7625618417,14.0523154965,-0.640636688441,0.261391457122,0.198888418132,0.944519932705,120,REFLECT
252,-24.7625618417,14.0523154965,-0.640636688441,0.261391457122,0.198888418132,0.944519932705,-5,EXIT
253,34.0897422884,-8256.86867682,5641.26810841,-0.000472389998554,0.826210377471,-0.563361508276,-5,CREATE
253,29.3601841755,15.1311657228,0.905272483203,-0.000472389998554,0.826210377471,-0.563361508276,56,ABSORB
254,7.52953599118,-8235.92919362,5671.99964551,-0.000472389998554,0.826210377471,-0.563361508276,-5,CREATE
254,2.82060145592,2.30722447934e-16,56.2320164786,-0.000472389998554,0.826210377471,-0.563361508276,127,ABSORB
255,1.83654102673,-8232.67996347,5676.7696501,-0.000472389998554,0.826210377471,-0.563361508276,-5,CREATE
255,-2.87053574461,-1.97017982617e-16,63.217547831,-0.000472389998554,0.826210377471,-0.563361508276,127,ABSORB
256,5.60922847914,-8253.25842109,5646.5866909,-0.000472389998554,0.826210377471,-0.563361508276,-5,CREATE
256,0.873914914628,28.8077097657,-0.639965096266,-0.0687178629287,-0.0114175274794,0.997570797177,20,REFLECT
256,0.873914914628,28.8077097657,-0.639965096266,-0.0687178629287,-0.0114175274794,0.997570797177,-5,EXIT
257,29.8158153376,-8257.83141168,5639.85977192,-0.000472389998554,0.826210377471,-0.563361508276,-5,CREATE
257,25.0862097726,14.2514246858,-0.55965434911,-0.369370776845,0.21436349695,0.90421984074,69,REFLECT
257,25.0862097726,14.2514246858,-0.55965434911,-0.369370776845,0.21436349695,0.90421984074,-5,EXIT
258,8.95615151281,-8234.0037239,5674.8222898,-0.000472389998554,0.826210377471,-0.563361508276,-5,CREATE
258,4.24831787468,-2.2506896473e-17,60.3675655134,-0.000472389998554,0.826210377471,-0.563361508276,127,ABSORB
259,-10.0600117927,-8255.30423267,5643.59949931,-0.000472389998554,0.826210377471,-0.563361508276,-5,CREATE
259,-14.7934135838,23.4182053581,-1.34721941603,0.140075965776,0.0600849509889,0.988316003349,99,REFLECT
259,-14.7934135838,23.4182053581,-1.34721941603,0.140075965776,0.0600849509889,0.988316003349,-5,EXIT
260,2.54748094191,-8233.64269833,5675.3571337,-0.000472389998554,0.826210377471,-0.563361508276,-5,CREATE
260,-2.160146278,-7.03301830525e-17,61.1485790532,-0.000472389998554,0.826210377471,-0.563361508276,127,ABSORB
261,29.1060593452,-8255.90594196,5642.6842076,-0.000472389998554,0.826210377471,-0.563361508276,-5,CREATE
261,24.3753152856,18.1681222273,0.907038630311,-0.370122933604,0.166414658426,0.913955784205,52,REFLECT
261,24.3753152856,18.1681222273,0.907038630311,-0.370122933604,0.166414658426,0.913955784205,-5,EXIT
262,31.9510029287,-8258.79414654,5638.44606126,-0.000472389998554,0.826210377471,-0.563361508276,-5,CREATE
262,27.2222002081,11.8845146683,-1.01591125186,-0.000472389998554,0.826210377471,-0.563361508276,76,ABSORB
263,20.5623491735,-8254.46183967,5644.80925208,-0.000472389998554,0.826210377471,-0.563361508276,-5,CREATE
263,15.8286464191,24.7869834585,-0.496388676065,-0.264075721744,0.0555036806692,0.962903606088,45,REFLECT
263,15.8286464191,24.7869834585,-0.496388676065,-0.264075721744,0.0555036806692,0.962903606088,-5,EXIT
264,5.39434840002,-8234.96645876,5673.41335617,-0.000472389998554,0.826210377471,-0.563361508276,-5,CREATE
264,0.685964313319,1.03961521009e-16,58.3021795169,-0.000472389998554,0.826210377471,-0.563361508276,127,ABSORB
265,2.05023718304,-8251.93466066,5648.53106556,-0.000472389998554,0.826210377471,-0.563361508276,-5,CREATE
265,-2.6857003794,31.2228429271,0.560243902568,-0.000472389998554,0.826210377471,-0.563361508276,7,ABSORB
266,21.9885700542,-8252.85728157,5647.16125661,-0.000472389998554,0.826210377471,-0.563361508276,-5,CREATE
266,17.2542532461,27.4655217942,1.12330948097,-0.276472890779,0.00783710583913,0.960989760838,30,REFLECT
266,17.2542532461,27.4655217942,1.12330948097,-0.276472890779,0.00783710583913,0.960989760838,-5,EXIT
267,6.8205692807,-8233.36190066,5675.76536071,-0.000472389998554,0.826210377471,-0.563361508276,-5,CREATE
267,2.11310260828,-1.0705074477e-16,61.7482713358,-0.000472389998554,0.826210377471,-0.563361508276,127,ABSORB
268,-23.5940151433,-8258.27266515,5639.25742702,-0.000472389998554,0.826210377471,-0.563361508276,-5,CREATE
268,-28.3230593693,12.8283890344,-0.492559236981,0.297055336859,0.224390010399,0.928120277807,117,REFLECT
268,-28.3230593693,12.8283890344,-0.492559236981,0.297055336859,0.224390010399,0.928120277807,-5,EXIT
269,16.2889155239,-8255.023435,5643.98921528,-0.000472389998554,0.826210377471,-0.563361508276,-5,CREATE
269,11.5551364175,24.3589276725,-1.40748102341,-0.218093948352,0.0546751896966,0.974395019139,47,REFLECT
269,11.5551364175,24.3589276725,-1.40748102341,-0.218093948352,0.0546751896966,0.974395019139,-5,EXIT
270,27.6802331055,-8257.18958844,5640.80284283,-0.000472389998554,0.826210377471,-0.563361508276,-5,CREATE
270,22.9499958005,15.9981615231,-0.369982101297,-0.352654256654,0.197965128334,0.914573552661,67,REFLECT
270,22.9499958005,15.9981615231,-0.369982101297,-0.352654256654,0.197965128334,0.914573552661,-5,EXIT
271,0.945991588302,-8233.00087509,5676.29975676,-0.000472389998554,0.826210377471,-0.563361508276,-5,CREATE
271,-3.7612686659,-1.54846608589e-16,62.5288370279,-0.000472389998554,0.826210377471,-0.563361508276,127,ABSORB
272,-6.67663428037,-8254.66240943,5644.53794246,-0.000472389998554,0.826210377471,-0.563361508276,-5,CREATE
272,-11.4104763118,24.8300092796,-0.933796880162,0.0994092267916,0.0684520761171,0.992689336552,101,REFLECT
272,-11.4104763118,24.8300092796,-0.933796880162,0.0994092267916,0.0684520761171,0.992689336552,-5,EXIT
273,3.79093517183,-8235.88907967,5672.06161041,-0.000472389998554,0.826210377471,-0.563361508276,-5,CREATE
273,-0.917976428079,2.25253353784e-16,56.3213335643,-0.000472389998554,0.826210377471,-0.563361508276,127,ABSORB
274,1.87062765979,-8253.21830714,5646.64865581,-0.000472389998554,0.826210377471,-0.563361508276,-5,CREATE
274,-2.86476574346,28.9874617034,-0.673214036807,-0.0224116047862,-0.0159447796375,0.99962167042,17,REFLECT
274,-2.86476574346,28.9874617034,-0.673214036807,-0.0224116047862,-0.0159447796375,0.99962167042,-5,EXIT
275,-9.52276178672,-8252.73693971,5647.36416953,-0.000472389998554,0.826210377471,-0.563361508276,-5,CREATE
275,-14.2573592774,28.0767775719,0.991486826415,0.120081259506,-0.00757956556324,0.992735131493,80,REFLECT
275,-14.2573592774,28.0767775719,0.991486826415,0.120081259506,-0.00757956556324,0.992735131493,-5,EXIT
276,-10.949673289,-8254.90309315,5644.18854542,-0.000472389998554,0.826210377471,-0.563361508276,-5,CREATE
276,-15.6832275428,24.086002153,-0.939996780306,0.150455251185,0.0562686677549,0.987014211863,98,REFLECT
276,-15.6832275428,24.086002153,-0.939996780306,0.150455251185,0.0562686677549,0.987014211863,-5,EXIT
277,8.06560207437,-8234.32463552,5674.35239645,-0.000472389998554,0.826210377471,-0.563361508276,-5,CREATE
277,3.35758495339,1.96644775546e-17,59.6788547103,-0.000472389998554,0.826210377471,-0.563361508276,127,ABSORB
278,3.29724318141,-8251.29283742,5649.4713001,-0.000472389998554,0.826210377471,-0.563361508276,-5,CREATE
278,-1.43894422268,32.3016393569,1.20252300274,-0.0408272351867,-0.0639760606419,0.997115941369,3,REFLECT
278,-1.43894422268,32.3016393569,1.20252300274,-0.0408272351867,-0.0639760606419,0.997115941369,-5,EXIT
279,-25.1939259332,-8256.34719543,5642.08260911,-0.000472389998554,0.826210377471,-0.563361508276,-5,CREATE
279,-29.9238527049,16.2974318207,1.28011894785,-0.000472389998554,0.826210377471,-0.563361508276,102,ABSORB
280,19.6738716,-8253.09796528,5646.81021746,-0.000472389998554,0.826210377471,-0.563361508276,-5,CREATE
280,14.9394823382,27.3515596111,0.685863730995,-0.253180201832,0.0202520187732,0.967207134556,34,REFLECT
280,14.9394823382,27.3515596111,0.685863730995,-0.253180201832,0.0202520187732,0.967207134556,-5,EXIT
281,-8.81182187154,-8253.69967457,5645.95165312,-0.000472389998554,0.826210377471,-0.563361508276,-5,CREATE
281,-13.5460018085,26.3837409776,0.0769354649688,0.130999456958,0.0188776777548,0.991202691461,90,REFLECT
281,-13.5460018085,26.3837409776,0.0769354649688,0.130999456958,0.0188776777548,0.991202691461,-5,EXIT
282,1.65574758066,-8234.92634481,5673.47532108,-0.000472389998554,0.826210377471,-0.563361508276,-5,CREATE
282,-3.05261357068,9.84924268588e-17,58.3914966025,-0.000472389998554,0.826210377471,-0.563361508276,127,ABSORB
283,-18.785995314,-8257.30993029,5640.66531567,-0.000472389998554,0.826210377471,-0.563361508276,-5,CREATE
283,-23.5160171383,15.5009439236,-0.250531995045,0.255662348181,0.177648568411,0.950304030226,116,REFLECT
283,-23.5160171383,15.5009439236,-0.250531995045,0.255662348181,0.177648568411,0.950304030226,-5,EXIT
284,32.4882529347,-8256.22685358,5642.21073147,-0.000472389998554,0.826210377471,-0.563361508276,-5,CREATE
284,27.7581388116,16.745451323,1.1848103565,-0.39381062462,0.185320022605,0.900316433904,54,REFLECT
284,27.7581388116,16.745451323,1.1848103565,-0.39381062462,0.185320022605,0.900316433904,-5,EXIT
285,-13.0836769574,-8252.97762343,5647.01417536,-0.000472389998554,0.826210377471,-0.563361508276,-5,CREATE
285,-17.8180132885,27.3793256565,0.952945563993,0.177322300314,0.00371566580602,0.984145820313,77,REFLECT
285,-17.8180132885,27.3793256565,0.952945563993,0.177322300314,0.00371566580602,0.984145820313,-5,EXIT
286,3.08183691437,-8233.42875725,5675.67044569,-0.000472389998554,0.826210377471,-0.563361508276,-5,CREATE
286,-1.62566798364,-9.84474793775e-17,61.6077693494,-0.000472389998554,0.826210377471,-0.563361508276,127,ABSORB
287,6.85452436677,-8254.00721487,5645.48748649,-0.000472389998554,0.826210377471,-0.563361508276,-5,CREATE
287,2.11954898353,27.4674367479,-1.33586225977,-0.0830823099476,0.00629256270805,0.996522821328,26,REFLECT
287,2.11954898353,27.4674367479,-1.33586225977,-0.0830823099476,0.00629256270805,0.996522821328,-5,EXIT
288,-21.6326490083,-8255.81234273,5642.86402306,-0.000472389998554,0.826210377471,-0.563361508276,-5,CREATE
288,-26.3632090681,17.9399057489,1.30628800369,0.285702368723,0.156078266671,0.945522993469,105,REFLECT
288,-26.3632090681,17.9399057489,1.30628800369,0.285702368723,0.156078266671,0.945522993469,-5,EXIT
289,-21.9922626957,-8258.70054731,5638.6285638,-0.000472389998554,0.826210377471,-0.563361508276,-5,CREATE
289,-26.7212286652,12.2636362154,-1.02809554838,0.27625786187,0.227082017845,0.933871163987,123,REFLECT
289,-26.7212286652,12.2636362154,-1.02809554838,0.27625786187,0.227082017845,0.933871163987,-5,EXIT
290,29.281985553,-8257.6174706,5640.17397961,-0.000472389998554,0.826210377471,-0.563361508276,-5,CREATE
290,24.5521910224,14.7958668297,-0.470802798238,-0.360213243327,0.211744908877,0.908521058037,68,REFLECT
290,24.5521910224,14.7958668297,-0.470802798238,-0.360213243327,0.211744908877,0.908521058037,-5,EXIT
291,6.50201421623,-8251.1190103,5649.72354288,-0.000472389998554,0.826210377471,-0.563361508276,-5,CREATE
291,1.7658122662,32.5009073471,1.43741862682,-0.0758816447303,-0.0664078708691,0.994902995613,5,REFLECT
291,1.7658122662,32.5009073471,1.43741862682,-0.0758816447303,-0.0664078708691,0.994902995613,-5,EXIT
292,4.14883874854,-8234.39149211,5674.25763072,-0.000472389998554,0.826210377471,-0.563361508276,-5,CREATE
292,-0.559216598038,2.82586020268e-17,59.5385020065,-0.000472389998554,0.826210377471,-0.563361508276,127,ABSORB
293,30.7086010747,-8255.69200088,5642.9966239,-0.000472389998554,0.826210377471,-0.563361508276,-5,CREATE
293,25.9779644834,18.1941011708,1.34761917536,-0.381966300444,0.166888257393,0.908982978317,53,REFLECT
293,25.9779644834,18.1941011708,1.34761917536,-0.381966300444,0.166888257393,0.908982978317,-5,EXIT
294,-20.5656471741,-8256.77507759,5641.45120809,-0.000472389998554,0.826210377471,-0.563361508276,-5,CREATE
294,-25.295794182,16.2547427126,0.386069396708,0.271440945419,0.172613137365,0.946849786375,110,REFLECT
294,-25.295794182,16.2547427126,0.386069396708,0.271440945419,0.172613137365,0.946849786375,-5,EXIT
295,-12.018385234,-8255.33097531,5643.56192144,-0.000472389998554,0.826210377471,-0.563361508276,-5,CREATE
295,-16.7516970373,23.234074135,-1.27747998121,-0.000472389998554,0.826210377471,-0.563361508276,97,ABSORB
296,22.164890903,-8254.24789859,5645.12166837,-0.000472389998554,0.826210377471,-0.563361508276,-5,CREATE
296,17.4312237308,24.9386910326,-0.141537713791,-0.278523898207,0.053648106602,0.958929777818,41,REFLECT
296,17.4312237308,24.9386910326,-0.141537713791,-0.278523898207,0.053648106602,0.958929777818,-5,EXIT
297,6.99689012946,-8234.75251768,5673.72577247,-0.000472389998554,0.826210377471,-0.563361508276,-5,CREATE
297,2.28862836467,7.58990702045e-17,58.7604741178,-0.000472389998554,0.826210377471,-0.563361508276,127,ABSORB
298,4.36371882767,-8252.68345444,5647.43096545,-0.000472389998554,0.826210377471,-0.563361508276,-5,CREATE
298,-0.371853246484,29.8348099221,-0.103983233007,-0.000472389998554,0.826210377471,-0.563361508276,14,ABSORB
299,27.1450220776,-8258.09883803,5639.46981136,-0.000472389998554,0.826210377471,-0.563361508276,-5,CREATE
299,22.4152040593,14.3555794396,-1.20298196546,-0.344220798506,0.21685235449,0.913502653651,72,REFLECT
299,22.4152040593,14.3555794396,-1.20298196546,-0.344220798506,0.21685235449,0.913502653651,-5,EXIT
300,0.58703563575,-8235.35422697,5672.8486971,-0.000472389998554,0.826210377471,-0.563361508276,-5,CREATE
300,-4.1215701594,1.54727019509e-16,57.47311601,-0.000472389998554,0.826210377471,-0.563361508276,127,ABSORB
301,6.2871341371,-8232.82704797,5676.55020815,-0.000472389998554,0.826210377471,-0.563361508276,-5,CREATE
301,1.57997326945,-1.77439965243e-16,62.8978145432,-0.000472389998554,0.826210377471,-0.563361508276,127,ABSORB
302,-24.1274502869,-8257.73781245,5640.04227446,-0.000472389998554,0.826210377471,-0.563361508276,-5,CREATE
302,-28.8567244449,13.7653928615,0.0180766125868,-0.000472389998554,0.826210377471,-0.563361508276,112,ABSORB
303,18.6039757323,-8254.4885823,5644.7716742,-0.000472389998554,0.826210377471,-0.563361508276,-5,CREATE
303,13.8701314037,25.007853989,-0.702804570452,-0.235848509101,0.0455519317639,0.97072163995,43,REFLECT
303,13.8701314037,25.007853989,-0.702804570452,-0.235848509101,0.0455519317639,0.97072163995,-5,EXIT
304,29.9952933138,-8256.65473574,5641.58530175,-0.000472389998554,0.826210377471,-0.563361508276,-5,CREATE
304,25.2650746564,16.50039983,0.434715339727,-0.378720708671,0.187811254513,0.906254686885,58,REFLECT
304,25.2650746564,16.50039983,0.434715339727,-0.378720708671,0.187811254513,0.906254686885,-5,EXIT
305,9.13207772063,-8235.71525254,5672.3120618,-0.000472389998554,0.826210377471,-0.563361508276,-5,CREATE
305,4.42326550727,2.02659997129e-16,56.6903110796,-0.000472389998554,0.826210377471,-0.563361508276,127,ABSORB
306,-9.88053381645,-8254.12755673,5645.32502914,-0.000472389998554,0.826210377471,-0.563361508276,-5,CREATE
306,-14.6144739212,25.5363921588,-0.263670118105,0.140633046688,0.0341487332787,0.989472693001,89,REFLECT
306,-14.6144739212,25.5363921588,-0.263670118105,0.140633046688,0.0341487332787,0.989472693001,-5,EXIT
307,-22.7012294062,-8256.13325435,5642.394279,-0.000472389998554,0.826210377471,-0.563361508276,-5,CREATE
307,-27.4315152249,17.1393462021,1.1635976633,0.289635466611,0.167013456605,0.942453076707,104,REFLECT
307,-27.4315152249,17.1393462021,1.1635976633,0.289635466611,0.167013456605,0.942453076707,-5,EXIT
308,17.181701261,-8252.8840242,5647.12606726,-0.000472389998554,0.826210377471,-0.563361508276,-5,CREATE
308,12.4470207938,28.0748191381,0.65442860113,-0.223782336006,0.00542300205612,0.974624059389,32,REFLECT
308,12.4470207938,28.0748191381,0.65442860113,-0.223782336006,0.00542300205612,0.974624059389,-5,EXIT
309,2.93789258792,-8253.96710092,5645.54960068,-0.000472389998554,0.826210377471,-0.563361508276,-5,CREATE
309,-1.79716022406,27.6429736096,-1.36608781732,-0.0362560124055,0.00271433764515,0.999338848407,23,REFLECT
309,-1.79716022406,27.6429736096,-1.36608781732,-0.0362560124055,0.00271433764515,0.999338848407,-5,EXIT
310,-8.45431293576,-8252.52299863,5647.67703367,-0.000472389998554,0.826210377471,-0.563361508276,-5,CREATE
310,-13.1890556263,28.5446733131,1.13118892205,0.120930648923,-0.00829103758904,0.99262633294,81,REFLECT
310,-13.1890556263,28.5446733131,1.13118892205,0.120930648923,-0.00829103758904,0.99262633294,-5,EXIT
311,31.4179624261,-8257.93838222,5639.70154846,-0.000472389998554,0.826210377471,-0.563361508276,-5,CREATE
311,26.6886276079,13.6709179599,-0.394991453292,-0.388687456584,0.222995746089,0.893977045746,70,REFLECT
311,26.6886276079,13.6709179599,-0.394991453292,-0.388687456584,0.222995746089,0.893977045746,-5,EXIT
312,20.0293086708,-8253.60607535,5646.06473928,-0.000472389998554,0.826210377471,-0.563361508276,-5,CREATE
312,15.2951836906,26.3812209036,0.255561722071,-0.250406512446,0.0330554165698,0.967576311182,39,REFLECT
312,15.2951836906,26.3812209036,0.255561722071,-0.250406512446,0.0330554165698,0.967576311182,-5,EXIT
313,4.86130789736,-8234.11069444,5674.66884338,-0.000472389998554,0.826210377471,-0.563361508276,-5,CREATE
313,0.153413098277,-8.64477809228e-18,60.1411799402,-0.000472389998554,0.826210377471,-0.563361508276,127,ABSORB
314,-11.3921197482,-8252.76368235,5647.32651702,-0.000472389998554,0.826210377471,-0.563361508276,-5,CREATE
314,-16.1266240521,27.8870513089,1.06496666541,0.154006745502,-0.00107179562995,0.988069214981,78,REFLECT
314,-16.1266240521,27.8870513089,1.06496666541,0.154006745502,-0.00107179562995,0.988069214981,-5,EXIT
315,7.62315561522,-8232.18522473,5677.49036805,-0.000472389998554,0.826210377471,-0.563361508276,-5,CREATE
315,2.91636171328,-2.61805565598e-16,64.2756093558,-0.000472389998554,0.826210377471,-0.563361508276,127,ABSORB
316,-22.7914288088,-8257.09598921,5640.98243436,-0.000472389998554,0.826210377471,-0.563361508276,-5,CREATE
316,-27.5211891145,15.2574888143,0.378467808164,0.294614410223,0.185677307355,0.937404014725,108,REFLECT
316,-27.5211891145,15.2574888143,0.378467808164,0.294614410223,0.185677307355,0.937404014725,-5,EXIT
317,17.0915018584,-8253.84675906,5645.71422262,-0.000472389998554,0.826210377471,-0.563361508276,-5,CREATE
317,12.3572532385,26.3567831109,-0.242404824054,-0.218703379104,0.0243314525722,0.975487986796,37,REFLECT
317,12.3572532385,26.3567831109,-0.242404824054,-0.218703379104,0.0243314525722,0.975487986796,-5,EXIT
318,5.69929633473,-8252.40265677,5647.84165562,-0.000472389998554,0.826210377471,-0.563361508276,-5,CREATE
318,0.963626462837,30.2866558929,0.190075588175,-0.0640030094091,-0.0358871828847,0.997304228855,15,REFLECT
318,0.963626462837,30.2866558929,0.190075588175,-0.0640030094091,-0.0358871828847,0.997304228855,-5,EXIT
319,-7.12026466234,-8253.48573349,5646.26399478,-0.000472389998554,0.826210377471,-0.563361508276,-5,CREATE
319,-11.854611332,26.8892977735,0.19043542738,0.110309683306,0.0136541995512,0.993803469809,91,REFLECT
319,-11.854611332,26.8892977735,0.19043542738,0.110309683306,0.0136541995512,0.993803469809,-5,EXIT
320,3.34730478986,-8234.71240373,5673.78766273,-0.000472389998554,0.826210377471,-0.563361508276,-5,CREATE
320,-1.36093403958,7.04345465144e-17,58.8497165621,-0.000472389998554,0.826210377471,-0.563361508276,127,ABSORB
321,9.04621936839,-8233.14795959,5676.07725451,-0.000472389998554,0.826210377471,-0.563361508276,-5,CREATE
321,4.33887501788,-1.35081202354e-16,62.2060434478,-0.000472389998554,0.826210377471,-0.563361508276,127,ABSORB
322,-21.3683650556,-8258.05872407,5639.56932083,-0.000472389998554,0.826210377471,-0.563361508276,-5,CREATE
322,-26.0977413109,13.6230494787,-0.576635930939,0.291336810911,0.199000664346,0.93569311112,118,REFLECT
322,-26.0977413109,13.6230494787,-0.576635930939,0.291336810911,0.199000664346,0.93569311112,-5,EXIT
323,-10.681179833,-8253.72641721,5645.91400061,-0.000472389998554,0.826210377471,-0.563361508276,-5,CREATE
323,-15.4152675117,26.1956386048,0.149308034864,0.146523562942,0.0225560515127,0.98894998359,89,REFLECT
323,-15.4152675117,26.1956386048,0.149308034864,0.146523562942,0.0225560515127,0.98894998359,-5,EXIT
324,8.33054376195,-8236.03616416,5671.84209382,-0.000472389998554,0.826210377471,-0.563361508276,-5,CREATE
324,3.62154806573,2.44835941617e-16,56.0015256352,-0.000472389998554,0.826210377471,-0.563361508276,127,ABSORB
325,2.6375487975,-8232.78693401,5676.61209841,-0.000472389998554,0.826210377471,-0.563361508276,-5,CREATE
325,-2.0695891348,-1.82904488934e-16,62.9870569875,-0.000472389998554,0.826210377471,-0.563361508276,127,ABSORB
326,6.41023624991,-8253.36539163,5646.42913921,-0.000472389998554,0.826210377471,-0.563361508276,-5,CREATE
326,1.67498643259,28.5892453411,-0.721493337594,-0.0754465255873,-0.0113581128132,0.997085159377,20,REFLECT
326,1.67498643259,28.5892453411,-0.721493337594,-0.0754465255873,-0.0113581128132,0.997085159377,-5,EXIT
327,-0.214498322933,-8235.67513859,5672.37872911,-0.000472389998554,0.826210377471,-0.563361508276,-5,CREATE
327,-4.92328760094,1.96902963996e-16,56.7843305656,-0.000472389998554,0.826210377471,-0.563361508276,127,ABSORB
328,30.6164284674,-8258.25929384,5639.23158047,-0.000472389998554,0.826210377471,-0.563361508276,-5,CREATE
328,25.887162219,13.2300777557,-0.783184688783,-0.376803204744,0.229783627403,0.897339862857,70,REFLECT
328,25.887162219,13.2300777557,-0.783184688783,-0.376803204744,0.229783627403,0.897339862857,-5,EXIT
329,7.83645713059,-8251.76083353,5648.78114375,-0.000472389998554,0.826210377471,-0.563361508276,-5,CREATE
329,3.10055023505,31.3430336316,0.846894730384,-0.0947214893625,-0.0453248489982,0.994471466416,11,REFLECT
329,3.10055023505,31.3430336316,0.846894730384,-0.0947214893625,-0.0453248489982,0.994471466416,-5,EXIT
330,1.21172255775,-8234.07058049,5674.73073364,-0.000472389998554,0.826210377471,-0.563361508276,-5,CREATE
330,-3.49614930597,-1.41093017826e-17,60.2304223845,-0.000472389998554,0.826210377471,-0.563361508276,127,ABSORB
331,21.7190242223,-8254.88972183,5644.18076206,-0.000472389998554,0.826210377471,-0.563361508276,-5,CREATE
331,16.9856076206,23.8586201181,-0.783619562684,-0.270059052997,0.0723567642125,0.96012114161,46,REFLECT
331,16.9856076206,23.8586201181,-0.783619562684,-0.270059052997,0.0723567642125,0.96012114161,-5,EXIT
332,6.55102344884,-8235.39434092,5672.78486616,-0.000472389998554,0.826210377471,-0.563361508276,-5,CREATE
332,1.84239471833,1.6031037516e-16,57.3819328925,-0.000472389998554,0.826210377471,-0.563361508276,127,ABSORB
333,3.70652383637,-8232.14511077,5677.55248223,-0.000472389998554,0.826210377471,-0.563361508276,-5,CREATE
333,-1.00024713022,-2.67283800669e-16,64.365075724,-0.000472389998554,0.826210377471,-0.563361508276,127,ABSORB
334,1.78266455588,-8252.36254282,5647.90376981,-0.000472389998554,0.826210377471,-0.563361508276,-5,CREATE
334,-2.95308679203,30.4692714495,0.155023337109,-0.0361393160452,-0.0349011410878,0.998737132676,12,REFLECT
334,-2.95308679203,30.4692714495,0.155023337109,-0.0361393160452,-0.0349011410878,0.998737132676,-5,EXIT
335,7.97882289328,-8232.50613635,5677.01942973,-0.000472389998554,0.826210377471,-0.563361508276,-5,CREATE
335,3.27184550848,-2.1957020513e-16,63.5858535748,-0.000472389998554,0.826210377471,-0.563361508276,127,ABSORB
336,-22.4357615307,-8257.41690083,5640.51149604,-0.000472389998554,0.826210377471,-0.563361508276,-5,CREATE
336,-27.1653744398,14.6787803741,0.0833113551331,0.296907982579,0.20068914567,0.933578875452,113,REFLECT
336,-27.1653744398,14.6787803741,0.0833113551331,0.296907982579,0.20068914567,0.933578875452,-5,EXIT
337,28.838486718,-8256.33382412,5642.05691185,-0.000472389998554,0.826210377471,-0.563361508276,-5,CREATE
337,24.1079403078,17.3945512403,0.515454971479,-0.362370134434,0.170334073488,0.916337377323,57,REFLECT
337,24.1079403078,17.3945512403,0.515454971479,-0.362370134434,0.170334073488,0.916337377323,-5,EXIT
338,-8.19002898309,-8254.76937997,5644.38233144,-0.000472389998554,0.826210377471,-0.563361508276,-5,CREATE
338,-12.9237594931,24.5279877156,-0.956410005217,0.119154858203,0.0501522666788,0.991608224005,100,REFLECT
338,-12.9237594931,24.5279877156,-0.956410005217,0.119154858203,0.0501522666788,0.991608224005,-5,EXIT
339,4.41391198309,-8235.99605021,5671.904208,-0.000472389998554,0.826210377471,-0.563361508276,-5,CREATE
339,-0.295060777766,2.39357706547e-16,56.0909920034,-0.000472389998554,0.826210377471,-0.563361508276,127,ABSORB
340,19.5859084961,-8252.24220096,5648.06533146,-0.000472389998554,0.826210377471,-0.563361508276,-5,CREATE
340,14.8511268025,28.8936872868,1.4729725973,-0.248735757687,-0.00451582872693,0.968560855155,28,REFLECT
340,14.8511268025,28.8936872868,1.4729725973,-0.248735757687,-0.00451582872693,0.968560855155,-5,EXIT
341,-20.3005739396,-8258.37963569,5639.09778537,-0.000472389998554,0.826210377471,-0.563361508276,-5,CREATE
341,-25.0298790059,13.1776284289,-0.963273128419,0.26349902152,0.215513863812,0.940277639935,124,REFLECT
341,-25.0298790059,13.1776284289,-0.963273128419,0.26349902152,0.215513863812,0.940277639935,-5,EXIT
342,33.8221696612,-8257.29655898,5640.64081266,-0.000472389998554,0.826210377471,-0.563361508276,-5,CREATE
342,29.0928128587,14.3511916886,0.518054819362,-0.410731107401,0.221053179699,0.884553813602,61,REFLECT
342,29.0928128587,14.3511916886,0.518054819362,-0.410731107401,0.221053179699,0.884553813602,-5,EXIT
343,-11.749760231,-8254.04732883,5645.44425655,-0.000472389998554,0.826210377471,-0.563361508276,-5,CREATE
343,-16.4836548977,25.5371490833,-0.0902544654248,0.161872619275,0.0283448847171,0.986404492406,88,REFLECT
343,-16.4836548977,25.5371490833,-0.0902544654248,0.161872619275,0.0283448847171,0.986404492406,-5,EXIT
344,22.433515906,-8252.96425211,5647.00400348,-0.000472389998554,0.826210377471,-0.563361508276,-5,CREATE
344,17.6992743075,27.2270094723,1.05574970529,-0.289343547468,0.0207660175951,0.957000043914,31,REFLECT
344,17.6992743075,27.2270094723,1.05574970529,-0.289343547468,0.0207660175951,0.957000043914,-5,EXIT
345,7.26551513247,-8233.4688712,5675.60810758,-0.000472389998554,0.826210377471,-0.563361508276,-5,CREATE
345,2.5579872991,-9.29555329269e-17,61.5180790574,-0.000472389998554,0.826210377471,-0.563361508276,127,ABSORB
346,-17.4520128141,-8258.32615042,5639.17383681,-0.000472389998554,0.826210377471,-0.563361508276,-5,CREATE
346,-22.1816104413,13.7428027447,-1.23612303541,0.23684967346,0.208795260739,0.948844966933,126,REFLECT
346,-22.1816104413,13.7428027447,-1.23612303541,0.23684967346,0.208795260739,0.948844966933,-5,EXIT
347,3.91969380476,-8251.82769012,5648.68637801,-0.000472389998554,0.826210377471,-0.563361508276,-5,CREATE
347,-0.816256946539,31.3528807872,0.699827624833,-0.042161948437,-0.0500576263872,0.997856003712,8,REFLECT
347,-0.816256946539,31.3528807872,0.699827624833,-0.042161948437,-0.0500576263872,0.997856003712,-5,EXIT
348,0.143010612842,-8234.49846265,5674.10410966,-0.000472389998554,0.826210377471,-0.563361508276,-5,CREATE
348,-4.56510589469,4.21252908675e-17,59.312041792,-0.000472389998554,0.826210377471,-0.563361508276,127,ABSORB
349,-13.1721662492,-8252.54974127,5647.64176968,-0.000472389998554,0.826210377471,-0.563361508276,-5,CREATE
349,-17.9066859489,28.1279194581,1.36185878297,0.174181533656,-0.000155611770395,0.984713546732,77,REFLECT
349,-17.9066859489,28.1279194581,1.36185878297,0.174181533656,-0.000155611770395,0.984713546732,-5,EXIT
350,5.84310911419,-8231.97128365,5677.80562071,-0.000472389998554,0.826210377471,-0.563361508276,-5,CREATE
350,1.13643753415,-2.90041693885e-16,64.7367403252,-0.000472389998554,0.826210377471,-0.563361508276,127,ABSORB
351,-24.5714753098,-8256.88204813,5641.29768703,-0.000472389998554,0.826210377471,-0.563361508276,-5,CREATE
351,-29.3011762105,15.3675303991,0.764565596099,0.31161941445,0.192110767507,0.93058411417,107,REFLECT
351,-29.3011762105,15.3675303991,0.764565596099,0.31161941445,0.192110767507,0.93058411417,-5,EXIT
352,18.1599507094,-8253.63281798,5646.02708677,-0.000472389998554,0.826210377471,-0.563361508276,-5,CREATE
352,13.4256923771,26.5877111191,0.0588765776336,-0.000472389998554,0.826210377471,-0.563361508276,38,ABSORB
353,29.5477165225,-8258.687176,5638.60495649,-0.000472389998554,0.826210377471,-0.563361508276,-5,CREATE
353,24.818541692,12.6423056127,-1.3007857583,-0.364981090511,0.239068517009,0.899797225904,74,REFLECT
353,24.818541692,12.6423056127,-1.3007857583,-0.364981090511,0.239068517009,0.899797225904,-5,EXIT
354,8.68805269772,-8234.85948822,5673.56747437,-0.000472389998554,0.826210377471,-0.563361508276,-5,CREATE
354,3.97972977198,9.00582684881e-17,58.5292368616,-0.000472389998554,0.826210377471,-0.563361508276,127,ABSORB
355,-10.3245588394,-8253.27179241,5646.5804417,-0.000472389998554,0.826210377471,-0.563361508276,-5,CREATE
355,-15.0588752296,27.0502800625,0.542992942411,0.138980405546,0.00609238037811,0.990276390598,84,REFLECT
355,-15.0588752296,27.0502800625,0.542992942411,0.138980405546,0.00609238037811,0.990276390598,-5,EXIT
356,2.8122910825,-8235.46119751,5672.68995114,-0.000472389998554,0.826210377471,-0.563361508276,-5,CREATE
356,-1.89637587359,1.68913640553e-16,57.2414309061,-0.000472389998554,0.826210377471,-0.563361508276,127,ABSORB
357,-19.0536994882,-8257.84478299,5639.88113999,-0.000472389998554,0.826210377471,-0.563361508276,-5,CREATE
357,-23.7834062421,14.4150329942,-0.658961969962,0.2600025188,0.195237888672,0.945664241179,120,REFLECT
357,-23.7834062421,14.4150329942,-0.658961969962,0.2600025188,0.195237888672,0.945664241179,-5,EXIT
358,32.2205487606,-8256.76170628,5641.4265558,-0.000472389998554,0.826210377471,-0.563361508276,-5,CREATE
358,27.4906865222,15.7700520382,0.701026684182,-0.393240789102,0.199235725324,0.897589442641,60,REFLECT
358,27.4906865222,15.7700520382,0.701026684182,-0.393240789102,0.199235725324,0.897589442641,-5,EXIT
359,-13.3513811315,-8253.51247613,5646.22999969,-0.000472389998554,0.826210377471,-0.563361508276,-5,CREATE
359,-18.0854560504,26.3872628287,0.48052412943,0.174697125756,0.0264358934001,0.984267269492,82,REFLECT
359,-18.0854560504,26.3872628287,0.48052412943,0.174697125756,0.0264358934001,0.984267269492,-5,EXIT
360,5.66034246343,-8235.82222308,5672.1580929,-0.000472389998554,0.826210377471,-0.563361508276,-5,CREATE
360,0.951469089114,2.1655410873e-16,56.4634030174,-0.000472389998554,0.826210377471,-0.563361508276,127,ABSORB
361,4.24009052695,-8232.57299293,5676.92451471,-0.000472389998554,0.826210377471,-0.563361508276,-5,CREATE
361,-0.46692508345,-2.10966939738e-16,63.4453515885,-0.000472389998554,0.826210377471,-0.563361508276,127,ABSORB
362,8.01277797935,-8253.15145055,5646.74155551,-0.000472389998554,0.826210377471,-0.563361508276,-5,CREATE
362,3.27746572276,28.9123927453,-0.483540690692,-0.000472389998554,0.826210377471,-0.563361508276,21,ABSORB
363,-23.327626439,-8258.80751785,5638.4728035,-0.000472389998554,0.826210377471,-0.563361508276,-5,CREATE
363,-28.0564070886,11.8325411677,-0.962847644796,0.292044259155,0.2388856695,0.926090593626,122,REFLECT
363,-28.0564070886,11.8325411677,-0.962847644796,0.292044259155,0.2388856695,0.926090593626,-5,EXIT
364,27.9466218098,-8257.72444114,5640.01821931,-0.000472389998554,0.826210377471,-0.563361508276,-5,CREATE
364,23.2167056242,14.9016709523,-0.771646067768,-0.353631223087,0.205467425214,0.912539366402,67,REFLECT
364,23.2167056242,14.9016709523,-0.771646067768,-0.353631223087,0.205467425214,0.912539366402,-5,EXIT
365,5.16665047301,-8251.22598083,5649.56778258,-0.000472389998554,0.826210377471,-0.563361508276,-5,CREATE
365,0.430467227224,32.3612230687,1.30396458356,-0.0559541193171,-0.0692993034407,0.996025473105,4,REFLECT
365,0.430467227224,32.3612230687,1.30396458356,-0.0559541193171,-0.0692993034407,0.996025473105,-5,EXIT
366,-6.94433845452,-8255.19726213,5643.75376678,-0.000472389998554,0.826210377471,-0.563361508276,-5,CREATE
366,-11.6779214734,23.8421434695,-1.40908010183,-0.000472389998554,0.826210377471,-0.563361508276,101,ABSORB
367,3.52678276613,-8233.53572779,5675.51319256,-0.000472389998554,0.826210377471,-0.563361508276,-5,CREATE
367,-1.18078329283,-8.43522675346e-17,61.3775770711,-0.000472389998554,0.826210377471,-0.563361508276,127,ABSORB
368,30.0849665285,-8256.11988304,5642.36962671,-0.000472389998554,0.826210377471,-0.563361508276,-5,CREATE
368,25.3544695392,17.5220549942,0.88710816545,-0.379321545682,0.183306920671,0.906925431232,53,REFLECT
368,25.3544695392,17.5220549942,0.88710816545,-0.379321545682,0.183306920671,0.906925431232,-5,EXIT
369,9.22530270373,-8232.29219527,5677.33214459,-0.000472389998554,0.826210377471,-0.563361508276,-5,CREATE
369,4.51844764083,-2.47650937775e-16,64.0444467408,-0.000472389998554,0.826210377471,-0.563361508276,127,ABSORB
370,-21.1892817203,-8257.20295975,5640.8242109,-0.000472389998554,0.826210377471,-0.563361508276,-5,CREATE
370,-25.9191289855,15.3026104887,0.116538435471,0.27752643875,0.192237916311,0.941288297668,114,REFLECT
370,-25.9191289855,15.3026104887,0.116538435471,0.27752643875,0.192237916311,0.941288297668,-5,EXIT
371,7.79750325929,-8235.18039984,5673.09758102,-0.000472389998554,0.826210377471,-0.563361508276,-5,CREATE
371,3.08899685069,1.32229642516e-16,57.8405260585,-0.000472389998554,0.826210377471,-0.563361508276,127,ABSORB
372,2.10450829484,-8231.93116969,5677.86758562,-0.000472389998554,0.826210377471,-0.563361508276,-5,CREATE
372,-2.60214034984,-2.95510788035e-16,64.8260574109,-0.000472389998554,0.826210377471,-0.563361508276,127,ABSORB
373,3.02914436633,-8252.14860174,5648.21648467,-0.000472389998554,0.826210377471,-0.563361508276,-5,CREATE
373,-1.70668417261,30.8182196713,0.375681950544,-0.0396593183659,-0.0447378934796,0.998211229828,8,REFLECT
373,-1.70668417261,30.8182196713,0.375681950544,-0.0396593183659,-0.0447378934796,0.998211229828,-5,EXIT
374,20.1193765264,-8252.75031103,5647.31970399,-0.000472389998554,0.826210377471,-0.563361508276,-5,CREATE
374,15.3848607061,27.920564762,1.04441948524,-0.258109503786,0.0140097739662,0.966014083898,29,REFLECT
374,15.3848607061,27.920564762,1.04441948524,-0.258109503786,0.0140097739662,0.966014083898,-5,EXIT
375,4.95137575294,-8233.25493013,5675.92380809,-0.000472389998554,0.826210377471,-0.563361508276,-5,CREATE
375,0.24397024148,-1.21219083973e-16,61.9796578745,-0.000472389998554,0.826210377471,-0.563361508276,127,ABSORB
376,-10.0600117927,-8255.30423267,5643.59949931,-0.000472389998554,0.826210377471,-0.563361508276,-5,CREATE
376,-14.7934135838,23.4182053581,-1.34721941603,0.130317521976,0.0515624375238,0.990130626989,99,REFLECT
376,-14.7934135838,23.4182053581,-1.34721941603,0.130317521976,0.0515624375238,0.990130626989,-5,EXIT
377,2.54748094191,-8233.64269833,5675.3571337,-0.000472389998554,0.826210377471,-0.563361508276,-5,CREATE
377,-2.160146278,-7.03301830525e-17,61.1485790532,-0.000472389998554,0.826210377471,-0.563361508276,127,ABSORB
378,29.1060593452,-8255.90594196,5642.6842076,-0.000472389998554,0.826210377471,-0.563361508276,-5,CREATE
378,24.3753152856,18.1681222273,0.907038630311,-0.366668450602,0.164511976623,0.915691026974,52,REFLECT
378,24.3753152856,18.1681222273,0.907038630311,-0.366668450602,0.164511976623,0.915691026974,-5,EXIT
379,31.9510029287,-8258.79414654,5638.44606126,-0.000472389998554,0.826210377471,-0.563361508276,-5,CREATE
379,27.2222002081,11.8845146683,-1.01591125186,-0.383877045472,0.251216152665,0.888554364459,76,REFLECT
379,27.2222002081,11.8845146683,-1.01591125186,-0.383877045472,0.251216152665,0.888554364459,-5,EXIT
380,20.5623491735,-8254.46183967,5644.80925208,-0.000472389998554,0.826210377471,-0.563361508276,-5,CREATE
380,15.8286464191,24.7869834585,-0.496388676065,-0.26025011382,0.0577014190058,0.963815555229,45,REFLECT
380,15.8286464191,24.7869834585,-0.496388676065,-0.26025011382,0.0577014190058,0.963815555229,-5,EXIT
381,5.39434840002,-8234.96645876,5673.41335617,-0.000472389998554,0.826210377471,-0.563361508276,-5,CREATE
381,0.685964313319,1.03961521009e-16,58.3021795169,-0.000472389998554,0.826210377471,-0.563361508276,127,ABSORB
382,2.05023718304,-8251.93466066,5648.53106556,-0.000472389998554,0.826210377471,-0.563361508276,-5,CREATE
382,-2.6857003794,31.2228429271,0.560243902568,-0.0265727367741,-0.0520172814577,0.998292588418,7,REFLECT
382,-2.6857003794,31.2228429271,0.560243902568,-0.0265727367741,-0.0520172814577,0.998292588418,-5,EXIT
383,21.9885700542,-8252.85728157,5647.16125661,-0.000472389998554,0.826210377471,-0.563361508276,-5,CREATE
383,17.2542532461,27.4655217942,1.12330948097,-0.000472389998554,0.826210377471,-0.563361508276,30,ABSORB
384,6.8205692807,-8233.36190066,5675.76536071,-0.000472389998554,0.826210377471,-0.563361508276,-5,CREATE
384,2.11310260828,-1.0705074477e-16,61.7482713358,-0.000472389998554,0.826210377471,-0.563361508276,127,ABSORB
385,-23.5940151433,-8258.27266515,5639.25742702,-0.000472389998554,0.826210377471,-0.563361508276,-5,CREATE
385,-28.3230593693,12.8283890344,-0.492559236981,0.299002776564,0.218195697745,0.928971461937,117,REFLECT
385,-28.3230593693,12.8283890344,-0.492559236981,0.299002776564,0.218195697745,0.928971461937,-5,EXIT
386,16.2889155239,-8255.023435,5643.98921528,-0.000472389998554,0.826210377471,-0.563361508276,-5,CREATE
386,11.5551364175,24.3589276725,-1.40748102341,-0.210222932305,0.0539201177492,0.976165426367,47,REFLECT
386,11.5551364175,24.3589276725,-1.40748102341,-0.210222932305,0.0539201177492,0.976165426367,-5,EXIT
387,27.6802331055,-8257.18958844,5640.80284283,-0.000472389998554,0.826210377471,-0.563361508276,-5,CREATE
387,22.9499958005,15.9981615231,-0.369982101297,-0.350096963902,0.197106598627,0.915740740955,67,REFLECT
387,22.9499958005,15.9981615231,-0.369982101297,-0.350096963902,0.197106598627,0.915740740955,-5,EXIT
388,0.945991588302,-8233.00087509,5676.29975676,-0.000472389998554,0.826210377471,-0.563361508276,-5,CREATE
388,-3.7612686659,-1.54846608589e-16,62.5288370279,-0.000472389998554,0.826210377471,-0.563361508276,127,ABSORB
389,-6.67663428037,-8254.66240943,5644.53794246,-0.000472389998554,0.826210377471,-0.563361508276,-5,CREATE
389,-11.4104763118,24.8300092796,-0.933796880162,0.10602140047,0.0456886109407,0.993313653119,101,REFLECT
389,-11.4104763118,24.8300092796,-0.933796880162,0.10602140047,0.0456886109407,0.993313653119,-5,EXIT
390,3.79093517183,-8235.88907967,5672.06161041,-0.000472389998554,0.826210377471,-0.563361508276,-5,CREATE
390,-0.917976428079,2.25253353784e-16,56.3213335643,-0.000472389998554,0.826210377471,-0.563361508276,127,ABSORB
391,1.87062765979,-8253.21830714,5646.64865581,-0.000472389998554,0.826210377471,-0.563361508276,-5,CREATE
391,-2.86476574346,28.9874617034,-0.673214036807,-0.0267415056469,-0.0144912749419,0.999537340386,17,REFLECT
391,-2.86476574346,28.9874617034,-0.673214036807,-0.0267415056469,-0.0144912749419,0.999537340386,-5,EXIT
392,-9.52276178672,-8252.73693971,5647.36416953,-0.000472389998554,0.826210377471,-0.563361508276,-5,CREATE
392,-14.2573592774,28.0767775719,0.991486826415,0.137733200219,-0.00637351833392,0.990448859771,80,REFLECT
392,-14.2573592774,28.0767775719,0.991486826415,0.137733200219,-0.00637351833392,0.990448859771,-5,EXIT
393,-10.949673289,-8254.90309315,5644.18854542,-0.000472389998554,0.826210377471,-0.563361508276,-5,CREATE
393,-15.6832275428,24.086002153,-0.939996780306,0.145546842083,0.0549737958228,0.987822857871,98,REFLECT
393,-15.6832275428,24.086002153,-0.939996780306,0.145546842083,0.0549737958228,0.987822857871,-5,EXIT
394,8.06560207437,-8234.32463552,5674.35239645,-0.000472389998554,0.826210377471,-0.563361508276,-5,CREATE
394,3.35758495339,1.96644775546e-17,59.6788547103,-0.000472389998554,0.826210377471,-0.563361508276,127,ABSORB
395,3.29724318141,-8251.29283742,5649.4713001,-0.000472389998554,0.826210377471,-0.563361508276,-5,CREATE
395,-1.43894422268,32.3016393569,1.20252300274,-0.0470751963744,-0.0662436375191,0.996692383022,3,REFLECT
395,-1.43894422268,32.3016393569,1.20252300274,-0.0470751963744,-0.0662436375191,0.996692383022,-5,EXIT
396,-25.1939259332,-8256.34719543,5642.08260911,-0.000472389998554,0.826210377471,-0.563361508276,-5,CREATE
396,-29.9238527049,16.2974318207,1.28011894785,-0.000472389998554,0.826210377471,-0.563361508276,102,ABSORB
397,19.6738716,-8253.09796528,5646.81021746,-0.000472389998554,0.826210377471,-0.563361508276,-5,CREATE
397,14.9394823382,27.3515596111,0.685863730995,-0.254692276339,0.0189442997775,0.966836572477,34,REFLECT
397,14.9394823382,27.3515596111,0.685863730995,-0.254692276339,0.0189442997775,0.966836572477,-5,EXIT
398,-8.81182187154,-8253.69967457,5645.95165312,-0.000472389998554,0.826210377471,-0.563361508276,-5,CREATE
398,-13.5460018085,26.3837409776,0.0769354649688,0.121602320769,0.0233313248507,0.992304653251,90,REFLECT
398,-13.5460018085,26.3837409776,0.0769354649688,0.121602320769,0.0233313248507,0.992304653251,-5,EXIT
399,1.65574758066,-8234.92634481,5673.47532108,-0.000472389998554,0.826210377471,-0.563361508276,-5,CREATE
399,-3.05261357068,9.84924268588e-17,58.3914966025,-0.000472389998554,0.826210377471,-0.563361508276,127,ABSORB
400,-18.785995314,-8257.30993029,5640.66531567,-0.000472389998554,0.826210377471,-0.563361508276,-5,CREATE
400,-23.5160171383,15.5009439236,-0.250531995045,0.253474870257,0.179730995977,0.950498426739,116,REFLECT
400,-23.5160171383,15.5009439236,-0.250531995045,0.253474870257,0.179730995977,0.950498426739,-5,EXIT
401,32.4882529347,-8256.22685358,5642.21073147,-0.000472389998554,0.826210377471,-0.563361508276,-5,CREATE
401,27.7581388116,16.745451323,1.1848103565,-0.000472389998554,0.826210377471,-0.563361508276,54,ABSORB
402,-13.0836769574,-8252.97762343,5647.01417536,-0.000472389998554,0.826210377471,-0.563361508276,-5,CREATE
402,-17.8180132885,27.3793256565,0.952945563993,0.175609463033,0.00730628570054,0.984432798459,77,REFLECT
402,-17.8180132885,27.3793256565,0.952945563993,0.175609463033,0.00730628570054,0.984432798459,-5,EXIT
403,3.08183691437,-8233.42875725,5675.67044569,-0.000472389998554,0.826210377471,-0.563361508276,-5,CREATE
403,-1.62566798364,-9.84474793775e-17,61.6077693494,-0.000472389998554,0.826210377471,-0.563361508276,127,ABSORB
404,6.85452436677,-8254.00721487,5645.48748649,-0.000472389998554,0.826210377471,-0.563361508276,-5,CREATE
404,2.11954898353,27.4674367479,-1.33586225977,-0.0857961120799,0.00673373721364,0.996289959768,26,REFLECT
404,2.11954898353,27.4674367479,-1.33586225977,-0.0857961120799,0.00673373721364,0.996289959768,-5,EXIT
405,-21.6326490083,-8255.81234273,5642.86402306,-0.000472389998554,0.826210377471,-0.563361508276,-5,CREATE
405,-26.3632090681,17.9399057489,1.30628800369,-0.000472389998554,0.826210377471,-0.563361508276,105,ABSORB
406,-21.9922626957,-8258.70054731,5638.6285638,-0.000472389998554,0.826210377471,-0.563361508276,-5,CREATE
406,-26.7212286652,12.2636362154,-1.02809554838,-0.000472389998554,0.826210377471,-0.563361508276,123,ABSORB
407,29.281985553,-8257.6174706,5640.17397961,-0.000472389998554,0.826210377471,-0.563361508276,-5,CREATE
407,24.5521910224,14.7958668297,-0.470802798238,-0.36507236946,0.210554358109,0.906856674088,68,REFLECT
407,24.5521910224,14.7958668297,-0.470802798238,-0.36507236946,0.210554358109,0.906856674088,-5,EXIT
408,6.50201421623,-8251.1190103,5649.72354288,-0.000472389998554,0.826210377471,-0.563361508276,-5,CREATE
408,1.7658122662,32.5009073471,1.43741862682,-0.07802287271,-0.0635949944087,0.994921156685,5,REFLECT
408,1.7658122662,32.5009073471,1.43741862682,-0.07802287271,-0.0635949944087,0.994921156685,-5,EXIT
409,4.14883874854,-8234.39149211,5674.25763072,-0.000472389998554,0.826210377471,-0.563361508276,-5,CREATE
409,-0.559216598038,2.82586020268e-17,59.5385020065,-0.000472389998554,0.826210377471,-0.563361508276,127,ABSORB
410,30.7086010747,-8255.69200088,5642.9966239,-0.000472389998554,0.826210377471,-0.563361508276,-5,CREATE
410,25.9779644834,18.1941011708,1.34761917536,-0.38036260648,0.166219761029,0.909777598447,53,REFLECT
410,25.9779644834,18.1941011708,1.34761917536,-0.38036260648,0.166219761029,0.909777598447,-5,EXIT
411,-20.5656471741,-8256.77507759,5641.45120809,-0.000472389998554,0.826210377471,-0.563361508276,-5,CREATE
411,-25.295794182,16.2547427126,0.386069396708,0.282933523984,0.17553657756,0.942939834212,110,REFLECT
411,-25.295794182,16.2547427126,0.386069396708,0.282933523984,0.17553657756,0.942939834212,-5,EXIT
412,-12.018385234,-8255.33097531,5643.56192144,-0.000472389998554,0.826210377471,-0.563361508276,-5,CREATE
412,-16.7516970373,23.234074135,-1.27747998121,0.149244156835,0.0711418651637,0.986237809391,97,REFLECT
412,-16.7516970373,23.234074135,-1.27747998121,0.149244156835,0.0711418651637,0.986237809391,-5,EXIT
413,22.164890903,-8254.24789859,5645.12166837,-0.000472389998554,0.826210377471,-0.563361508276,-5,CREATE
413,17.4312237308,24.9386910326,-0.141537713791,-0.29103216713,0.0690495285737,0.954218235154,41,REFLECT
413,17.4312237308,24.9386910326,-0.141537713791,-0.29103216713,0.0690495285737,0.954218235154,-5,EXIT
414,6.99689012946,-8234.75251768,5673.72577247,-0.000472389998554,0.826210377471,-0.563361508276,-5,CREATE
414,2.28862836467,7.58990702045e-17,58.7604741178,-0.000472389998554,0.826210377471,-0.563361508276,127,ABSORB
415,4.36371882767,-8252.68345444,5647.43096545,-0.000472389998554,0.826210377471,-0.563361508276,-5,CREATE
415,-0.371853246484,29.8348099221,-0.103983233007,-0.0552954648982,-0.030608726262,0.998000760239,14,REFLECT
415,-0.371853246484,29.8348099221,-0.103983233007,-0.0552954648982,-0.030608726262,0.998000760239,-5,EXIT
416,27.1450220776,-8258.09883803,5639.46981136,-0.000472389998554,0.826210377471,-0.563361508276,-5,CREATE
416,22.4152040593,14.3555794396,-1.20298196546,-0.344420785474,0.218917141929,0.91293461294,72,REFLECT
416,22.4152040593,14.3555794396,-1.20298196546,-0.344420785474,0.218917141929,0.91293461294,-5,EXIT
417,0.58703563575,-8235.35422697,5672.8486971,-0.000472389998554,0.826210377471,-0.563361508276,-5,CREATE
417,-4.1215701594,1.54727019509e-16,57.47311601,-0.000472389998554,0.826210377471,-0.563361508276,127,ABSORB
418,6.2871341371,-8232.82704797,5676.55020815,-0.000472389998554,0.826210377471,-0.563361508276,-5,CREATE
418,1.57997326945,-1.77439965243e-16,62.8978145432,-0.000472389998554,0.826210377471,-0.563361508276,127,ABSORB
419,-24.1274502869,-8257.73781245,5640.04227446,-0.000472389998554,0.826210377471,-0.563361508276,-5,CREATE
419,-28.8567244449,13.7653928615,0.0180766125868,0.308595282148,0.20761531421,0.928259033428,112,REFLECT
419,-28.8567244449,13.7653928615,0.0180766125868,0.308595282148,0.20761531421,0.928259033428,-5,EXIT
420,18.6039757323,-8254.4885823,5644.7716742,-0.000472389998554,0.826210377471,-0.563361508276,-5,CREATE
420,13.8701314037,25.007853989,-0.702804570452,-0.232907830207,0.0473573303903,0.971345060154,43,REFLECT
420,13.8701314037,25.007853989,-0.702804570452,-0.232907830207,0.0473573303903,0.971345060154,-5,EXIT
421,29.9952933138,-8256.65473574,5641.58530175,-0.000472389998554,0.826210377471,-0.563361508276,-5,CREATE
421,25.2650746564,16.50039983,0.434715339727,-0.373415680781,0.193075972697,0.907349104873,58,REFLECT
421,25.2650746564,16.50039983,0.434715339727,-0.373415680781,0.193075972697,0.907349104873,-5,EXIT
422,9.13207772063,-8235.71525254,5672.3120618,-0.000472389998554,0.826210377471,-0.563361508276,-5,CREATE
422,4.42326550727,2.02659997129e-16,56.6903110796,-0.000472389998554,0.826210377471,-0.563361508276,127,ABSORB
423,-9.88053381645,-8254.12755673,5645.32502914,-0.000472389998554,0.826210377471,-0.563361508276,-5,CREATE
423,-14.6144739212,25.5363921588,-0.263670118105,0.14045821829,0.0309304580501,0.989603352702,89,REFLECT
423,-14.6144739212,25.5363921588,-0.263670118105,0.14045821829,0.0309304580501,0.989603352702,-5,EXIT
424,-22.7012294062,-8256.13325435,5642.394279,-0.000472389998554,0.826210377471,-0.563361508276,-5,CREATE
424,-27.4315152249,17.1393462021,1.1635976633,-0.000472389998554,0.826210377471,-0.563361508276,104,ABSORB
425,17.181701261,-8252.8840242,5647.12606726,-0.000472389998554,0.826210377471,-0.563361508276,-5,CREATE
425,12.4470207938,28.0748191381,0.65442860113,-0.219170815029,0.00517231666578,0.975672794014,32,REFLECT
425,12.4470207938,28.0748191381,0.65442860113,-0.219170815029,0.00517231666578,0.975672794014,-5,EXIT
426,2.93789258792,-8253.96710092,5645.54960068,-0.000472389998554,0.826210377471,-0.563361508276,-5,CREATE
426,-1.79716022406,27.6429736096,-1.36608781732,-0.0431470474369,-0.00433740405419,0.99905931717,23,REFLECT
426,-1.79716022406,27.6429736096,-1.36608781732,-0.0431470474369,-0.00433740405419,0.99905931717,-5,EXIT
427,-8.45431293576,-8252.52299863,5647.67703367,-0.000472389998554,0.826210377471,-0.563361508276,-5,CREATE
427,-13.1890556263,28.5446733131,1.13118892205,0.115615199902,-0.0169855860595,0.993148838502,81,REFLECT
427,-13.1890556263,28.5446733131,1.13118892205,0.115615199902,-0.0169855860595,0.993148838502,-5,EXIT
428,31.4179624261,-8257.93838222,5639.70154846,-0.000472389998554,0.826210377471,-0.563361508276,-5,CREATE
428,26.6886276079,13.6709179599,-0.394991453292,-0.385248714009,0.221070148282,0.895941637548,70,REFLECT
428,26.6886276079,13.6709179599,-0.394991453292,-0.385248714009,0.221070148282,0.895941637548,-5,EXIT
429,20.0293086708,-8253.60607535,5646.06473928,-0.000472389998554,0.826210377471,-0.563361508276,-5,CREATE
429,15.2951836906,26.3812209036,0.255561722071,-0.252815418209,0.0366603170549,0.966819727493,39,REFLECT
429,15.2951836906,26.3812209036,0.255561722071,-0.252815418209,0.0366603170549,0.966819727493,-5,EXIT
430,4.86130789736,-8234.11069444,5674.66884338,-0.000472389998554,0.826210377471,-0.563361508276,-5,CREATE
430,0.153413098277,-8.64477809228e-18,60.1411799402,-0.000472389998554,0.826210377471,-0.563361508276,127,ABSORB
431,-11.3921197482,-8252.76368235,5647.32651702,-0.000472389998554,0.826210377471,-0.563361508276,-5,CREATE
431,-16.1266240521,27.8870513089,1.06496666541,-0.000472389998554,0.826210377471,-0.563361508276,78,ABSORB
432,7.62315561522,-8232.18522473,5677.49036805,-0.000472389998554,0.826210377471,-0.563361508276,-5,CREATE
432,2.91636171328,-2.61805565598e-16,64.2756093558,-0.000472389998554,0.826210377471,-0.563361508276,127,ABSORB
433,-22.7914288088,-8257.09598921,5640.98243436,-0.000472389998554,0.826210377471,-0.563361508276,-5,CREATE
433,-27.5211891145,15.2574888143,0.378467808164,0.295796870548,0.188265137563,0.936515055593,108,REFLECT
433,-27.5211891145,15.2574888143,0.378467808164,0.295796870548,0.188265137563,0.936515055593,-5,EXIT
434,17.0915018584,-8253.84675906,5645.71422262,-0.000472389998554,0.826210377471,-0.563361508276,-5,CREATE
434,12.3572532385,26.3567831109,-0.242404824054,-0.224839428872,0.0240791112736,0.974098263844,37,REFLECT
434,12.3572532385,26.3567831109,-0.242404824054,-0.224839428872,0.0240791112736,0.974098263844,-5,EXIT
435,5.69929633473,-8252.40265677,5647.84165562,-0.000472389998554,0.826210377471,-0.563361508276,-5,CREATE
435,0.963626462837,30.2866558929,0.190075588175,-0.0701354781425,-0.0313149756392,0.997045829943,15,REFLECT
435,0.963626462837,30.2866558929,0.190075588175,-0.0701354781425,-0.0313149756392,0.997045829943,-5,EXIT
436,-7.12026466234,-8253.48573349,5646.26399478,-0.000472389998554,0.826210377471,-0.563361508276,-5,CREATE
436,-11.854611332,26.8892977735,0.19043542738,0.10886197299,0.0108866861958,0.993997259,91,REFLECT
436,-11.854611332,26.8892977735,0.19043542738,0.10886197299,0.0108866861958,0.993997259,-5,EXIT
437,3.34730478986,-8234.71240373,5673.78766273,-0.000472389998554,0.826210377471,-0.563361508276,-5,CREATE
437,-1.36093403958,7.04345465144e-17,58.8497165621,-0.000472389998554,0.826210377471,-0.563361508276,127,ABSORB
438,9.04621936839,-8233.14795959,5676.07725451,-0.000472389998554,0.826210377471,-0.563361508276,-5,CREATE
438,4.33887501788,-1.35081202354e-16,62.2060434478,-0.000472389998554,0.826210377471,-0.563361508276,127,ABSORB
439,-21.3683650556,-8258.05872407,5639.56932083,-0.000472389998554,0.826210377471,-0.563361508276,-5,CREATE
439,-26.0977413109,13.6230494787,-0.576635930939,0.280683334355,0.209879211091,0.936572251653,118,REFLECT
439,-26.0977413109,13.6230494787,-0.576635930939,0.280683334355,0.209879211091,0.936572251653,-5,EXIT
440,-10.681179833,-8253.72641721,5645.91400061,-0.000472389998554,0.826210377471,-0.563361508276,-5,CREATE
440,-15.4152675117,26.1956386048,0.149308034864,0.143853747179,0.0227634756054,0.989337113223,89,REFLECT
440,-15.4152675117,26.1956386048,0.149308034864,0.143853747179,0.0227634756054,0.989337113223,-5,EXIT
441,8.33054376195,-8236.03616416,5671.84209382,-0.000472389998554,0.826210377471,-0.563361508276,-5,CREATE
441,3.62154806573,2.44835941617e-16,56.0015256352,-0.000472389998554,0.826210377471,-0.563361508276,127,ABSORB
442,2.6375487975,-8232.78693401,5676.61209841,-0.000472389998554,0.826210377471,-0.563361508276,-5,CREATE
442,-2.0695891348,-1.82904488934e-16,62.9870569875,-0.000472389998554,0.826210377471,-0.563361508276,127,ABSORB
443,6.41023624991,-8253.36539163,5646.42913921,-0.000472389998554,0.826210377471,-0.563361508276,-5,CREATE
443,1.67498643259,28.5892453411,-0.721493337594,-0.0784564386924,-0.0140028753425,0.996819194593,20,REFLECT
443,1.67498643259,28.5892453411,-0.721493337594,-0.0784564386924,-0.0140028753425,0.996819194593,-5,EXIT
444,-0.214498322933,-8235.67513859,5672.37872911,-0.000472389998554,0.826210377471,-0.563361508276,-5,CREATE
444,-4.92328760094,1.96902963996e-16,56.7843305656,-0.000472389998554,0.826210377471,-0.563361508276,127,ABSORB
445,30.6164284674,-8258.25929384,5639.23158047,-0.000472389998554,0.826210377471,-0.563361508276,-5,CREATE
445,25.887162219,13.2300777557,-0.783184688783,-0.373970792014,0.232166880952,0.897911123725,70,REFLECT
445,25.887162219,13.2300777557,-0.783184688783,-0.373970792014,0.232166880952,0.897911123725,-5,EXIT
446,7.83645713059,-8251.76083353,5648.78114375,-0.000472389998554,0.826210377471,-0.563361508276,-5,CREATE
446,3.10055023505,31.3430336316,0.846894730384,-0.094109469994,-0.0464098954244,0.99447952682,11,REFLECT
446,3.10055023505,31.3430336316,0.846894730384,-0.094109469994,-0.0464098954244,0.99447952682,-5,EXIT
447,1.21172255775,-8234.07058049,5674.73073364,-0.000472389998554,0.826210377471,-0.563361508276,-5,CREATE
447,-3.49614930597,-1.41093017826e-17,60.2304223845,-0.000472389998554,0.826210377471,-0.563361508276,127,ABSORB
448,21.7190242223,-8254.88972183,5644.18076206,-0.000472389998554,0.826210377471,-0.563361508276,-5,CREATE
448,16.9856076206,23.8586201181,-0.783619562684,-0.270444233245,0.0671126588115,0.960393569185,46,REFLECT
448,16.9856076206,23.8586201181,-0.783619562684,-0.270444233245,0.0671126588115,0.960393569185,-5,EXIT
449,6.55102344884,-8235.39434092,5672.78486616,-0.000472389998554,0.826210377471,-0.563361508276,-5,CREATE
449,1.84239471833,1.6031037516e-16,57.3819328925,-0.000472389998554,0.826210377471,-0.563361508276,127,ABSORB
450,3.70652383637,-8232.14511077,5677.55248223,-0.000472389998554,0.826210377471,-0.563361508276,-5,CREATE
450,-1.00024713022,-2.67283800669e-16,64.365075724,-0.000472389998554,0.826210377471,-0.563361508276,127,ABSORB
451,1.78266455588,-8252.36254282,5647.90376981,-0.000472389998554,0.826210377471,-0.563361508276,-5,CREATE
451,-2.95308679203,30.4692714495,0.155023337109,-0.0254254055615,-0.0417176264265,0.998805881239,12,REFLECT
451,-2.95308679203,30.4692714495,0.155023337109,-0.0254254055615,-0.0417176264265,0.998805881239,-5,EXIT
452,7.97882289328,-8232.50613635,5677.01942973,-0.000472389998554,0.826210377471,-0.563361508276,-5,CREATE
452,3.27184550848,-2.1957020513e-16,63.5858535748,-0.000472389998554,0.826210377471,-0.563361508276,127,ABSORB
453,-22.4357615307,-8257.41690083,5640.51149604,-0.000472389998554,0.826210377471,-0.563361508276,-5,CREATE
453,-27.1653744398,14.6787803741,0.0833113551331,0.291297362752,0.191030802839,0.937364965646,113,REFLECT
453,-27.1653744398,14.6787803741,0.0833113551331,0.291297362752,0.191030802839,0.937364965646,-5,EXIT
454,28.838486718,-8256.33382412,5642.05691185,-0.000472389998554,0.826210377471,-0.563361508276,-5,CREATE
454,24.1079403078,17.3945512403,0.515454971479,-0.362313368488,0.169183237128,0.916572995069,57,REFLECT
454,24.1079403078,17.3945512403,0.515454971479,-0.362313368488,0.169183237128,0.916572995069,-5,EXIT
455,-8.19002898309,-8254.76937997,5644.38233144,-0.000472389998554,0.826210377471,-0.563361508276,-5,CREATE
455,-12.9237594931,24.5279877156,-0.956410005217,0.118263825166,0.0493748577727,0.991753896426,100,REFLECT
455,-12.9237594931,24.5279877156,-0.956410005217,0.118263825166,0.0493748577727,0.991753896426,-5,EXIT
456,4.41391198309,-8235.99605021,5671.904208,-0.000472389998554,0.826210377471,-0.563361508276,-5,CREATE
456,-0.295060777766,2.39357706547e-16,56.0909920034,-0.000472389998554,0.826210377471,-0.563361508276,127,ABSORB
457,19.5859084961,-8252.24220096,5648.06533146,-0.000472389998554,0.826210377471,-0.563361508276,-5,CREATE
457,14.8511268025,28.8936872868,1.4729725973,-0.253730535367,-0.00231506234497,0.967272172612,28,REFLECT
457,14.8511268025,28.8936872868,1.4729725973,-0.253730535367,-0.00231506234497,0.967272172612,-5,EXIT
458,-20.3005739396,-8258.37963569,5639.09778537,-0.000472389998554,0.826210377471,-0.563361508276,-5,CREATE
458,-25.0298790059,13.1776284289,-0.963273128419,0.264324684712,0.216682283511,0.939777233744,124,REFLECT
458,-25.0298790059,13.1776284289,-0.963273128419,0.264324684712,0.216682283511,0.939777233744,-5,EXIT
459,33.8221696612,-8257.29655898,5640.64081266,-0.000472389998554,0.826210377471,-0.563361508276,-5,CREATE
459,29.0928128587,14.3511916886,0.518054819362,-0.405187919231,0.213997507169,0.888835089898,61,REFLECT
459,29.0928128587,14.3511916886,0.518054819362,-0.405187919231,0.213997507169,0.888835089898,-5,EXIT
460,-11.749760231,-8254.04732883,5645.44425655,-0.000472389998554,0.826210377471,-0.563361508276,-5,CREATE
460,-16.4836548977,25.5371490833,-0.0902544654248,-0.000472389998554,0.826210377471,-0.563361508276,88,ABSORB
461,22.433515906,-8252.96425211,5647.00400348,-0.000472389998554,0.826210377471,-0.563361508276,-5,CREATE
461,17.6992743075,27.2270094723,1.05574970529,-0.279097874219,0.0202016499769,0.960050139287,31,REFLECT
461,17.6992743075,27.2270094723,1.05574970529,-0.279097874219,0.0202016499769,0.960050139287,-5,EXIT
462,7.26551513247,-8233.4688712,5675.60810758,-0.000472389998554,0.826210377471,-0.563361508276,-5,CREATE
462,2.5579872991,-9.29555329269e-17,61.5180790574,-0.000472389998554,0.826210377471,-0.563361508276,127,ABSORB
463,-17.4520128141,-8258.32615042,5639.17383681,-0.000472389998554,0.826210377471,-0.563361508276,-5,CREATE
463,-22.1816104413,13.7428027447,-1.23612303541,0.234808348811,0.208967520606,0.949314286556,126,REFLECT
463,-22.1816104413,13.7428027447,-1.23612303541,0.234808348811,0.208967520606,0.949314286556,-5,EXIT
464,3.91969380476,-8251.82769012,5648.68637801,-0.000472389998554,0.826210377471,-0.563361508276,-5,CREATE
464,-0.816256946539,31.3528807872,0.699827624833,-0.0502985636615,-0.0471386712723,0.997621170668,8,REFLECT
464,-0.816256946539,31.3528807872,0.699827624833,-0.0502985636615,-0.0471386712723,0.997621170668,-5,EXIT
465,0.143010612842,-8234.49846265,5674.10410966,-0.000472389998554,0.826210377471,-0.563361508276,-5,CREATE
465,-4.56510589469,4.21252908675e-17,59.312041792,-0.000472389998554,0.826210377471,-0.563361508276,127,ABSORB
466,-13.1721662492,-8252.54974127,5647.64176968,-0.000472389998554,0.826210377471,-0.563361508276,-5,CREATE
466,-17.9066859489,28.1279194581,1.36185878297,0.171306882468,0.00172008439144,0.985216216538,77,REFLECT
466,-17.9066859489,28.1279194581,1.36185878297,0.171306882468,0.00172008439144,0.985216216538,-5,EXIT
467,5.84310911419,-8231.97128365,5677.80562071,-0.000472389998554,0.826210377471,-0.563361508276,-5,CREATE
467,1.13643753415,-2.90041693885e-16,64.7367403252,-0.000472389998554,0.826210377471,-0.563361508276,127,ABSORB
468,-24.5714753098,-8256.88204813,5641.29768703,-0.000472389998554,0.826210377471,-0.563361508276,-5,CREATE
468,-29.3011762105,15.3675303991,0.764565596099,0.304031364963,0.187748599375,0.933978261284,107,REFLECT
468,-29.3011762105,15.3675303991,0.764565596099,0.304031364963,0.187748599375,0.933978261284,-5,EXIT
469,18.1599507094,-8253.63281798,5646.02708677,-0.000472389998554,0.826210377471,-0.563361508276,-5,CREATE
469,13.4256923771,26.5877111191,0.0588765776336,-0.231256754664,0.0281548937654,0.972485277719,38,REFLECT
469,13.4256923771,26.5877111191,0.0588765776336,-0.231256754664,0.0281548937654,0.972485277719,-5,EXIT
470,29.5477165225,-8258.687176,5638.60495649,-0.000472389998554,0.826210377471,-0.563361508276,-5,CREATE
470,24.818541692,12.6423056127,-1.3007857583,-0.360597489307,0.234696081122,0.902711028077,74,REFLECT
470,24.818541692,12.6423056127,-1.3007857583,-0.360597489307,0.234696081122,0.902711028077,-5,EXIT
471,8.68805269772,-8234.85948822,5673.56747437,-0.000472389998554,0.826210377471,-0.563361508276,-5,CREATE
471,3.97972977198,9.00582684881e-17,58.5292368616,-0.000472389998554,0.826210377471,-0.563361508276,127,ABSORB
472,-10.3245588394,-8253.27179241,5646.5804417,-0.000472389998554,0.826210377471,-0.563361508276,-5,CREATE
472,-15.0588752296,27.0502800625,0.542992942411,0.147680845934,0.00609381833302,0.989016295681,84,REFLECT
472,-15.0588752296,27.0502800625,0.542992942411,0.147680845934,0.00609381833302,0.989016295681,-5,EXIT
473,2.8122910825,-8235.46119751,5672.68995114,-0.000472389998554,0.826210377471,-0.563361508276,-5,CREATE
473,-1.89637587359,1.68913640553e-16,57.2414309061,-0.000472389998554,0.826210377471,-0.563361508276,127,ABSORB
474,-19.0536994882,-8257.84478299,5639.88113999,-0.000472389998554,0.826210377471,-0.563361508276,-5,CREATE
474,-23.7834062421,14.4150329942,-0.658961969962,0.259881530831,0.197384854247,0.9452517174,120,REFLECT
474,-23.7834062421,14.4150329942,-0.658961969962,0.259881530831,0.197384854247,0.9452517174,-5,EXIT
475,32.2205487606,-8256.76170628,5641.4265558,-0.000472389998554,0.826210377471,-0.563361508276,-5,CREATE
475,27.4906865222,15.7700520382,0.701026684182,-0.405443129473,0.208462609908,0.89003326288,60,REFLECT
475,27.4906865222,15.7700520382,0.701026684182,-0.405443129473,0.208462609908,0.89003326288,-5,EXIT
476,-13.3513811315,-8253.51247613,5646.22999969,-0.000472389998554,0.826210377471,-0.563361508276,-5,CREATE
476,-18.0854560504,26.3872628287,0.48052412943,0.178755638168,0.016349132121,0.983757656998,82,REFLECT
476,-18.0854560504,26.3872628287,0.48052412943,0.178755638168,0.016349132121,0.983757656998,-5,EXIT
477,5.66034246343,-8235.82222308,5672.1580929,-0.000472389998554,0.826210377471,-0.563361508276,-5,CREATE
477,0.951469089114,2.1655410873e-16,56.4634030174,-0.000472389998554,0.826210377471,-0.563361508276,127,ABSORB
478,4.24009052695,-8232.57299293,5676.92451471,-0.000472389998554,0.826210377471,-0.563361508276,-5,CREATE
478,-0.46692508345,-2.10966939738e-16,63.4453515885,-0.000472389998554,0.826210377471,-0.563361508276,127,ABSORB
479,8.01277797935,-8253.15145055,5646.74155551,-0.000472389998554,0.826210377471,-0.563361508276,-5,CREATE
479,3.27746572276,28.9123927453,-0.483540690692,-0.0930322219999,-0.0144541981944,0.995558176012,21,REFLECT
479,3.27746572276,28.9123927453,-0.483540690692,-0.0930322219999,-0.0144541981944,0.995558176012,-5,EXIT
480,-23.327626439,-8258.80751785,5638.4728035,-0.000472389998554,0.826210377471,-0.563361508276,-5,CREATE
480,-28.0564070886,11.8325411677,-0.962847644796,0.288168293823,0.234858334066,0.928332158958,122,REFLECT
480,-28.0564070886,11.8325411677,-0.962847644796,0.288168293823,0.234858334066,0.928332158958,-5,EXIT
481,27.9466218098,-8257.72444114,5640.01821931,-0.000472389998554,0.826210377471,-0.563361508276,-5,CREATE
481,23.2167056242,14.9016709523,-0.771646067768,-0.34851848088,0.20873115474,0.913764834914,67,REFLECT
481,23.2167056242,14.9016709523,-0.771646067768,-0.34851848088,0.20873115474,0.913764834914,-5,EXIT
482,5.16665047301,-8251.22598083,5649.56778258,-0.000472389998554,0.826210377471,-0.563361508276,-5,CREATE
482,0.430467227224,32.3612230687,1.30396458356,-0.0669777819678,-0.0650602250081,0.995631027964,4,REFLECT
482,0.430467227224,32.3612230687,1.30396458356,-0.0669777819678,-0.0650602250081,0.995631027964,-5,EXIT
483,-6.94433845452,-8255.19726213,5643.75376678,-0.000472389998554,0.826210377471,-0.563361508276,-5,CREATE
483,-11.6779214734,23.8421434695,-1.40908010183,0.10478343093,0.0552330803515,0.992960089549,101,REFLECT
483,-11.6779214734,23.8421434695,-1.40908010183,0.10478343093,0.0552330803515,0.992960089549,-5,EXIT
484,3.52678276613,-8233.53572779,5675.51319256,-0.000472389998554,0.826210377471,-0.563361508276,-5,CREATE
484,-1.18078329283,-8.43522675346e-17,61.3775770711,-0.000472389998554,0.826210377471,-0.563361508276,127,ABSORB
485,30.0849665285,-8256.11988304,5642.36962671,-0.000472389998554,0.826210377471,-0.563361508276,-5,CREATE
485,25.3544695392,17.5220549942,0.88710816545,-0.379385555547,0.17285018516,0.908949621119,53,REFLECT
485,25.3544695392,17.5220549942,0.88710816545,-0.379385555547,0.17285018516,0.908949621119,-5,EXIT
486,9.22530270373,-8232.29219527,5677.33214459,-0.000472389998554,0.826210377471,-0.563361508276,-5,CREATE
486,4.51844764083,-2.47650937775e-16,64.0444467408,-0.000472389998554,0.826210377471,-0.563361508276,127,ABSORB
487,-21.1892817203,-8257.20295975,5640.8242109,-0.000472389998554,0.826210377471,-0.563361508276,-5,CREATE
487,-25.9191289855,15.3026104887,0.116538435471,-0.000472389998554,0.826210377471,-0.563361508276,114,ABSORB
488,7.79750325929,-8235.18039984,5673.09758102,-0.000472389998554,0.826210377471,-0.563361508276,-5,CREATE
488,3.08899685069,1.32229642516e-16,57.8405260585,-0.000472389998554,0.826210377471,-0.563361508276,127,ABSORB
489,2.10450829484,-8231.93116969,5677.86758562,-0.000472389998554,0.826210377471,-0.563361508276,-5,CREATE
489,-2.60214034984,-2.95510788035e-16,64.8260574109,-0.000472389998554,0.826210377471,-0.563361508276,127,ABSORB
490,3.02914436633,-8252.14860174,5648.21648467,-0.000472389998554,0.826210377471,-0.563361508276,-5,CREATE
490,-1.70668417261,30.8182196713,0.375681950544,-0.0379581892598,-0.0494641863537,0.998054342276,8,REFLECT
490,-1.70668417261,30.8182196713,0.375681950544,-0.0379581892598,-0.0494641863537,0.998054342276,-5,EXIT
491,20.1193765264,-8252.75031103,5647.31970399,-0.000472389998554,0.826210377471,-0.563361508276,-5,CREATE
491,15.3848607061,27.920564762,1.04441948524,-0.258240448538,0.00271005958299,0.966076873916,29,REFLECT
491,15.3848607061,27.920564762,1.04441948524,-0.258240448538,0.00271005958299,0.966076873916,-5,EXIT
492,4.95137575294,-8233.25493013,5675.92380809,-0.000472389998554,0.826210377471,-0.563361508276,-5,CREATE
492,0.24397024148,-1.21219083973e-16,61.9796578745,-0.000472389998554,0.826210377471,-0.563361508276,127,ABSORB
493,19.7606507811,-8254.91646446,5644.14318419,-0.000472389998554,0.826210377471,-0.563361508276,-5,CREATE
493,15.0270890491,24.0857103435,-0.994276430992,-0.248407535216,0.0668416875055,0.966346669296,49,REFLECT
493,15.0270890491,24.0857103435,-0.994276430992,-0.248407535216,0.0668416875055,0.966346669296,-5,EXIT
494,-8.72385876763,-8254.55543889,5644.69653913,-0.000472389998554,0.826210377471,-0.563361508276,-5,CREATE
494,-13.457659949,24.8655329558,-0.726483305819,0.12686062001,0.0365243023508,0.991247879407,95,REFLECT
494,-13.457659949,24.8655329558,-0.726483305819,0.12686062001,0.0365243023508,0.991247879407,-5,EXIT
495,1.74371068457,-8235.78210913,5672.22020708,-0.000472389998554,0.826210377471,-0.563361508276,-5,CREATE
495,-2.96513975438,2.1107587366e-16,56.5528693856,-0.000472389998554,0.826210377471,-0.563361508276,127,ABSORB
496,4.0961462005,-8253.1113366,5646.8036697,-0.000472389998554,0.826210377471,-0.563361508276,-5,CREATE
496,-0.639255366752,29.1087110985,-0.527936358895,-0.000472389998554,0.826210377471,-0.563361508276,19,ABSORB
497,-7.297243246,-8252.62996917,5647.51918342,-0.000472389998554,0.826210377471,-0.563361508276,-5,CREATE
497,-12.031979749,28.4268808426,0.980717729839,0.120308420885,-0.0109650833373,0.992676004954,81,REFLECT
497,-12.031979749,28.4268808426,0.980717729839,0.120308420885,-0.0109650833373,0.992676004954,-5,EXIT
498,-12.9968977763,-8254.79612261,5644.34714209,-0.000472389998554,0.826210377471,-0.563361508276,-5,CREATE
498,-17.7304026787,24.1066571904,-0.72254484529,0.172861404041,0.0561593120682,0.98334381915,92,REFLECT
498,-17.7304026787,24.1066571904,-0.72254484529,0.172861404041,0.0561593120682,0.98334381915,-5,EXIT
499,21.1863783606,-8253.71304589,5645.90688902,-0.000472389998554,0.826210377471,-0.563361508276,-5,CREATE
499,16.4523934836,26.0292096884,0.264795405122,-0.263689359202,0.035664656201,0.963948107598,40,REFLECT
499,16.4523934836,26.0292096884,0.264795405122,-0.263689359202,0.035664656201,0.963948107598,-5,EXIT
500,6.01837758712,-8234.21766498,5674.51099312,-0.000472389998554,0.826210377471,-0.563361508276,-5,CREATE
500,1.31042162709,5.48699743093e-18,59.9103905316,-0.000472389998554,0.826210377471,-0.563361508276,127,ABSORB
501,27.6802331055,-8257.18958844,5640.80284283,-0.000472389998554,0.826210377471,-0.563361508276,-5,CREATE
501,22.9499958005,15.9981615231,-0.369982101297,-0.343911984685,0.194765874844,0.91858086241,67,REFLECT
501,22.9499958005,15.9981615231,-0.369982101297,-0.343911984685,0.194765874844,0.91858086241,-5,EXIT
502,0.945991588302,-8233.00087509,5676.29975676,-0.000472389998554,0.826210377471,-0.563361508276,-5,CREATE
502,-3.7612686659,-1.54846608589e-16,62.5288370279,-0.000472389998554,0.826210377471,-0.563361508276,127,ABSORB
503,-6.67663428037,-8254.66240943,5644.53794246,-0.000472389998554,0.826210377471,-0.563361508276,-5,CREATE
503,-11.4104763118,24.8300092796,-0.933796880162,0.106103577056,0.0486252344308,0.993165453242,101,REFLECT
503,-11.4104763118,24.8300092796,-0.933796880162,0.106103577056,0.0486252344308,0.993165453242,-5,EXIT
504,3.79093517183,-8235.88907967,5672.06161041,-0.000472389998554,0.826210377471,-0.563361508276,-5,CREATE
504,-0.917976428079,2.25253353784e-16,56.3213335643,-0.000472389998554,0.826210377471,-0.563361508276,127,ABSORB
505,1.87062765979,-8253.21830714,5646.64865581,-0.000472389998554,0.826210377471,-0.563361508276,-5,CREATE
505,-2.86476574346,28.9874617034,-0.673214036807,-0.0263079751098,-0.0231732084469,0.999385257474,17,REFLECT
505,-2.86476574346,28.9874617034,-0.673214036807,-0.0263079751098,-0.0231732084469,0.999385257474,-5,EXIT
506,-9.52276178672,-8252.73693971,5647.36416953,-0.000472389998554,0.826210377471,-0.563361508276,-5,CREATE
506,-14.2573592774,28.0767775719,0.991486826415,0.134996294098,-0.010327129912,0.990792284471,80,REFLECT
506,-14.2573592774,28.0767775719,0.991486826415,0.134996294098,-0.010327129912,0.990792284471,-5,EXIT
507,-10.949673289,-8254.90309315,5644.18854542,-0.000472389998554,0.826210377471,-0.563361508276,-5,CREATE
507,-15.6832275428,24.086002153,-0.939996780306,0.146551168965,0.060921646319,0.987325330317,98,REFLECT
507,-15.6832275428,24.086002153,-0.939996780306,0.146551168965,0.060921646319,0.987325330317,-5,EXIT
508,8.06560207437,-8234.32463552,5674.35239645,-0.000472389998554,0.826210377471,-0.563361508276,-5,CREATE
508,3.35758495339,1.96644775546e-17,59.6788547103,-0.000472389998554,0.826210377471,-0.563361508276,127,ABSORB
509,3.29724318141,-8251.29283742,5649.4713001,-0.000472389998554,0.826210377471,-0.563361508276,-5,CREATE
509,-1.43894422268,32.3016393569,1.20252300274,-0.0427178609598,-0.068370862395,0.996745007276,3,REFLECT
509,-1.43894422268,32.3016393569,1.20252300274,-0.0427178609598,-0.068370862395,0.996745007276,-5,EXIT
510,-25.1939259332,-8256.34719543,5642.08260911,-0.000472389998554,0.826210377471,-0.563361508276,-5,CREATE
510,-29.9238527049,16.2974318207,1.28011894785,0.321815866006,0.181541972757,0.929234663857,102,REFLECT
510,-29.9238527049,16.2974318207,1.28011894785,0.321815866006,0.181541972757,0.929234663857,-5,EXIT
511,19.6738716,-8253.09796528,5646.81021746,-0.000472389998554,0.826210377471,-0.563361508276,-5,CREATE
511,14.9394823382,27.3515596111,0.685863730995,-0.237131130054,0.0052900970553,0.971463247906,34,REFLECT
511,14.9394823382,27.3515596111,0.685863730995,-0.237131130054,0.0052900970553,0.971463247906,-5,EXIT
512,-8.81182187154,-8253.69967457,5645.95165312,-0.000472389998554,0.826210377471,-0.563361508276,-5,CREATE
512,-13.5460018085,26.3837409776,0.0769354649688,0.1241409646,0.0199079523732,0.992064863978,90,REFLECT
512,-13.5460018085,26.3837409776,0.0769354649688,0.1241409646,0.0199079523732,0.992064863978,-5,EXIT
513,1.65574758066,-8234.92634481,5673.47532108,-0.000472389998554,0.826210377471,-0.563361508276,-5,CREATE
513,-3.05261357068,9.84924268588e-17,58.3914966025,-0.000472389998554,0.826210377471,-0.563361508276,127,ABSORB
514,-18.785995314,-8257.30993029,5640.66531567,-0.000472389998554,0.826210377471,-0.563361508276,-5,CREATE
514,-23.5160171383,15.5009439236,-0.250531995045,-0.000472389998554,0.826210377471,-0.563361508276,116,ABSORB
515,32.4882529347,-8256.22685358,5642.21073147,-0.000472389998554,0.826210377471,-0.563361508276,-5,CREATE
515,27.7581388116,16.745451323,1.1848103565,-0.392861336437,0.188064416192,0.90016206635,54,REFLECT
515,27.7581388116,16.745451323,1.1848103565,-0.392861336437,0.188064416192,0.90016206635,-5,EXIT
516,-13.0836769574,-8252.97762343,5647.01417536,-0.000472389998554,0.826210377471,-0.563361508276,-5,CREATE
516,-17.8180132885,27.3793256565,0.952945563993,0.178623653375,0.0055710464064,0.983901699306,77,REFLECT
516,-17.8180132885,27.3793256565,0.952945563993,0.178623653375,0.0055710464064,0.983901699306,-5,EXIT
517,3.08183691437,-8233.42875725,5675.67044569,-0.000472389998554,0.826210377471,-0.563361508276,-5,CREATE
517,-1.62566798364,-9.84474793775e-17,61.6077693494,-0.000472389998554,0.826210377471,-0.563361508276,127,ABSORB
518,6.85452436677,-8254.00721487,5645.48748649,-0.000472389998554,0.826210377471,-0.563361508276,-5,CREATE
518,2.11954898353,27.4674367479,-1.33586225977,-0.0843105563415,0.0054049368268,0.996424867588,26,REFLECT
518,2.11954898353,27.4674367479,-1.33586225977,-0.0843105563415,0.0054049368268,0.996424867588,-5,EXIT
519,-21.6326490083,-8255.81234273,5642.86402306,-0.000472389998554,0.826210377471,-0.563361508276,-5,CREATE
519,-26.3632090681,17.9399057489,1.30628800369,-0.000472389998554,0.826210377471,-0.563361508276,105,ABSORB
520,-21.9922626957,-8258.70054731,5638.6285638,-0.000472389998554,0.826210377471,-0.563361508276,-5,CREATE
520,-26.7212286652,12.2636362154,-1.02809554838,0.284364080802,0.231226839663,0.930414541035,123,REFLECT
520,-26.7212286652,12.2636362154,-1.02809554838,0.284364080802,0.231226839663,0.930414541035,-5,EXIT
521,29.281985553,-8257.6174706,5640.17397961,-0.000472389998554,0.826210377471,-0.563361508276,-5,CREATE
521,24.5521910224,14.7958668297,-0.470802798238,-0.000472389998554,0.826210377471,-0.563361508276,68,ABSORB
522,6.50201421623,-8251.1190103,5649.72354288,-0.000472389998554,0.826210377471,-0.563361508276,-5,CREATE
522,1.7658122662,32.5009073471,1.43741862682,-0.0735122704509,-0.0644560715153,0.995209204609,5,REFLECT
522,1.7658122662,32.5009073471,1.43741862682,-0.0735122704509,-0.0644560715153,0.995209204609,-5,EXIT
523,4.14883874854,-8234.39149211,5674.25763072,-0.000472389998554,0.826210377471,-0.563361508276,-5,CREATE
523,-0.559216598038,2.82586020268e-17,59.5385020065,-0.000472389998554,0.826210377471,-0.563361508276,127,ABSORB
524,30.7086010747,-8255.69200088,5642.9966239,-0.000472389998554,0.826210377471,-0.563361508276,-5,CREATE
524,25.9779644834,18.1941011708,1.34761917536,-0.379673547723,0.174190084612,0.908573503676,53,REFLECT
524,25.9779644834,18.1941011708,1.34761917536,-0.379673547723,0.174190084612,0.908573503676,-5,EXIT
525,-20.5656471741,-8256.77507759,5641.45120809,-0.000472389998554,0.826210377471,-0.563361508276,-5,CREATE
525,-25.295794182,16.2547427126,0.386069396708,0.274018414262,0.173402225026,0.94596277781,110,REFLECT
525,-25.295794182,16.2547427126,0.386069396708,0.274018414262,0.173402225026,0.94596277781,-5,EXIT
526,-12.018385234,-8255.33097531,5643.56192144,-0.000472389998554,0.826210377471,-0.563361508276,-5,CREATE
526,-16.7516970373,23.234074135,-1.27747998121,0.170332201728,0.0655211873033,0.983205937263,97,REFLECT
526,-16.7516970373,23.234074135,-1.27747998121,0.170332201728,0.0655211873033,0.983205937263,-5,EXIT
527,22.164890903,-8254.24789859,5645.12166837,-0.000472389998554,0.826210377471,-0.563361508276,-5,CREATE
527,17.4312237308,24.9386910326,-0.141537713791,-0.27811344289,0.0485826322341,0.959318842059,41,REFLECT
527,17.4312237308,24.9386910326,-0.141537713791,-0.27811344289,0.0485826322341,0.959318842059,-5,EXIT
528,6.99689012946,-8234.75251768,5673.72577247,-0.000472389998554,0.826210377471,-0.563361508276,-5,CREATE
528,2.28862836467,7.58990702045e-17,58.7604741178,-0.000472389998554,0.826210377471,-0.563361508276,127,ABSORB
529,4.36371882767,-8252.68345444,5647.43096545,-0.000472389998554,0.826210377471,-0.563361508276,-5,CREATE
529,-0.371853246484,29.8348099221,-0.103983233007,-0.0478843864814,-0.0259126815099,0.998516709158,14,REFLECT
529,-0.371853246484,29.8348099221,-0.103983233007,-0.0478843864814,-0.0259126815099,0.998516709158,-5,EXIT
530,27.1450220776,-8258.09883803,5639.46981136,-0.000472389998554,0.826210377471,-0.563361508276,-5,CREATE
530,22.4152040593,14.3555794396,-1.20298196546,-0.343653471458,0.213554525453,0.914492622285,72,REFLECT
530,22.4152040593,14.3555794396,-1.20298196546,-0.343653471458,0.213554525453,0.914492622285,-5,EXIT
531,0.58703563575,-8235.35422697,5672.8486971,-0.000472389998554,0.826210377471,-0.563361508276,-5,CREATE
531,-4.1215701594,1.54727019509e-16,57.47311601,-0.000472389998554,0.826210377471,-0.563361508276,127,ABSORB
532,6.2871341371,-8232.82704797,5676.55020815,-0.000472389998554,0.826210377471,-0.563361508276,-5,CREATE
532,1.57997326945,-1.77439965243e-16,62.8978145432,-0.000472389998554,0.826210377471,-0.563361508276,127,ABSORB
533,-24.1274502869,-8257.73781245,5640.04227446,-0.000472389998554,0.826210377471,-0.563361508276,-5,CREATE
533,-28.8567244449,13.7653928615,0.0180766125868,0.306898718393,0.206250987747,0.929125237361,112,REFLECT
533,-28.8567244449,13.7653928615,0.0180766125868,0.306898718393,0.206250987747,0.929125237361,-5,EXIT
534,18.6039757323,-8254.4885823,5644.7716742,-0.000472389998554,0.826210377471,-0.563361508276,-5,CREATE
534,13.8701314037,25.007853989,-0.702804570452,-0.000472389998554,0.826210377471,-0.563361508276,43,ABSORB
535,29.9952933138,-8256.65473574,5641.58530175,-0.000472389998554,0.826210377471,-0.563361508276,-5,CREATE
535,25.2650746564,16.50039983,0.434715339727,-0.381229148997,0.186306647766,0.905513207498,58,REFLECT
535,25.2650746564,16.50039983,0.434715339727,-0.381229148997,0.186306647766,0.905513207498,-5,EXIT
536,9.13207772063,-8235.71525254,5672.3120618,-0.000472389998554,0.826210377471,-0.563361508276,-5,CREATE
536,4.42326550727,2.02659997129e-16,56.6903110796,-0.000472389998554,0.826210377471,-0.563361508276,127,ABSORB
537,-9.88053381645,-8254.12755673,5645.32502914,-0.000472389998554,0.826210377471,-0.563361508276,-5,CREATE
537,-14.6144739212,25.5363921588,-0.263670118105,-0.000472389998554,0.826210377471,-0.563361508276,89,ABSORB
538,-22.7012294062,-8256.13325435,5642.394279,-0.000472389998554,0.826210377471,-0.563361508276,-5,CREATE
538,-27.4315152249,17.1393462021,1.1635976633,0.291455048225,0.161654482877,0.942826486173,104,REFLECT
538,-27.4315152249,17.1393462021,1.1635976633,0.291455048225,0.161654482877,0.942826486173,-5,EXIT
539,17.181701261,-8252.8840242,5647.12606726,-0.000472389998554,0.826210377471,-0.563361508276,-5,CREATE
539,12.4470207938,28.0748191381,0.65442860113,-0.230809338192,0.0063574961263,0.972978227735,32,REFLECT
539,12.4470207938,28.0748191381,0.65442860113,-0.230809338192,0.0063574961263,0.972978227735,-5,EXIT
540,2.93789258792,-8253.96710092,5645.54960068,-0.000472389998554,0.826210377471,-0.563361508276,-5,CREATE
540,-1.79716022406,27.6429736096,-1.36608781732,-0.0325197945298,-0.00265413456195,0.999467567525,23,REFLECT
540,-1.79716022406,27.6429736096,-1.36608781732,-0.0325197945298,-0.00265413456195,0.999467567525,-5,EXIT
541,-8.45431293576,-8252.52299863,5647.67703367,-0.000472389998554,0.826210377471,-0.563361508276,-5,CREATE
541,-13.1890556263,28.5446733131,1.13118892205,0.124635022196,-0.0191217476096,0.992018381891,81,REFLECT
541,-13.1890556263,28.5446733131,1.13118892205,0.124635022196,-0.0191217476096,0.992018381891,-5,EXIT
542,31.4179624261,-8257.93838222,5639.70154846,-0.000472389998554,0.826210377471,-0.563361508276,-5,CREATE
542,26.6886276079,13.6709179599,-0.394991453292,-0.381840364292,0.229676465101,0.8952355319,70,REFLECT
542,26.6886276079,13.6709179599,-0.394991453292,-0.381840364292,0.229676465101,0.8952355319,-5,EXIT
543,20.0293086708,-8253.60607535,5646.06473928,-0.000472389998554,0.826210377471,-0.563361508276,-5,CREATE
543,15.2951836906,26.3812209036,0.255561722071,-0.253626895866,0.0359933657904,0.966632233744,39,REFLECT
543,15.2951836906,26.3812209036,0.255561722071,-0.253626895866,0.0359933657904,0.966632233744,-5,EXIT
544,4.86130789736,-8234.11069444,5674.66884338,-0.000472389998554,0.826210377471,-0.563361508276,-5,CREATE
544,0.153413098277,-8.64477809228e-18,60.1411799402,-0.000472389998554,0.826210377471,-0.563361508276,127,ABSORB
545,-11.3921197482,-8252.76368235,5647.32651702,-0.000472389998554,0.826210377471,-0.563361508276,-5,CREATE
545,-16.1266240521,27.8870513089,1.06496666541,0.160009144609,0.00334147517442,0.98710987645,78,REFLECT
545,-16.1266240521,27.8870513089,1.06496666541,0.160009144609,0.00334147517442,0.98710987645,-5,EXIT
546,7.62315561522,-8232.18522473,5677.49036805,-0.000472389998554,0.826210377471,-0.563361508276,-5,CREATE
546,2.91636171328,-2.61805565598e-16,64.2756093558,-0.000472389998554,0.826210377471,-0.563361508276,127,ABSORB
547,-22.7914288088,-8257.09598921,5640.98243436,-0.000472389998554,0.826210377471,-0.563361508276,-5,CREATE
547,-27.5211891145,15.2574888143,0.378467808164,-0.000472389998554,0.826210377471,-0.563361508276,108,ABSORB
548,17.0915018584,-8253.84675906,5645.71422262,-0.000472389998554,0.826210377471,-0.563361508276,-5,CREATE
548,12.3572532385,26.3567831109,-0.242404824054,-0.225900664311,0.0346711791671,0.973533152594,37,REFLECT
548,12.3572532385,26.3567831109,-0.242404824054,-0.225900664311,0.0346711791671,0.973533152594,-5,EXIT
549,5.69929633473,-8252.40265677,5647.84165562,-0.000472389998554,0.826210377471,-0.563361508276,-5,CREATE
549,0.963626462837,30.2866558929,0.190075588175,-0.0691930515398,-0.0386146523241,0.996855671722,15,REFLECT
549,0.963626462837,30.2866558929,0.190075588175,-0.0691930515398,-0.0386146523241,0.996855671722,-5,EXIT
550,-7.12026466234,-8253.48573349,5646.26399478,-0.000472389998554,0.826210377471,-0.563361508276,-5,CREATE
550,-11.854611332,26.8892977735,0.19043542738,0.10896094495,0.0180910783904,0.99388139401,91,REFLECT
550,-11.854611332,26.8892977735,0.19043542738,0.10896094495,0.0180910783904,0.99388139401,-5,EXIT
551,3.34730478986,-8234.71240373,5673.78766273,-0.000472389998554,0.826210377471,-0.563361508276,-5,CREATE
551,-1.36093403958,7.04345465144e-17,58.8497165621,-0.000472389998554,0.826210377471,-0.563361508276,127,ABSORB
552,9.04621936839,-8233.14795959,5676.07725451,-0.000472389998554,0.826210377471,-0.563361508276,-5,CREATE
552,4.33887501788,-1.35081202354e-16,62.2060434478,-0.000472389998554,0.826210377471,-0.563361508276,127,ABSORB
553,-21.3683650556,-8258.05872407,5639.56932083,-0.000472389998554,0.826210377471,-0.563361508276,-5,CREATE
553,-26.0977413109,13.6230494787,-0.576635930939,0.283925495102,0.209598030073,0.935657511604,118,REFLECT
553,-26.0977413109,13.6230494787,-0.576635930939,0.283925495102,0.209598030073,0.935657511604,-5,EXIT
554,-10.681179833,-8253.72641721,5645.91400061,-0.000472389998554,0.826210377471,-0.563361508276,-5,CREATE
554,-15.4152675117,26.1956386048,0.149308034864,0.145222928173,0.0259879111896,0.989057596708,89,REFLECT
554,-15.4152675117,26.1956386048,0.149308034864,0.145222928173,0.0259879111896,0.989057596708,-5,EXIT
555,8.33054376195,-8236.03616416,5671.84209382,-0.000472389998554,0.826210377471,-0.563361508276,-5,CREATE
555,3.62154806573,2.44835941617e-16,56.0015256352,-0.000472389998554,0.826210377471,-0.563361508276,127,ABSORB
556,2.6375487975,-8232.78693401,5676.61209841,-0.000472389998554,0.826210377471,-0.563361508276,-5,CREATE
556,-2.0695891348,-1.82904488934e-16,62.9870569875,-0.000472389998554,0.826210377471,-0.563361508276,127,ABSORB
557,6.41023624991,-8253.36539163,5646.42913921,-0.000472389998554,0.826210377471,-0.563361508276,-5,CREATE
557,1.67498643259,28.5892453411,-0.721493337594,-0.0721910417093,-0.0132611228003,0.997302660239,20,REFLECT
557,1.67498643259,28.5892453411,-0.721493337594,-0.0721910417093,-0.0132611228003,0.997302660239,-5,EXIT
558,-0.214498322933,-8235.67513859,5672.37872911,-0.000472389998554,0.826210377471,-0.563361508276,-5,CREATE
558,-4.92328760094,1.96902963996e-16,56.7843305656,-0.000472389998554,0.826210377471,-0.563361508276,127,ABSORB
559,30.6164284674,-8258.25929384,5639.23158047,-0.000472389998554,0.826210377471,-0.563361508276,-5,CREATE
559,25.887162219,13.2300777557,-0.783184688783,-0.374053617022,0.23049204469,0.898308025639,70,REFLECT
559,25.887162219,13.2300777557,-0.783184688783,-0.374053617022,0.23049204469,0.898308025639,-5,EXIT
560,7.83645713059,-8251.76083353,5648.78114375,-0.000472389998554,0.826210377471,-0.563361508276,-5,CREATE
560,3.10055023505,31.3430336316,0.846894730384,-0.0919164805047,-0.0446383258442,0.994765691245,11,REFLECT
560,3.10055023505,31.3430336316,0.846894730384,-0.0919164805047,-0.0446383258442,0.994765691245,-5,EXIT
561,1.21172255775,-8234.07058049,5674.73073364,-0.000472389998554,0.826210377471,-0.563361508276,-5,CREATE
561,-3.49614930597,-1.41093017826e-17,60.2304223845,-0.000472389998554,0.826210377471,-0.563361508276,127,ABSORB
562,21.7190242223,-8254.88972183,5644.18076206,-0.000472389998554,0.826210377471,-0.563361508276,-5,CREATE
562,16.9856076206,23.8586201181,-0.783619562684,-0.000472389998554,0.826210377471,-0.563361508276,46,ABSORB
563,6.55102344884,-8235.39434092,5672.78486616,-0.000472389998554,0.826210377471,-0.563361508276,-5,CREATE
563,1.84239471833,1.6031037516e-16,57.3819328925,-0.000472389998554,0.826210377471,-0.563361508276,127,ABSORB
564,3.70652383637,-8232.14511077,5677.55248223,-0.000472389998554,0.826210377471,-0.563361508276,-5,CREATE
564,-1.00024713022,-2.67283800669e-16,64.365075724,-0.000472389998554,0.826210377471,-0.563361508276,127,ABSORB
565,1.78266455588,-8252.36254282,5647.90376981,-0.000472389998554,0.826210377471,-0.563361508276,-5,CREATE
565,-2.95308679203,30.4692714495,0.155023337109,-0.027930692829,-0.0383360626145,0.998874477951,12,REFLECT
565,-2.95308679203,30.4692714495,0.155023337109,-0.027930692829,-0.0383360626145,0.998874477951,-5,EXIT
566,7.97882289328,-8232.50613635,5677.01942973,-0.000472389998554,0.826210377471,-0.563361508276,-5,CREATE
566,3.27184550848,-2.1957020513e-16,63.5858535748,-0.000472389998554,0.826210377471,-0.563361508276,127,ABSORB
567,-22.4357615307,-8257.41690083,5640.51149604,-0.000472389998554,0.826210377471,-0.563361508276,-5,CREATE
567,-27.1653744398,14.6787803741,0.0833113551331,0.286155521461,0.194646385641,0.938204563032,113,REFLECT
567,-27.1653744398,14.6787803741,0.0833113551331,0.286155521461,0.194646385641,0.938204563032,-5,EXIT
568,28.838486718,-8256.33382412,5642.05691185,-0.000472389998554,0.826210377471,-0.563361508276,-5,CREATE
568,24.1079403078,17.3945512403,0.515454971479,-0.363319767595,0.170561767809,0.915918899159,57,REFLECT
568,24.1079403078,17.3945512403,0.515454971479,-0.363319767595,0.170561767809,0.915918899159,-5,EXIT
569,-8.19002898309,-8254.76937997,5644.38233144,-0.000472389998554,0.826210377471,-0.563361508276,-5,CREATE
569,-12.9237594931,24.5279877156,-0.956410005217,0.12350516591,0.0426901856548,0.991425247834,100,REFLECT
569,-12.9237594931,24.5279877156,-0.956410005217,0.12350516591,0.0426901856548,0.991425247834,-5,EXIT
570,4.41391198309,-8235.99605021,5671.904208,-0.000472389998554,0.826210377471,-0.563361508276,-5,CREATE
570,-0.295060777766,2.39357706547e-16,56.0909920034,-0.000472389998554,0.826210377471,-0.563361508276,127,ABSORB
571,19.5859084961,-8252.24220096,5648.06533146,-0.000472389998554,0.826210377471,-0.563361508276,-5,CREATE
571,14.8511268025,28.8936872868,1.4729725973,-0.000472389998554,0.826210377471,-0.563361508276,28,ABSORB
572,-20.3005739396,-8258.37963569,5639.09778537,-0.000472389998554,0.826210377471,-0.563361508276,-5,CREATE
572,-25.0298790059,13.1776284289,-0.963273128419,0.266521405997,0.210237524692,0.94062028649,124,REFLECT
572,-25.0298790059,13.1776284289,-0.963273128419,0.266521405997,0.210237524692,0.94062028649,-5,EXIT
573,33.8221696612,-8257.29655898,5640.64081266,-0.000472389998554,0.826210377471,-0.563361508276,-5,CREATE
573,29.0928128587,14.3511916886,0.518054819362,-0.405801437947,0.223430658077,0.886230181156,61,REFLECT
573,29.0928128587,14.3511916886,0.518054819362,-0.405801437947,0.223430658077,0.886230181156,-5,EXIT
574,-11.749760231,-8254.04732883,5645.44425655,-0.000472389998554,0.826210377471,-0.563361508276,-5,CREATE
574,-16.4836548977,25.5371490833,-0.0902544654248,0.182072218832,0.029955969396,0.982828747558,88,REFLECT
574,-16.4836548977,25.5371490833,-0.0902544654248,0.182072218832,0.029955969396,0.982828747558,-5,EXIT
575,22.433515906,-8252.96425211,5647.00400348,-0.000472389998554,0.826210377471,-0.563361508276,-5,CREATE
575,17.6992743075,27.2270094723,1.05574970529,-0.285359578185,0.0216452635565,0.958176076566,31,REFLECT
575,17.6992743075,27.2270094723,1.05574970529,-0.285359578185,0.0216452635565,0.958176076566,-5,EXIT
576,7.26551513247,-8233.4688712,5675.60810758,-0.000472389998554,0.826210377471,-0.563361508276,-5,CREATE
576,2.5579872991,-9.29555329269e-17,61.5180790574,-0.000472389998554,0.826210377471,-0.563361508276,127,ABSORB
577,-17.4520128141,-8258.32615042,5639.17383681,-0.000472389998554,0.826210377471,-0.563361508276,-5,CREATE
577,-22.1816104413,13.7428027447,-1.23612303541,0.23468583543,0.206370058132,0.949912605325,126,REFLECT
577,-22.1816104413,13.7428027447,-1.23612303541,0.23468583543,0.206370058132,0.949912605325,-5,EXIT
578,3.91969380476,-8251.82769012,5648.68637801,-0.000472389998554,0.826210377471,-0.563361508276,-5,CREATE
578,-0.816256946539,31.3528807872,0.699827624833,-0.0440150108731,-0.0574302135985,0.997378789319,8,REFLECT
578,-0.816256946539,31.3528807872,0.699827624833,-0.0440150108731,-0.0574302135985,0.997378789319,-5,EXIT
579,0.143010612842,-8234.49846265,5674.10410966,-0.000472389998554,0.826210377471,-0.563361508276,-5,CREATE
579,-4.56510589469,4.21252908675e-17,59.312041792,-0.000472389998554,0.826210377471,-0.563361508276,127,ABSORB
580,-13.1721662492,-8252.54974127,5647.64176968,-0.000472389998554,0.826210377471,-0.563361508276,-5,CREATE
580,-17.9066859489,28.1279194581,1.36185878297,0.173880593281,0.00292185093343,0.984762408943,77,REFLECT
580,-17.9066859489,28.1279194581,1.36185878297,0.173880593281,0.00292185093343,0.984762408943,-5,EXIT
581,5.84310911419,-8231.97128365,5677.80562071,-0.000472389998554,0.826210377471,-0.563361508276,-5,CREATE
581,1.13643753415,-2.90041693885e-16,64.7367403252,-0.000472389998554,0.826210377471,-0.563361508276,127,ABSORB
582,-24.5714753098,-8256.88204813,5641.29768703,-0.000472389998554,0.826210377471,-0.563361508276,-5,CREATE
582,-29.3011762105,15.3675303991,0.764565596099,0.311070438669,0.190996708718,0.930997013661,107,REFLECT
582,-29.3011762105,15.3675303991,0.764565596099,0.311070438669,0.190996708718,0.930997013661,-5,EXIT
583,18.1599507094,-8253.63281798,5646.02708677,-0.000472389998554,0.826210377471,-0.563361508276,-5,CREATE
583,13.4256923771,26.5877111191,0.0588765776336,-0.237958487083,0.0244274337948,0.970968103958,38,REFLECT
583,13.4256923771,26.5877111191,0.0588765776336,-0.237958487083,0.0244274337948,0.970968103958,-5,EXIT
584,29.5477165225,-8258.687176,5638.60495649,-0.000472389998554,0.826210377471,-0.563361508276,-5,CREATE
584,24.818541692,12.6423056127,-1.3007857583,-0.363984608843,0.231739755493,0.902115231137,74,REFLECT
584,24.818541692,12.6423056127,-1.3007857583,-0.363984608843,0.231739755493,0.902115231137,-5,EXIT
585,8.68805269772,-8234.85948822,5673.56747437,-0.000472389998554,0.826210377471,-0.563361508276,-5,CREATE
585,3.97972977198,9.00582684881e-17,58.5292368616,-0.000472389998554,0.826210377471,-0.563361508276,127,ABSORB
586,-10.3245588394,-8253.27179241,5646.5804417,-0.000472389998554,0.826210377471,-0.563361508276,-5,CREATE
586,-15.0588752296,27.0502800625,0.542992942411,0.145348123422,0.00650275709448,0.989359205328,84,REFLECT
586,-15.0588752296,27.0502800625,0.542992942411,0.145348123422,0.00650275709448,0.989359205328,-5,EXIT
587,2.8122910825,-8235.46119751,5672.68995114,-0.000472389998554,0.826210377471,-0.563361508276,-5,CREATE
587,-1.89637587359,1.68913640553e-16,57.2414309061,-0.000472389998554,0.826210377471,-0.563361508276,127,ABSORB
588,-19.0536994882,-8257.84478299,5639.88113999,-0.000472389998554,0.826210377471,-0.563361508276,-5,CREATE
588,-23.7834062421,14.4150329942,-0.658961969962,0.263200823818,0.198863689604,0.944022541732,120,REFLECT
588,-23.7834062421,14.4150329942,-0.658961969962,0.263200823818,0.198863689604,0.944022541732,-5,EXIT
589,32.2205487606,-8256.76170628,5641.4265558,-0.000472389998554,0.826210377471,-0.563361508276,-5,CREATE
589,27.4906865222,15.7700520382,0.701026684182,-0.395652872758,0.205736077499,0.895059478858,60,REFLECT
589,27.4906865222,15.7700520382,0.701026684182,-0.395652872758,0.205736077499,0.895059478858,-5,EXIT
590,-13.3513811315,-8253.51247613,5646.22999969,-0.000472389998554,0.826210377471,-0.563361508276,-5,CREATE
590,-18.0854560504,26.3872628287,0.48052412943,0.179582360739,0.0123842673688,0.983664986483,82,REFLECT
590,-18.0854560504,26.3872628287,0.48052412943,0.179582360739,0.0123842673688,0.983664986483,-5,EXIT
591,5.66034246343,-8235.82222308,5672.1580929,-0.000472389998554,0.826210377471,-0.563361508276,-5,CREATE
591,0.951469089114,2.1655410873e-16,56.4634030174,-0.000472389998554,0.826210377471,-0.563361508276,127,ABSORB
592,4.24009052695,-8232.57299293,5676.92451471,-0.000472389998554,0.826210377471,-0.563361508276,-5,CREATE
592,-0.46692508345,-2.10966939738e-16,63.4453515885,-0.000472389998554,0.826210377471,-0.563361508276,127,ABSORB
593,8.01277797935,-8253.15145055,5646.74155551,-0.000472389998554,0.826210377471,-0.563361508276,-5,CREATE
593,3.27746572276,28.9123927453,-0.483540690692,-0.0911177724509,-0.0116646329178,0.995771805125,21,REFLECT
593,3.27746572276,28.9123927453,-0.483540690692,-0.0911177724509,-0.0116646329178,0.995771805125,-5,EXIT
594,-23.327626439,-8258.80751785,5638.4728035,-0.000472389998554,0.826210377471,-0.563361508276,-5,CREATE
594,-28.0564070886,11.8325411677,-0.962847644796,0.296394644981,0.233769248283,0.926014121374,122,REFLECT
594,-28.0564070886,11.8325411677,-0.962847644796,0.296394644981,0.233769248283,0.926014121374,-5,EXIT
595,27.9466218098,-8257.72444114,5640.01821931,-0.000472389998554,0.826210377471,-0.563361508276,-5,CREATE
595,23.2167056242,14.9016709523,-0.771646067768,-0.352004946651,0.204249095371,0.913441199297,67,REFLECT
595,23.2167056242,14.9016709523,-0.771646067768,-0.352004946651,0.204249095371,0.913441199297,-5,EXIT
596,5.16665047301,-8251.22598083,5649.56778258,-0.000472389998554,0.826210377471,-0.563361508276,-5,CREATE
596,0.430467227224,32.3612230687,1.30396458356,-0.0633038363261,-0.0645709112126,0.995903219059,4,REFLECT
596,0.430467227224,32.3612230687,1.30396458356,-0.0633038363261,-0.0645709112126,0.995903219059,-5,EXIT
597,-6.94433845452,-8255.19726213,5643.75376678,-0.000472389998554,0.826210377471,-0.563361508276,-5,CREATE
597,-11.6779214734,23.8421434695,-1.40908010183,0.102908343032,0.0543828558095,0.993203089971,101,REFLECT
597,-11.6779214734,23.8421434695,-1.40908010183,0.102908343032,0.0543828558095,0.993203089971,-5,EXIT
598,3.52678276613,-8233.53572779,5675.51319256,-0.000472389998554,0.826210377471,-0.563361508276,-5,CREATE
598,-1.18078329283,-8.43522675346e-17,61.3775770711,-0.000472389998554,0.826210377471,-0.563361508276,127,ABSORB
599,30.0849665285,-8256.11988304,5642.36962671,-0.000472389998554,0.826210377471,-0.563361508276,-5,CREATE
599,25.3544695392,17.5220549942,0.88710816545,-0.377595656702,0.173358717926,0.909597864421,53,REFLECT
599,25.3544695392,17.5220549942,0.88710816545,-0.377595656702,0.173358717926,0.909597864421,-5,EXIT
600,9.22530270373,-8232.29219527,5677.33214459,-0.000472389998554,0.826210377471,-0.563361508276,-5,CREATE
600,4.51844764083,-2.47650937775e-16,64.0444467408,-0.000472389998554,0.826210377471,-0.563361508276,127,ABSORB
601,-21.1892817203,-8257.20295975,5640.8242109,-0.000472389998554,0.826210377471,-0.563361508276,-5,CREATE
601,-25.9191289855,15.3026104887,0.116538435471,0.280344772858,0.188262871017,0.941256553617,114,REFLECT
601,-25.9191289855,15.3026104887,0.116538435471,0.280344772858,0.188262871017,0.941256553617,-5,EXIT
602,7.79750325929,-8235.18039984,5673.09758102,-0.000472389998554,0.826210377471,-0.563361508276,-5,CREATE
602,3.08899685069,1.32229642516e-16,57.8405260585,-0.000472389998554,0.826210377471,-0.563361508276,127,ABSORB
603,2.10450829484,-8231.93116969,5677.86758562,-0.000472389998554,0.826210377471,-0.563361508276,-5,CREATE
603,-2.60214034984,-2.95510788035e-16,64.8260574109,-0.000472389998554,0.826210377471,-0.563361508276,127,ABSORB
604,3.02914436633,-8252.14860174,5648.21648467,-0.000472389998554,0.826210377471,-0.563361508276,-5,CREATE
604,-1.70668417261,30.8182196713,0.375681950544,-0.0422758771683,-0.0427893311307,0.998189272308,8,REFLECT
604,-1.70668417261,30.8182196713,0.375681950544,-0.0422758771683,-0.0427893311307,0.998189272308,-5,EXIT
605,20.1193765264,-8252.75031103,5647.31970399,-0.000472389998554,0.826210377471,-0.563361508276,-5,CREATE
605,15.3848607061,27.920564762,1.04441948524,-0.258294552921,0.0124336241464,0.965986194996,29,REFLECT
605,15.3848607061,27.920564762,1.04441948524,-0.258294552921,0.0124336241464,0.965986194996,-5,EXIT
606,4.95137575294,-8233.25493013,5675.92380809,-0.000472389998554,0.826210377471,-0.563361508276,-5,CREATE
606,0.24397024148,-1.21219083973e-16,61.9796578745,-0.000472389998554,0.826210377471,-0.563361508276,127,ABSORB
607,19.7606507811,-8254.91646446,5644.14318419,-0.000472389998554,0.826210377471,-0.563361508276,-5,CREATE
607,15.0270890491,24.0857103435,-0.994276430992,-0.000472389998554,0.826210377471,-0.563361508276,49,ABSORB
608,-8.72385876763,-8254.55543889,5644.69653913,-0.000472389998554,0.826210377471,-0.563361508276,-5,CREATE
608,-13.457659949,24.8655329558,-0.726483305819,-0.000472389998554,0.826210377471,-0.563361508276,95,ABSORB
609,1.74371068457,-8235.78210913,5672.22020708,-0.000472389998554,0.826210377471,-0.563361508276,-5,CREATE
609,-2.96513975438,2.1107587366e-16,56.5528693856,-0.000472389998554,0.826210377471,-0.563361508276,127,ABSORB
610,4.0961462005,-8253.1113366,5646.8036697,-0.000472389998554,0.826210377471,-0.563361508276,-5,CREATE
610,-0.639255366752,29.1087110985,-0.527936358895,-0.0574112631227,-0.0211094365377,0.998127415992,19,REFLECT
610,-0.639255366752,29.1087110985,-0.527936358895,-0.0574112631227,-0.0211094365377,0.998127415992,-5,EXIT
611,-7.297243246,-8252.62996917,5647.51918342,-0.000472389998554,0.826210377471,-0.563361508276,-5,CREATE
611,-12.031979749,28.4268808426,0.980717729839,-0.000472389998554,0.826210377471,-0.563361508276,81,ABSORB
612,-12.9968977763,-8254.79612261,5644.34714209,-0.000472389998554,0.826210377471,-0.563361508276,-5,CREATE
612,-17.7304026787,24.1066571904,-0.72254484529,0.133299620177,0.0480970507531,0.989908018439,92,REFLECT
612,-17.7304026787,24.1066571904,-0.72254484529,0.133299620177,0.0480970507531,0.989908018439,-5,EXIT
613,21.1863783606,-8253.71304589,5645.90688902,-0.000472389998554,0.826210377471,-0.563361508276,-5,CREATE
613,16.4523934836,26.0292096884,0.264795405122,-0.265385681257,0.0398296788716,0.963319280854,40,REFLECT
613,16.4523934836,26.0292096884,0.264795405122,-0.265385681257,0.0398296788716,0.963319280854,-5,EXIT
614,6.01837758712,-8234.21766498,5674.51099312,-0.000472389998554,0.826210377471,-0.563361508276,-5,CREATE
614,1.31042162709,5.48699743093e-18,59.9103905316,-0.000472389998554,0.826210377471,-0.563361508276,127,ABSORB
615,-22.2562835545,-8256.24022489,5642.23702587,-0.000472389998554,0.826210377471,-0.563361508276,-5,CREATE
615,-26.9865572754,17.0112166521,1.02077206357,0.286117216566,0.164837385822,0.943909728004,104,REFLECT
615,-26.9865572754,17.0112166521,1.02077206357,0.286117216566,0.164837385822,0.943909728004,-5,EXIT
616,17.6266471127,-8252.99099474,5646.96881413,-0.000472389998554,0.826210377471,-0.563361508276,-5,CREATE
616,12.8920448931,27.8309935459,0.590491742875,-0.227817185559,0.00642047038395,0.973682755072,32,REFLECT
616,12.8920448931,27.8309935459,0.590491742875,-0.227817185559,0.00642047038395,0.973682755072,-5,EXIT
617,6.23286302531,-8252.83053893,5647.21368809,-0.000472389998554,0.826210377471,-0.563361508276,-5,CREATE
617,1.49738687026,29.5199628665,-0.206869662474,-0.0694923113335,-0.0209174572162,0.99736316287,15,REFLECT
617,1.49738687026,29.5199628665,-0.206869662474,-0.0694923113335,-0.0209174572162,0.99736316287,-5,EXIT
618,-8.01094564775,-8253.91361565,5645.63722151,-0.000472389998554,0.826210377471,-0.563361508276,-5,CREATE
618,-12.7450691632,26.0711186695,-0.170209160058,0.113902396971,0.0238887291319,0.993204698229,91,REFLECT
618,-12.7450691632,26.0711186695,-0.170209160058,0.113902396971,0.0238887291319,0.993204698229,-5,EXIT
619,3.88087148043,-8235.14028589,5673.15969521,-0.000472389998554,0.826210377471,-0.563361508276,-5,CREATE
619,-0.827611992808,1.26751407445e-16,57.9299924267,-0.000472389998554,0.826210377471,-0.563361508276,127,ABSORB
620,9.58096998179,-8232.61310689,5676.86120626,-0.000472389998554,0.826210377471,-0.563361508276,-5,CREATE
620,4.87393143604,-2.05415577307e-16,63.3546909599,-0.000472389998554,0.826210377471,-0.563361508276,127,ABSORB
621,-20.8336144422,-8257.52387137,5640.35327258,-0.000472389998554,0.826210377471,-0.563361508276,-5,CREATE
621,-25.5633219227,14.7372153691,-0.187695865742,0.275035383002,0.196833797052,0.94106960127,114,REFLECT
621,-25.5633219227,14.7372153691,-0.187695865742,0.275035383002,0.196833797052,0.94106960127,-5,EXIT
622,33.2891291585,-8256.44079466,5641.89629986,-0.000472389998554,0.826210377471,-0.563361508276,-5,CREATE
622,28.5592382715,16.1410701335,1.13660504272,-0.406707638044,0.195153256068,0.892470785966,55,REFLECT
622,28.5592382715,16.1410701335,1.13660504272,-0.406707638044,0.195153256068,0.892470785966,-5,EXIT
623,-12.2828007336,-8253.19156451,5646.69974375,-0.000472389998554,0.826210377471,-0.563361508276,-5,CREATE
623,-17.0170644278,27.0383425959,0.725139059992,0.15903988585,0.0110785375416,0.987209998285,83,REFLECT
623,-17.0170644278,27.0383425959,0.725139059992,0.15903988585,0.0110785375416,0.987209998285,-5,EXIT
624,6.72773893854,-8236.46404632,5671.21591768,-0.000472389998554,0.826210377471,-0.563361508276,-5,CREATE
624,2.01849859852,3.01043111507e-16,55.0835928904,-0.000472389998554,0.826210377471,-0.563361508276,127,ABSORB
625,1.03474397409,-8233.21481617,5675.98592228,-0.000472389998554,0.826210377471,-0.563361508276,-5,CREATE
625,-3.67263860202,-1.26697319044e-16,62.0691242427,-0.000472389998554,0.826210377471,-0.563361508276,127,ABSORB
626,-25.1939259332,-8256.34719543,5642.08260911,-0.000472389998554,0.826210377471,-0.563361508276,-5,CREATE
626,-29.9238527049,16.2974318207,1.28011894785,0.321405156253,0.177327700099,0.930190094718,102,REFLECT
626,-29.9238527049,16.2974318207,1.28011894785,0.321405156253,0.177327700099,0.930190094718,-5,EXIT
627,19.6738716,-8253.09796528,5646.81021746,-0.000472389998554,0.826210377471,-0.563361508276,-5,CREATE
627,14.9394823382,27.3515596111,0.685863730995,-0.256709318385,0.0205004390916,0.966271213403,34,REFLECT
627,14.9394823382,27.3515596111,0.685863730995,-0.256709318385,0.0205004390916,0.966271213403,-5,EXIT
628,-8.81182187154,-8253.69967457,5645.95165312,-0.000472389998554,0.826210377471,-0.563361508276,-5,CREATE
628,-13.5460018085,26.3837409776,0.0769354649688,0.129768741594,0.0232607876802,0.991271410594,90,REFLECT
628,-13.5460018085,26.3837409776,0.0769354649688,0.129768741594,0.0232607876802,0.991271410594,-5,EXIT
629,1.65574758066,-8234.92634481,5673.47532108,-0.000472389998554,0.826210377471,-0.563361508276,-5,CREATE
629,-3.05261357068,9.84924268588e-17,58.3914966025,-0.000472389998554,0.826210377471,-0.563361508276,127,ABSORB
630,-18.785995314,-8257.30993029,5640.66531567,-0.000472389998554,0.826210377471,-0.563361508276,-5,CREATE
630,-23.5160171383,15.5009439236,-0.250531995045,0.2535190883,0.177614190968,0.950884467764,116,REFLECT
630,-23.5160171383,15.5009439236,-0.250531995045,0.2535190883,0.177614190968,0.950884467764,-5,EXIT
631,32.4882529347,-8256.22685358,5642.21073147,-0.000472389998554,0.826210377471,-0.563361508276,-5,CREATE
631,27.7581388116,16.745451323,1.1848103565,-0.395964909362,0.186139292656,0.899201842905,54,REFLECT
631,27.7581388116,16.745451323,1.1848103565,-0.395964909362,0.186139292656,0.899201842905,-5,EXIT
632,-13.0836769574,-8252.97762343,5647.01417536,-0.000472389998554,0.826210377471,-0.563361508276,-5,CREATE
632,-17.8180132885,27.3793256565,0.952945563993,0.174740320374,0.00869109874616,0.98457619575,77,REFLECT
632,-17.8180132885,27.3793256565,0.952945563993,0.174740320374,0.00869109874616,0.98457619575,-5,EXIT
633,3.08183691437,-8233.42875725,5675.67044569,-0.000472389998554,0.826210377471,-0.563361508276,-5,CREATE
633,-1.62566798364,-9.84474793775e-17,61.6077693494,-0.000472389998554,0.826210377471,-0.563361508276,127,ABSORB
634,6.85452436677,-8254.00721487,5645.48748649,-0.000472389998554,0.826210377471,-0.563361508276,-5,CREATE
634,2.11954898353,27.4674367479,-1.33586225977,-0.0778210274258,0.00542913568972,0.996952562651,26,REFLECT
634,2.11954898353,27.4674367479,-1.33586225977,-0.0778210274258,0.00542913568972,0.996952562651,-5,EXIT
635,-21.6326490083,-8255.81234273,5642.86402306,-0.000472389998554,0.826210377471,-0.563361508276,-5,CREATE
635,-26.3632090681,17.9399057489,1.30628800369,-0.000472389998554,0.826210377471,-0.563361508276,105,ABSORB
636,-21.9922626957,-8258.70054731,5638.6285638,-0.000472389998554,0.826210377471,-0.563361508276,-5,CREATE
636,-26.7212286652,12.2636362154,-1.02809554838,0.282922825608,0.224523659967,0.932493324837,123,REFLECT
636,-26.7212286652,12.2636362154,-1.02809554838,0.282922825608,0.224523659967,0.932493324837,-5,EXIT
637,29.281985553,-8257.6174706,5640.17397961,-0.000472389998554,0.826210377471,-0.563361508276,-5,CREATE
637,24.5521910224,14.7958668297,-0.470802798238,-0.36453830606,0.204272528267,0.908506773563,68,REFLECT
637,24.5521910224,14.7958668297,-0.470802798238,-0.36453830606,0.204272528267,0.908506773563,-5,EXIT
638,6.50201421623,-8251.1190103,5649.72354288,-0.000472389998554,0.826210377471,-0.563361508276,-5,CREATE
638,1.7658122662,32.5009073471,1.43741862682,-0.0738696042756,-0.063473463271,0.995245899778,5,REFLECT
638,1.7658122662,32.5009073471,1.43741862682,-0.0738696042756,-0.063473463271,0.995245899778,-5,EXIT
639,4.14883874854,-8234.39149211,5674.25763072,-0.000472389998554,0.826210377471,-0.563361508276,-5,CREATE
639,-0.559216598038,2.82586020268e-17,59.5385020065,-0.000472389998554,0.826210377471,-0.563361508276,127,ABSORB
640,30.7086010747,-8255.69200088,5642.9966239,-0.000472389998554,0.826210377471,-0.563361508276,-5,CREATE
640,25.9779644834,18.1941011708,1.34761917536,-0.387213868575,0.17486899615,0.905254800688,53,REFLECT
640,25.9779644834,18.1941011708,1.34761917536,-0.387213868575,0.17486899615,0.905254800688,-5,EXIT
641,-20.5656471741,-8256.77507759,5641.45120809,-0.000472389998554,0.826210377471,-0.563361508276,-5,CREATE
641,-25.295794182,16.2547427126,0.386069396708,0.274714448095,0.174839797358,0.945496175174,110,REFLECT
641,-25.295794182,16.2547427126,0.386069396708,0.274714448095,0.174839797358,0.945496175174,-5,EXIT
642,-12.018385234,-8255.33097531,5643.56192144,-0.000472389998554,0.826210377471,-0.563361508276,-5,CREATE
642,-16.7516970373,23.234074135,-1.27747998121,0.16229340943,0.070272429793,0.984237082652,97,REFLECT
642,-16.7516970373,23.234074135,-1.27747998121,0.16229340943,0.070272429793,0.984237082652,-5,EXIT
643,22.164890903,-8254.24789859,5645.12166837,-0.000472389998554,0.826210377471,-0.563361508276,-5,CREATE
643,17.4312237308,24.9386910326,-0.141537713791,-0.28198174804,0.0585888285688,0.9576291782,41,REFLECT
643,17.4312237308,24.9386910326,-0.141537713791,-0.28198174804,0.0585888285688,0.9576291782,-5,EXIT
644,6.99689012946,-8234.75251768,5673.72577247,-0.000472389998554,0.826210377471,-0.563361508276,-5,CREATE
644,2.28862836467,7.58990702045e-17,58.7604741178,-0.000472389998554,0.826210377471,-0.563361508276,127,ABSORB
645,4.36371882767,-8252.68345444,5647.43096545,-0.000472389998554,0.826210377471,-0.563361508276,-5,CREATE
645,-0.371853246484,29.8348099221,-0.103983233007,-0.0590787447654,-0.029650865797,0.997812872273,14,REFLECT
645,-0.371853246484,29.8348099221,-0.103983233007,-0.0590787447654,-0.029650865797,0.997812872273,-5,EXIT
646,27.1450220776,-8258.09883803,5639.46981136,-0.000472389998554,0.826210377471,-0.563361508276,-5,CREATE
646,22.4152040593,14.3555794396,-1.20298196546,-0.341877687512,0.213930680025,0.915070112573,72,REFLECT
646,22.4152040593,14.3555794396,-1.20298196546,-0.341877687512,0.213930680025,0.915070112573,-5,EXIT
647,0.58703563575,-8235.35422697,5672.8486971,-0.000472389998554,0.826210377471,-0.563361508276,-5,CREATE
647,-4.1215701594,1.54727019509e-16,57.47311601,-0.000472389998554,0.826210377471,-0.563361508276,127,ABSORB
648,6.2871341371,-8232.82704797,5676.55020815,-0.000472389998554,0.826210377471,-0.563361508276,-5,CREATE
648,1.57997326945,-1.77439965243e-16,62.8978145432,-0.000472389998554,0.826210377471,-0.563361508276,127,ABSORB
649,-24.1274502869,-8257.73781245,5640.04227446,-0.000472389998554,0.826210377471,-0.563361508276,-5,CREATE
649,-28.8567244449,13.7653928615,0.0180766125868,0.305872851503,0.212087127239,0.928149152439,112,REFLECT
649,-28.8567244449,13.7653928615,0.0180766125868,0.305872851503,0.212087127239,0.928149152439,-5,EXIT
650,18.6039757323,-8254.4885823,5644.7716742,-0.000472389998554,0.826210377471,-0.563361508276,-5,CREATE
650,13.8701314037,25.007853989,-0.702804570452,-0.237494121501,0.0546483297804,0.969850556686,43,REFLECT
650,13.8701314037,25.007853989,-0.702804570452,-0.237494121501,0.0546483297804,0.969850556686,-5,EXIT
651,29.9952933138,-8256.65473574,5641.58530175,-0.000472389998554,0.826210377471,-0.563361508276,-5,CREATE
651,25.2650746564,16.50039983,0.434715339727,-0.367762793163,0.186486760743,0.911028658184,58,REFLECT
651,25.2650746564,16.50039983,0.434715339727,-0.367762793163,0.186486760743,0.911028658184,-5,EXIT
652,9.13207772063,-8235.71525254,5672.3120618,-0.000472389998554,0.826210377471,-0.563361508276,-5,CREATE
652,4.42326550727,2.02659997129e-16,56.6903110796,-0.000472389998554,0.826210377471,-0.563361508276,127,ABSORB
653,-9.88053381645,-8254.12755673,5645.32502914,-0.000472389998554,0.826210377471,-0.563361508276,-5,CREATE
653,-14.6144739212,25.5363921588,-0.263670118105,0.142091310982,0.0324491233605,0.989321542137,89,REFLECT
653,-14.6144739212,25.5363921588,-0.263670118105,0.142091310982,0.0324491233605,0.989321542137,-5,EXIT
654,-22.7012294062,-8256.13325435,5642.394279,-0.000472389998554,0.826210377471,-0.563361508276,-5,CREATE
654,-27.4315152249,17.1393462021,1.1635976633,0.289974144932,0.152388172544,0.944824237697,104,REFLECT
654,-27.4315152249,17.1393462021,1.1635976633,0.289974144932,0.152388172544,0.944824237697,-5,EXIT
655,17.181701261,-8252.8840242,5647.12606726,-0.000472389998554,0.826210377471,-0.563361508276,-5,CREATE
655,12.4470207938,28.0748191381,0.65442860113,-0.219364217234,0.00770564686672,0.975612609186,32,REFLECT
655,12.4470207938,28.0748191381,0.65442860113,-0.219364217234,0.00770564686672,0.975612609186,-5,EXIT
656,2.93789258792,-8253.96710092,5645.54960068,-0.000472389998554,0.826210377471,-0.563361508276,-5,CREATE
656,-1.79716022406,27.6429736096,-1.36608781732,-0.0402381431497,0.00682260238735,0.999166824876,23,REFLECT
656,-1.79716022406,27.6429736096,-1.36608781732,-0.0402381431497,0.00682260238735,0.999166824876,-5,EXIT
657,-8.45431293576,-8252.52299863,5647.67703367,-0.000472389998554,0.826210377471,-0.563361508276,-5,CREATE
657,-13.1890556263,28.5446733131,1.13118892205,0.118947872719,-0.00432368412808,0.992891086339,81,REFLECT
657,-13.1890556263,28.5446733131,1.13118892205,0.118947872719,-0.00432368412808,0.992891086339,-5,EXIT
658,31.4179624261,-8257.93838222,5639.70154846,-0.000472389998554,0.826210377471,-0.563361508276,-5,CREATE
658,26.6886276079,13.6709179599,-0.394991453292,-0.377353873399,0.227610811343,0.897662170747,70,REFLECT
658,26.6886276079,13.6709179599,-0.394991453292,-0.377353873399,0.227610811343,0.897662170747,-5,EXIT
659,20.0293086708,-8253.60607535,5646.06473928,-0.000472389998554,0.826210377471,-0.563361508276,-5,CREATE
659,15.2951836906,26.3812209036,0.255561722071,-0.253391682994,0.0312823984781,0.966857831604,39,REFLECT
659,15.2951836906,26.3812209036,0.255561722071,-0.253391682994,0.0312823984781,0.966857831604,-5,EXIT
660,4.86130789736,-8234.11069444,5674.66884338,-0.000472389998554,0.826210377471,-0.563361508276,-5,CREATE
660,0.153413098277,-8.64477809228e-18,60.1411799402,-0.000472389998554,0.826210377471,-0.563361508276,127,ABSORB
661,-11.3921197482,-8252.76368235,5647.32651702,-0.000472389998554,0.826210377471,-0.563361508276,-5,CREATE
661,-16.1266240521,27.8870513089,1.06496666541,0.16210774837,-0.00595370007997,0.986755102026,78,REFLECT
661,-16.1266240521,27.8870513089,1.06496666541,0.16210774837,-0.00595370007997,0.986755102026,-5,EXIT
662,7.62315561522,-8232.18522473,5677.49036805,-0.000472389998554,0.826210377471,-0.563361508276,-5,CREATE
662,2.91636171328,-2.61805565598e-16,64.2756093558,-0.000472389998554,0.826210377471,-0.563361508276,127,ABSORB
663,-22.7914288088,-8257.09598921,5640.98243436,-0.000472389998554,0.826210377471,-0.563361508276,-5,CREATE
663,-27.5211891145,15.2574888143,0.378467808164,0.292266354463,0.189595325193,0.937354783801,108,REFLECT
663,-27.5211891145,15.2574888143,0.378467808164,0.292266354463,0.189595325193,0.937354783801,-5,EXIT
664,17.0915018584,-8253.84675906,5645.71422262,-0.000472389998554,0.826210377471,-0.563361508276,-5,CREATE
664,12.3572532385,26.3567831109,-0.242404824054,-0.228282613479,0.0295219793526,0.973147214515,37,REFLECT
664,12.3572532385,26.3567831109,-0.242404824054,-0.228282613479,0.0295219793526,0.973147214515,-5,EXIT
665,5.69929633473,-8252.40265677,5647.84165562,-0.000472389998554,0.826210377471,-0.563361508276,-5,CREATE
665,0.963626462837,30.2866558929,0.190075588175,-0.091539622293,-0.0387905411675,0.995045622807,15,REFLECT
665,0.963626462837,30.2866558929,0.190075588175,-0.091539622293,-0.0387905411675,0.995045622807,-5,EXIT
666,-7.12026466234,-8253.48573349,5646.26399478,-0.000472389998554,0.826210377471,-0.563361508276,-5,CREATE
666,-11.854611332,26.8892977735,0.19043542738,0.109913410094,0.0119815532718,0.993868947429,91,REFLECT
666,-11.854611332,26.8892977735,0.19043542738,0.109913410094,0.0119815532718,0.993868947429,-5,EXIT
667,3.34730478986,-8234.71240373,5673.78766273,-0.000472389998554,0.826210377471,-0.563361508276,-5,CREATE
667,-1.36093403958,7.04345465144e-17,58.8497165621,-0.000472389998554,0.826210377471,-0.563361508276,127,ABSORB
668,9.04621936839,-8233.14795959,5676.07725451,-0.000472389998554,0.826210377471,-0.563361508276,-5,CREATE
668,4.33887501788,-1.35081202354e-16,62.2060434478,-0.000472389998554,0.826210377471,-0.563361508276,127,ABSORB
669,-21.3683650556,-8258.05872407,5639.56932083,-0.000472389998554,0.826210377471,-0.563361508276,-5,CREATE
669,-26.0977413109,13.6230494787,-0.576635930939,-0.000472389998554,0.826210377471,-0.563361508276,118,ABSORB
670,-10.681179833,-8253.72641721,5645.91400061,-0.000472389998554,0.826210377471,-0.563361508276,-5,CREATE
670,-15.4152675117,26.1956386048,0.149308034864,0.144321309452,0.0259483150237,0.989190600737,89,REFLECT
670,-15.4152675117,26.1956386048,0.149308034864,0.144321309452,0.0259483150237,0.989190600737,-5,EXIT
671,8.33054376195,-8236.03616416,5671.84209382,-0.000472389998554,0.826210377471,-0.563361508276,-5,CREATE
671,3.62154806573,2.44835941617e-16,56.0015256352,-0.000472389998554,0.826210377471,-0.563361508276,127,ABSORB
672,2.6375487975,-8232.78693401,5676.61209841,-0.000472389998554,0.826210377471,-0.563361508276,-5,CREATE
672,-2.0695891348,-1.82904488934e-16,62.9870569875,-0.000472389998554,0.826210377471,-0.563361508276,127,ABSORB
673,6.41023624991,-8253.36539163,5646.42913921,-0.000472389998554,0.826210377471,-0.563361508276,-5,CREATE
673,1.67498643259,28.5892453411,-0.721493337594,-0.0780699797172,-0.0157297772138,0.996823782008,20,REFLECT
673,1.67498643259,28.5892453411,-0.721493337594,-0.0780699797172,-0.0157297772138,0.996823782008,-5,EXIT
674,-0.214498322933,-8235.67513859,5672.37872911,-0.000472389998554,0.826210377471,-0.563361508276,-5,CREATE
674,-4.92328760094,1.96902963996e-16,56.7843305656,-0.000472389998554,0.826210377471,-0.563361508276,127,ABSORB
675,30.6164284674,-8258.25929384,5639.23158047,-0.000472389998554,0.826210377471,-0.563361508276,-5,CREATE
675,25.887162219,13.2300777557,-0.783184688783,-0.375628131364,0.231028646968,0.897512825094,70,REFLECT
675,25.887162219,13.2300777557,-0.783184688783,-0.375628131364,0.231028646968,0.897512825094,-5,EXIT
676,7.83645713059,-8251.76083353,5648.78114375,-0.000472389998554,0.826210377471,-0.563361508276,-5,CREATE
676,3.10055023505,31.3430336316,0.846894730384,-0.0879986815857,-0.0404955824811,0.995297111338,11,REFLECT
676,3.10055023505,31.3430336316,0.846894730384,-0.0879986815857,-0.0404955824811,0.995297111338,-5,EXIT
677,1.21172255775,-8234.07058049,5674.73073364,-0.000472389998554,0.826210377471,-0.563361508276,-5,CREATE
677,-3.49614930597,-1.41093017826e-17,60.2304223845,-0.000472389998554,0.826210377471,-0.563361508276,127,ABSORB
678,21.7190242223,-8254.88972183,5644.18076206,-0.000472389998554,0.826210377471,-0.563361508276,-5,CREATE
678,16.9856076206,23.8586201181,-0.783619562684,-0.274944243719,0.068585068723,0.959010819123,46,REFLECT
678,16.9856076206,23.8586201181,-0.783619562684,-0.274944243719,0.068585068723,0.959010819123,-5,EXIT
679,6.55102344884,-8235.39434092,5672.78486616,-0.000472389998554,0.826210377471,-0.563361508276,-5,CREATE
679,1.84239471833,1.6031037516e-16,57.3819328925,-0.000472389998554,0.826210377471,-0.563361508276,127,ABSORB
680,3.70652383637,-8232.14511077,5677.55248223,-0.000472389998554,0.826210377471,-0.563361508276,-5,CREATE
680,-1.00024713022,-2.67283800669e-16,64.365075724,-0.000472389998554,0.826210377471,-0.563361508276,127,ABSORB
681,1.78266455588,-8252.36254282,5647.90376981,-0.000472389998554,0.826210377471,-0.563361508276,-5,CREATE
681,-2.95308679203,30.4692714495,0.155023337109,-0.0310250111315,-0.0377833107001,0.998804220114,12,REFLECT
681,-2.95308679203,30.4692714495,0.155023337109,-0.0310250111315,-0.0377833107001,0.998804220114,-5,EXIT
682,7.97882289328,-8232.50613635,5677.01942973,-0.000472389998554,0.826210377471,-0.563361508276,-5,CREATE
682,3.27184550848,-2.1957020513e-16,63.5858535748,-0.000472389998554,0.826210377471,-0.563361508276,127,ABSORB
683,-22.4357615307,-8257.41690083,5640.51149604,-0.000472389998554,0.826210377471,-0.563361508276,-5,CREATE
683,-27.1653744398,14.6787803741,0.0833113551331,0.291814702972,0.200379625133,0.935249798161,113,REFLECT
683,-27.1653744398,14.6787803741,0.0833113551331,0.291814702972,0.200379625133,0.935249798161,-5,EXIT
684,28.838486718,-8256.33382412,5642.05691185,-0.000472389998554,0.826210377471,-0.563361508276,-5,CREATE
684,24.1079403078,17.3945512403,0.515454971479,-0.364713419976,0.172519700849,0.914997854702,57,REFLECT
684,24.1079403078,17.3945512403,0.515454971479,-0.364713419976,0.172519700849,0.914997854702,-5,EXIT
685,-8.19002898309,-8254.76937997,5644.38233144,-0.000472389998554,0.826210377471,-0.563361508276,-5,CREATE
685,-12.9237594931,24.5279877156,-0.956410005217,0.123110030672,0.05114041291,0.991074456595,100,REFLECT
685,-12.9237594931,24.5279877156,-0.956410005217,0.123110030672,0.05114041291,0.991074456595,-5,EXIT
686,4.41391198309,-8235.99605021,5671.904208,-0.000472389998554,0.826210377471,-0.563361508276,-5,CREATE
686,-0.295060777766,2.39357706547e-16,56.0909920034,-0.000472389998554,0.826210377471,-0.563361508276,127,ABSORB
687,19.5859084961,-8252.24220096,5648.06533146,-0.000472389998554,0.826210377471,-0.563361508276,-5,CREATE
687,14.8511268025,28.8936872868,1.4729725973,-0.250518463055,-0.00272418342663,0.968107989066,28,REFLECT
687,14.8511268025,28.8936872868,1.4729725973,-0.250518463055,-0.00272418342663,0.968107989066,-5,EXIT
688,-20.3005739396,-8258.37963569,5639.09778537,-0.000472389998554,0.826210377471,-0.563361508276,-5,CREATE
688,-25.0298790059,13.1776284289,-0.963273128419,0.268013443273,0.212573094265,0.939670939116,124,REFLECT
688,-25.0298790059,13.1776284289,-0.963273128419,0.268013443273,0.212573094265,0.939670939116,-5,EXIT
689,33.8221696612,-8257.29655898,5640.64081266,-0.000472389998554,0.826210377471,-0.563361508276,-5,CREATE
689,29.0928128587,14.3511916886,0.518054819362,-0.406727176683,0.210578955529,0.888948540263,61,REFLECT
689,29.0928128587,14.3511916886,0.518054819362,-0.406727176683,0.210578955529,0.888948540263,-5,EXIT
690,-11.749760231,-8254.04732883,5645.44425655,-0.000472389998554,0.826210377471,-0.563361508276,-5,CREATE
690,-16.4836548977,25.5371490833,-0.0902544654248,0.154358501342,0.0337760672747,0.987437405785,88,REFLECT
690,-16.4836548977,25.5371490833,-0.0902544654248,0.154358501342,0.0337760672747,0.987437405785,-5,EXIT
691,22.433515906,-8252.96425211,5647.00400348,-0.000472389998554,0.826210377471,-0.563361508276,-5,CREATE
691,17.6992743075,27.2270094723,1.05574970529,-0.287654515101,0.0247274133518,0.957414975322,31,REFLECT
691,17.6992743075,27.2270094723,1.05574970529,-0.287654515101,0.0247274133518,0.957414975322,-5,EXIT
692,7.26551513247,-8233.4688712,5675.60810758,-0.000472389998554,0.826210377471,-0.563361508276,-5,CREATE
692,2.5579872991,-9.29555329269e-17,61.5180790574,-0.000472389998554,0.826210377471,-0.563361508276,127,ABSORB
693,-17.4520128141,-8258.32615042,5639.17383681,-0.000472389998554,0.826210377471,-0.563361508276,-5,CREATE
693,-22.1816104413,13.7428027447,-1.23612303541,0.236808602521,0.203751228285,0.949951115976,126,REFLECT
693,-22.1816104413,13.7428027447,-1.23612303541,0.236808602521,0.203751228285,0.949951115976,-5,EXIT
694,3.91969380476,-8251.82769012,5648.68637801,-0.000472389998554,0.826210377471,-0.563361508276,-5,CREATE
694,-0.816256946539,31.3528807872,0.699827624833,-0.0490752560016,-0.0524591306968,0.997416492171,8,REFLECT
694,-0.816256946539,31.3528807872,0.699827624833,-0.0490752560016,-0.0524591306968,0.997416492171,-5,EXIT
695,0.143010612842,-8234.49846265,5674.10410966,-0.000472389998554,0.826210377471,-0.563361508276,-5,CREATE
695,-4.56510589469,4.21252908675e-17,59.312041792,-0.000472389998554,0.826210377471,-0.563361508276,127,ABSORB
696,-13.1721662492,-8252.54974127,5647.64176968,-0.000472389998554,0.826210377471,-0.563361508276,-5,CREATE
696,-17.9066859489,28.1279194581,1.36185878297,0.177879907005,-0.00167543301078,0.984050776946,77,REFLECT
696,-17.9066859489,28.1279194581,1.36185878297,0.177879907005,-0.00167543301078,0.984050776946,-5,EXIT
697,5.84310911419,-8231.97128365,5677.80562071,-0.000472389998554,0.826210377471,-0.563361508276,-5,CREATE
697,1.13643753415,-2.90041693885e-16,64.7367403252,-0.000472389998554,0.826210377471,-0.563361508276,127,ABSORB
698,-24.5714753098,-8256.88204813,5641.29768703,-0.000472389998554,0.826210377471,-0.563361508276,-5,CREATE
698,-29.3011762105,15.3675303991,0.764565596099,-0.000472389998554,0.826210377471,-0.563361508276,107,ABSORB
699,18.1599507094,-8253.63281798,5646.02708677,-0.000472389998554,0.826210377471,-0.563361508276,-5,CREATE
699,13.4256923771,26.5877111191,0.0588765776336,-0.233451405601,0.0275399972297,0.971978389562,38,REFLECT
699,13.4256923771,26.5877111191,0.0588765776336,-0.233451405601,0.0275399972297,0.971978389562,-5,EXIT
700,29.5477165225,-8258.687176,5638.60495649,-0.000472389998554,0.826210377471,-0.563361508276,-5,CREATE
700,24.818541692,12.6423056127,-1.3007857583,-0.363587380472,0.233761184913,0.901753805198,74,REFLECT
700,24.818541692,12.6423056127,-1.3007857583,-0.363587380472,0.233761184913,0.901753805198,-5,EXIT
701,8.68805269772,-8234.85948822,5673.56747437,-0.000472389998554,0.826210377471,-0.563361508276,-5,CREATE
701,3.97972977198,9.00582684881e-17,58.5292368616,-0.000472389998554,0.826210377471,-0.563361508276,127,ABSORB
702,-10.3245588394,-8253.27179241,5646.5804417,-0.000472389998554,0.826210377471,-0.563361508276,-5,CREATE
702,-15.0588752296,27.0502800625,0.542992942411,0.14152472816,0.01042902744,0.989879783967,84,REFLECT
702,-15.0588752296,27.0502800625,0.542992942411,0.14152472816,0.01042902744,0.989879783967,-5,EXIT
703,2.8122910825,-8235.46119751,5672.68995114,-0.000472389998554,0.826210377471,-0.563361508276,-5,CREATE
703,-1.89637587359,1.68913640553e-16,57.2414309061,-0.000472389998554,0.826210377471,-0.563361508276,127,ABSORB
704,-19.0536994882,-8257.84478299,5639.88113999,-0.000472389998554,0.826210377471,-0.563361508276,-5,CREATE
704,-23.7834062421,14.4150329942,-0.658961969962,0.263272409028,0.194347444971,0.944942701584,120,REFLECT
704,-23.7834062421,14.4150329942,-0.658961969962,0.263272409028,0.194347444971,0.944942701584,-5,EXIT
705,32.2205487606,-8256.76170628,5641.4265558,-0.000472389998554,0.826210377471,-0.563361508276,-5,CREATE
705,27.4906865222,15.7700520382,0.701026684182,-0.396268338369,0.20523530632,0.894902158365,60,REFLECT
705,27.4906865222,15.7700520382,0.701026684182,-0.396268338369,0.20523530632,0.894902158365,-5,EXIT
706,-13.3513811315,-8253.51247613,5646.22999969,-0.000472389998554,0.826210377471,-0.563361508276,-5,CREATE
706,-18.0854560504,26.3872628287,0.48052412943,0.163055419166,0.037585249386,0.985900745161,82,REFLECT
706,-18.0854560504,26.3872628287,0.48052412943,0.163055419166,0.037585249386,0.985900745161,-5,EXIT
707,5.66034246343,-8235.82222308,5672.1580929,-0.000472389998554,0.826210377471,-0.563361508276,-5,CREATE
707,0.951469089114,2.1655410873e-16,56.4634030174,-0.000472389998554,0.826210377471,-0.563361508276,127,ABSORB
708,4.24009052695,-8232.57299293,5676.92451471,-0.000472389998554,0.826210377471,-0.563361508276,-5,CREATE
708,-0.46692508345,-2.10966939738e-16,63.4453515885,-0.000472389998554,0.826210377471,-0.563361508276,127,ABSORB
709,8.01277797935,-8253.15145055,5646.74155551,-0.000472389998554,0.826210377471,-0.563361508276,-5,CREATE
709,3.27746572276,28.9123927453,-0.483540690692,-0.000472389998554,0.826210377471,-0.563361508276,21,ABSORB
710,-23.327626439,-8258.80751785,5638.4728035,-0.000472389998554,0.826210377471,-0.563361508276,-5,CREATE
710,-28.0564070886,11.8325411677,-0.962847644796,0.296782854187,0.233512025049,0.92595468119,122,REFLECT
710,-28.0564070886,11.8325411677,-0.962847644796,0.296782854187,0.233512025049,0.92595468119,-5,EXIT
711,27.9466218098,-8257.72444114,5640.01821931,-0.000472389998554,0.826210377471,-0.563361508276,-5,CREATE
711,23.2167056242,14.9016709523,-0.771646067768,-0.000472389998554,0.826210377471,-0.563361508276,67,ABSORB
712,5.16665047301,-8251.22598083,5649.56778258,-0.000472389998554,0.826210377471,-0.563361508276,-5,CREATE
712,0.430467227224,32.3612230687,1.30396458356,-0.000472389998554,0.826210377471,-0.563361508276,4,ABSORB
713,-6.94433845452,-8255.19726213,5643.75376678,-0.000472389998554,0.826210377471,-0.563361508276,-5,CREATE
713,-11.6779214734,23.8421434695,-1.40908010183,0.106419303669,0.0509971937472,0.993012697822,101,REFLECT
713,-11.6779214734,23.8421434695,-1.40908010183,0.106419303669,0.0509971937472,0.993012697822,-5,EXIT
714,3.52678276613,-8233.53572779,5675.51319256,-0.000472389998554,0.826210377471,-0.563361508276,-5,CREATE
714,-1.18078329283,-8.43522675346e-17,61.3775770711,-0.000472389998554,0.826210377471,-0.563361508276,127,ABSORB
715,30.0849665285,-8256.11988304,5642.36962671,-0.000472389998554,0.826210377471,-0.563361508276,-5,CREATE
715,25.3544695392,17.5220549942,0.88710816545,-0.380147459288,0.170180315633,0.909135066625,53,REFLECT
715,25.3544695392,17.5220549942,0.88710816545,-0.380147459288,0.170180315633,0.909135066625,-5,EXIT
716,9.22530270373,-8232.29219527,5677.33214459,-0.000472389998554,0.826210377471,-0.563361508276,-5,CREATE
716,4.51844764083,-2.47650937775e-16,64.0444467408,-0.000472389998554,0.826210377471,-0.563361508276,127,ABSORB
717,-21.1892817203,-8257.20295975,5640.8242109,-0.000472389998554,0.826210377471,-0.563361508276,-5,CREATE
717,-25.9191289855,15.3026104887,0.116538435471,0.283432610205,0.190340934932,0.939912912967,114,REFLECT
717,-25.9191289855,15.3026104887,0.116538435471,0.283432610205,0.190340934932,0.939912912967,-5,EXIT
718,7.79750325929,-8235.18039984,5673.09758102,-0.000472389998554,0.826210377471,-0.563361508276,-5,CREATE
718,3.08899685069,1.32229642516e-16,57.8405260585,-0.000472389998554,0.826210377471,-0.563361508276,127,ABSORB
719,2.10450829484,-8231.93116969,5677.86758562,-0.000472389998554,0.826210377471,-0.563361508276,-5,CREATE
719,-2.60214034984,-2.95510788035e-16,64.8260574109,-0.000472389998554,0.826210377471,-0.563361508276,127,ABSORB
720,3.02914436633,-8252.14860174,5648.21648467,-0.000472389998554,0.826210377471,-0.563361508276,-5,CREATE
720,-1.70668417261,30.8182196713,0.375681950544,-0.0464982098017,-0.0483262634378,0.997748710221,8,REFLECT
720,-1.70668417261,30.8182196713,0.375681950544,-0.0464982098017,-0.0483262634378,0.997748710221,-5,EXIT
721,20.1193765264,-8252.75031103,5647.31970399,-0.000472389998554,0.826210377471,-0.563361508276,-5,CREATE
721,15.3848607061,27.920564762,1.04441948524,-0.2630434784,0.00762916485762,0.964753815393,29,REFLECT
721,15.3848607061,27.920564762,1.04441948524,-0.2630434784,0.00762916485762,0.964753815393,-5,EXIT
722,4.95137575294,-8233.25493013,5675.92380809,-0.000472389998554,0.826210377471,-0.563361508276,-5,CREATE
722,0.24397024148,-1.21219083973e-16,61.9796578745,-0.000472389998554,0.826210377471,-0.563361508276,127,ABSORB
723,19.7606507811,-8254.91646446,5644.14318419,-0.000472389998554,0.826210377471,-0.563361508276,-5,CREATE
723,15.0270890491,24.0857103435,-0.994276430992,-0.241722089273,0.0700279751094,0.967815330659,49,REFLECT
723,15.0270890491,24.0857103435,-0.994276430992,-0.241722089273,0.0700279751094,0.967815330659,-5,EXIT
724,-8.72385876763,-8254.55543889,5644.69653913,-0.000472389998554,0.826210377471,-0.563361508276,-5,CREATE
724,-13.457659949,24.8655329558,-0.726483305819,0.129067293863,0.038234546349,0.990898457522,95,REFLECT
724,-13.457659949,24.8655329558,-0.726483305819,0.129067293863,0.038234546349,0.990898457522,-5,EXIT
725,1.74371068457,-8235.78210913,5672.22020708,-0.000472389998554,0.826210377471,-0.563361508276,-5,CREATE
725,-2.96513975438,2.1107587366e-16,56.5528693856,-0.000472389998554,0.826210377471,-0.563361508276,127,ABSORB
726,4.0961462005,-8253.1113366,5646.8036697,-0.000472389998554,0.826210377471,-0.563361508276,-5,CREATE
726,-0.639255366752,29.1087110985,-0.527936358895,-0.0468466705079,-0.0205815030056,0.998690037597,19,REFLECT
726,-0.639255366752,29.1087110985,-0.527936358895,-0.0468466705079,-0.0205815030056,0.998690037597,-5,EXIT
727,-7.297243246,-8252.62996917,5647.51918342,-0.000472389998554,0.826210377471,-0.563361508276,-5,CREATE
727,-12.031979749,28.4268808426,0.980717729839,0.113551208528,-0.0136028834749,0.993439019066,81,REFLECT
727,-12.031979749,28.4268808426,0.980717729839,0.113551208528,-0.0136028834749,0.993439019066,-5,EXIT
728,-12.9968977763,-8254.79612261,5644.34714209,-0.000472389998554,0.826210377471,-0.563361508276,-5,CREATE
728,-17.7304026787,24.1066571904,-0.72254484529,0.172165201206,0.0479808123156,0.983898869368,92,REFLECT
728,-17.7304026787,24.1066571904,-0.72254484529,0.172165201206,0.0479808123156,0.983898869368,-5,EXIT
729,21.1863783606,-8253.71304589,5645.90688902,-0.000472389998554,0.826210377471,-0.563361508276,-5,CREATE
729,16.4523934836,26.0292096884,0.264795405122,-0.264512634354,0.0408965918601,0.963514678166,40,REFLECT
729,16.4523934836,26.0292096884,0.264795405122,-0.264512634354,0.0408965918601,0.963514678166,-5,EXIT
730,6.01837758712,-8234.21766498,5674.51099312,-0.000472389998554,0.826210377471,-0.563361508276,-5,CREATE
730,1.31042162709,5.48699743093e-18,59.9103905316,-0.000472389998554,0.826210377471,-0.563361508276,127,ABSORB
731,-22.2562835545,-8256.24022489,5642.23702587,-0.000472389998554,0.826210377471,-0.563361508276,-5,CREATE
731,-26.9865572754,17.0112166521,1.02077206357,0.286608898742,0.160016541176,0.944589882283,104,REFLECT
731,-26.9865572754,17.0112166521,1.02077206357,0.286608898742,0.160016541176,0.944589882283,-5,EXIT
732,17.6266471127,-8252.99099474,5646.96881413,-0.000472389998554,0.826210377471,-0.563361508276,-5,CREATE
732,12.8920448931,27.8309935459,0.590491742875,-0.232849324507,0.0130009318935,0.97242591895,32,REFLECT
732,12.8920448931,27.8309935459,0.590491742875,-0.232849324507,0.0130009318935,0.97242591895,-5,EXIT
733,6.23286302531,-8252.83053893,5647.21368809,-0.000472389998554,0.826210377471,-0.563361508276,-5,CREATE
733,1.49738687026,29.5199628665,-0.206869662474,-0.0679890120803,-0.030723804989,0.997212887022,15,REFLECT
733,1.49738687026,29.5199628665,-0.206869662474,-0.0679890120803,-0.030723804989,0.997212887022,-5,EXIT
734,-8.01094564775,-8253.91361565,5645.63722151,-0.000472389998554,0.826210377471,-0.563361508276,-5,CREATE
734,-12.7450691632,26.0711186695,-0.170209160058,-0.000472389998554,0.826210377471,-0.563361508276,91,ABSORB
735,3.88087148043,-8235.14028589,5673.15969521,-0.000472389998554,0.826210377471,-0.563361508276,-5,CREATE
735,-0.827611992808,1.26751407445e-16,57.9299924267,-0.000472389998554,0.826210377471,-0.563361508276,127,ABSORB
736,9.58096998179,-8232.61310689,5676.86120626,-0.000472389998554,0.826210377471,-0.563361508276,-5,CREATE
736,4.87393143604,-2.05415577307e-16,63.3546909599,-0.000472389998554,0.826210377471,-0.563361508276,127,ABSORB
737,-20.8336144422,-8257.52387137,5640.35327258,-0.000472389998554,0.826210377471,-0.563361508276,-5,CREATE
737,-25.5633219227,14.7372153691,-0.187695865742,0.276331978399,0.19014672028,0.942064149876,114,REFLECT
737,-25.5633219227,14.7372153691,-0.187695865742,0.276331978399,0.19014672028,0.942064149876,-5,EXIT
738,33.2891291585,-8256.44079466,5641.89629986,-0.000472389998554,0.826210377471,-0.563361508276,-5,CREATE
738,28.5592382715,16.1410701335,1.13660504272,-0.406677152757,0.191636522607,0.893246403087,55,REFLECT
738,28.5592382715,16.1410701335,1.13660504272,-0.406677152757,0.191636522607,0.893246403087,-5,EXIT
739,-12.2828007336,-8253.19156451,5646.69974375,-0.000472389998554,0.826210377471,-0.563361508276,-5,CREATE
739,-17.0170644278,27.0383425959,0.725139059992,0.163394010384,0.00781939598743,0.986529905485,83,REFLECT
739,-17.0170644278,27.0383425959,0.725139059992,0.163394010384,0.00781939598743,0.986529905485,-5,EXIT
740,6.72773893854,-8236.46404632,5671.21591768,-0.000472389998554,0.826210377471,-0.563361508276,-5,CREATE
740,2.01849859852,3.01043111507e-16,55.0835928904,-0.000472389998554,0.826210377471,-0.563361508276,127,ABSORB
741,1.03474397409,-8233.21481617,5675.98592228,-0.000472389998554,0.826210377471,-0.563361508276,-5,CREATE
741,-3.67263860202,-1.26697319044e-16,62.0691242427,-0.000472389998554,0.826210377471,-0.563361508276,127,ABSORB
742,-6.58788189458,-8254.87635051,5644.22410798,-0.000472389998554,0.826210377471,-0.563361508276,-5,CREATE
742,-11.3216268506,24.4462831173,-1.13186135465,0.0998517097937,0.0532669598439,0.993575496397,101,REFLECT
742,-11.3216268506,24.4462831173,-1.13186135465,0.0998517097937,0.0532669598439,0.993575496397,-5,EXIT
743,4.8074314265,-8253.79327379,5645.80296308,-0.000472389998554,0.826210377471,-0.563361508276,-5,CREATE
743,0.0723314721799,27.8992527142,-1.16894628989,-0.0592671588622,-0.000320276464504,0.998242105555,24,REFLECT
743,0.0723314721799,27.8992527142,-1.16894628989,-0.0592671588622,-0.000320276464504,0.998242105555,-5,EXIT
744,0.986684465764,-8236.10302075,5671.75020177,-0.000472389998554,0.826210377471,-0.563361508276,-5,CREATE
744,-3.72234945605,2.53254103377e-16,55.8640466206,-0.000472389998554,0.826210377471,-0.563361508276,127,ABSORB
745,-23.7278014569,-8258.48660623,5638.94377914,-0.000472389998554,0.826210377471,-0.563361508276,-5,CREATE
745,-28.4567120632,12.3807470766,-0.646855352393,0.299768919066,0.222457690068,0.927712871147,117,REFLECT
745,-28.4567120632,12.3807470766,-0.646855352393,0.299768919066,0.222457690068,0.927712871147,-5,EXIT
746,19.0036245623,-8255.23737608,5643.67317888,-0.000472389998554,0.826210377471,-0.563361508276,-5,CREATE
746,14.2701552745,23.6031138151,-1.35403493402,-0.000472389998554,0.826210377471,-0.563361508276,49,ABSORB
747,30.3949421439,-8257.40352952,5640.48680643,-0.000472389998554,0.826210377471,-0.563361508276,-5,CREATE
747,25.6651895786,14.9364105551,-0.107929104102,-0.380378799702,0.201160102559,0.902688529824,64,REFLECT
747,25.6651895786,14.9364105551,-0.107929104102,-0.380378799702,0.201160102559,0.902688529824,-5,EXIT
748,9.5352783191,-8233.57584174,5675.44932431,-0.000472389998554,0.826210377471,-0.563361508276,-5,CREATE
748,4.82768932477,-7.87666266532e-17,61.2863566329,-0.000472389998554,0.826210377471,-0.563361508276,127,ABSORB
749,2.41329998739,-8234.17755103,5674.57284606,-0.000472389998554,0.826210377471,-0.563361508276,-5,CREATE
749,-2.29463303729,2.47589706111e-20,59.9995956553,-0.000472389998554,0.826210377471,-0.563361508276,127,ABSORB
750,-19.4526905833,-8256.56113651,5641.76403491,-0.000472389998554,0.826210377471,-0.563361508276,-5,CREATE
750,-24.1830623,16.8616997666,0.430913538745,0.259425389487,0.160019259509,0.952413935154,111,REFLECT
750,-24.1830623,16.8616997666,0.430913538745,0.259425389487,0.160019259509,0.952413935154,-5,EXIT
751,-21.6326490083,-8255.81234273,5642.86402306,-0.000472389998554,0.826210377471,-0.563361508276,-5,CREATE
751,-26.3632090681,17.9399057489,1.30628800369,0.283961279917,0.150215972177,0.946995857019,105,REFLECT
751,-26.3632090681,17.9399057489,1.30628800369,0.283961279917,0.150215972177,0.946995857019,-5,EXIT
752,-21.9922626957,-8258.70054731,5638.6285638,-0.000472389998554,0.826210377471,-0.563361508276,-5,CREATE
752,-26.7212286652,12.2636362154,-1.02809554838,-0.000472389998554,0.826210377471,-0.563361508276,123,ABSORB
753,29.281985553,-8257.6174706,5640.17397961,-0.000472389998554,0.826210377471,-0.563361508276,-5,CREATE
753,24.5521910224,14.7958668297,-0.470802798238,-0.366370649899,0.212101036195,0.905972238723,68,REFLECT
753,24.5521910224,14.7958668297,-0.470802798238,-0.366370649899,0.212101036195,0.905972238723,-5,EXIT
754,6.50201421623,-8251.1190103,5649.72354288,-0.000472389998554,0.826210377471,-0.563361508276,-5,CREATE
754,1.7658122662,32.5009073471,1.43741862682,-0.0732314742083,-0.0703157815874,0.994833072452,5,REFLECT
754,1.7658122662,32.5009073471,1.43741862682,-0.0732314742083,-0.0703157815874,0.994833072452,-5,EXIT
755,4.14883874854,-8234.39149211,5674.25763072,-0.000472389998554,0.826210377471,-0.563361508276,-5,CREATE
755,-0.559216598038,2.82586020268e-17,59.5385020065,-0.000472389998554,0.826210377471,-0.563361508276,127,ABSORB
756,30.7086010747,-8255.69200088,5642.9966239,-0.000472389998554,0.826210377471,-0.563361508276,-5,CREATE
756,25.9779644834,18.1941011708,1.34761917536,-0.381116396192,0.168488505993,0.909044507107,53,REFLECT
756,25.9779644834,18.1941011708,1.34761917536,-0.381116396192,0.168488505993,0.909044507107,-5,EXIT
757,-20.5656471741,-8256.77507759,5641.45120809,-0.000472389998554,0.826210377471,-0.563361508276,-5,CREATE
757,-25.295794182,16.2547427126,0.386069396708,-0.000472389998554,0.826210377471,-0.563361508276,110,ABSORB
758,-12.018385234,-8255.33097531,5643.56192144,-0.000472389998554,0.826210377471,-0.563361508276,-5,CREATE
758,-16.7516970373,23.234074135,-1.27747998121,0.168225199847,0.0658663342539,0.983545580107,97,REFLECT
758,-16.7516970373,23.234074135,-1.27747998121,0.168225199847,0.0658663342539,0.983545580107,-5,EXIT
759,22.164890903,-8254.24789859,5645.12166837,-0.000472389998554,0.826210377471,-0.563361508276,-5,CREATE
759,17.4312237308,24.9386910326,-0.141537713791,-0.000472389998554,0.826210377471,-0.563361508276,41,ABSORB
760,6.99689012946,-8234.75251768,5673.72577247,-0.000472389998554,0.826210377471,-0.563361508276,-5,CREATE
760,2.28862836467,7.58990702045e-17,58.7604741178,-0.000472389998554,0.826210377471,-0.563361508276,127,ABSORB
761,4.36371882767,-8252.68345444,5647.43096545,-0.000472389998554,0.826210377471,-0.563361508276,-5,CREATE
761,-0.371853246484,29.8348099221,-0.103983233007,-0.0555303364128,-0.0333955016204,0.997898352644,14,REFLECT
761,-0.371853246484,29.8348099221,-0.103983233007,-0.0555303364128,-0.0333955016204,0.997898352644,-5,EXIT
762,27.1450220776,-8258.09883803,5639.46981136,-0.000472389998554,0.826210377471,-0.563361508276,-5,CREATE
762,22.4152040593,14.3555794396,-1.20298196546,-0.342602753246,0.215531657201,0.914423019293,72,REFLECT
762,22.4152040593,14.3555794396,-1.20298196546,-0.342602753246,0.215531657201,0.914423019293,-5,EXIT
763,0.58703563575,-8235.35422697,5672.8486971,-0.000472389998554,0.826210377471,-0.563361508276,-5,CREATE
763,-4.1215701594,1.54727019509e-16,57.47311601,-0.000472389998554,0.826210377471,-0.563361508276,127,ABSORB
764,6.2871341371,-8232.82704797,5676.55020815,-0.000472389998554,0.826210377471,-0.563361508276,-5,CREATE
764,1.57997326945,-1.77439965243e-16,62.8978145432,-0.000472389998554,0.826210377471,-0.563361508276,127,ABSORB
765,-24.1274502869,-8257.73781245,5640.04227446,-0.000472389998554,0.826210377471,-0.563361508276,-5,CREATE
765,-28.8567244449,13.7653928615,0.0180766125868,0.304914967371,0.207077731353,0.929594360918,112,REFLECT
765,-28.8567244449,13.7653928615,0.0180766125868,0.304914967371,0.207077731353,0.929594360918,-5,EXIT
766,18.6039757323,-8254.4885823,5644.7716742,-0.000472389998554,0.826210377471,-0.563361508276,-5,CREATE
766,13.8701314037,25.007853989,-0.702804570452,-0.234014982997,0.0461443082404,0.971137318071,43,REFLECT
766,13.8701314037,25.007853989,-0.702804570452,-0.234014982997,0.0461443082404,0.971137318071,-5,EXIT
767,29.9952933138,-8256.65473574,5641.58530175,-0.000472389998554,0.826210377471,-0.563361508276,-5,CREATE
767,25.2650746564,16.50039983,0.434715339727,-0.377231252598,0.184878832674,0.907478043422,58,REFLECT
767,25.2650746564,16.50039983,0.434715339727,-0.377231252598,0.184878832674,0.907478043422,-5,EXIT
768,9.13207772063,-8235.71525254,5672.3120618,-0.000472389998554,0.826210377471,-0.563361508276,-5,CREATE
768,4.42326550727,2.02659997129e-16,56.6903110796,-0.000472389998554,0.826210377471,-0.563361508276,127,ABSORB
769,-9.88053381645,-8254.12755673,5645.32502914,-0.000472389998554,0.826210377471,-0.563361508276,-5,CREATE
769,-14.6144739212,25.5363921588,-0.263670118105,0.138609159631,0.0322043822585,0.9898234078,89,REFLECT
769,-14.6144739212,25.5363921588,-0.263670118105,0.138609159631,0.0322043822585,0.9898234078,-5,EXIT
770,-22.7012294062,-8256.13325435,5642.394279,-0.000472389998554,0.826210377471,-0.563361508276,-5,CREATE
770,-27.4315152249,17.1393462021,1.1635976633,0.293628728589,0.166244687203,0.941352682964,104,REFLECT
770,-27.4315152249,17.1393462021,1.1635976633,0.293628728589,0.166244687203,0.941352682964,-5,EXIT
771,17.181701261,-8252.8840242,5647.12606726,-0.000472389998554,0.826210377471,-0.563361508276,-5,CREATE
771,12.4470207938,28.0748191381,0.65442860113,-0.225432338537,-0.00059577193577,0.9742586442,32,REFLECT
771,12.4470207938,28.0748191381,0.65442860113,-0.225432338537,-0.00059577193577,0.9742586442,-5,EXIT
772,2.93789258792,-8253.96710092,5645.54960068,-0.000472389998554,0.826210377471,-0.563361508276,-5,CREATE
772,-1.79716022406,27.6429736096,-1.36608781732,-0.0368508366388,-0.00136032869269,0.999319851371,23,REFLECT
772,-1.79716022406,27.6429736096,-1.36608781732,-0.0368508366388,-0.00136032869269,0.999319851371,-5,EXIT
773,-8.45431293576,-8252.52299863,5647.67703367,-0.000472389998554,0.826210377471,-0.563361508276,-5,CREATE
773,-13.1890556263,28.5446733131,1.13118892205,0.125616938455,0.00438889728241,0.992069111682,81,REFLECT
773,-13.1890556263,28.5446733131,1.13118892205,0.125616938455,0.00438889728241,0.992069111682,-5,EXIT
774,31.4179624261,-8257.93838222,5639.70154846,-0.000472389998554,0.826210377471,-0.563361508276,-5,CREATE
774,26.6886276079,13.6709179599,-0.394991453292,-0.386597001066,0.234537172938,0.89192772873,70,REFLECT
774,26.6886276079,13.6709179599,-0.394991453292,-0.386597001066,0.234537172938,0.89192772873,-5,EXIT
775,20.0293086708,-8253.60607535,5646.06473928,-0.000472389998554,0.826210377471,-0.563361508276,-5,CREATE
775,15.2951836906,26.3812209036,0.255561722071,-0.256993866236,0.0327072353392,0.96585940461,39,REFLECT
775,15.2951836906,26.3812209036,0.255561722071,-0.256993866236,0.0327072353392,0.96585940461,-5,EXIT
776,4.86130789736,-8234.11069444,5674.66884338,-0.000472389998554,0.826210377471,-0.563361508276,-5,CREATE
776,0.153413098277,-8.64477809228e-18,60.1411799402,-0.000472389998554,0.826210377471,-0.563361508276,127,ABSORB
777,-11.3921197482,-8252.76368235,5647.32651702,-0.000472389998554,0.826210377471,-0.563361508276,-5,CREATE
777,-16.1266240521,27.8870513089,1.06496666541,0.159084442883,9.14983579052e-05,0.987264975405,78,REFLECT
777,-16.1266240521,27.8870513089,1.06496666541,0.159084442883,9.14983579052e-05,0.987264975405,-5,EXIT
778,7.62315561522,-8232.18522473,5677.49036805,-0.000472389998554,0.826210377471,-0.563361508276,-5,CREATE
778,2.91636171328,-2.61805565598e-16,64.2756093558,-0.000472389998554,0.826210377471,-0.563361508276,127,ABSORB
779,-22.7914288088,-8257.09598921,5640.98243436,-0.000472389998554,0.826210377471,-0.563361508276,-5,CREATE
779,-27.5211891145,15.2574888143,0.378467808164,-0.000472389998554,0.826210377471,-0.563361508276,108,ABSORB
780,17.0915018584,-8253.84675906,5645.71422262,-0.000472389998554,0.826210377471,-0.563361508276,-5,CREATE
780,12.3572532385,26.3567831109,-0.242404824054,-0.000472389998554,0.826210377471,-0.563361508276,37,ABSORB
781,5.69929633473,-8252.40265677,5647.84165562,-0.000472389998554,0.826210377471,-0.563361508276,-5,CREATE
781,0.963626462837,30.2866558929,0.190075588175,-0.0761213845829,-0.0390489719933,0.996333635182,15,REFLECT
781,0.963626462837,30.2866558929,0.190075588175,-0.0761213845829,-0.0390489719933,0.996333635182,-5,EXIT
782,-7.12026466234,-8253.48573349,5646.26399478,-0.000472389998554,0.826210377471,-0.563361508276,-5,CREATE
782,-11.854611332,26.8892977735,0.19043542738,0.111210122272,0.0150920264161,0.993682313138,91,REFLECT
782,-11.854611332,26.8892977735,0.19043542738,0.111210122272,0.0150920264161,0.993682313138,-5,EXIT
783,3.34730478986,-8234.71240373,5673.78766273,-0.000472389998554,0.826210377471,-0.563361508276,-5,CREATE
783,-1.36093403958,7.04345465144e-17,58.8497165621,-0.000472389998554,0.826210377471,-0.563361508276,127,ABSORB
784,9.04621936839,-8233.14795959,5676.07725451,-0.000472389998554,0.826210377471,-0.563361508276,-5,CREATE
784,4.33887501788,-1.35081202354e-16,62.2060434478,-0.000472389998554,0.826210377471,-0.563361508276,127,ABSORB
785,-21.3683650556,-8258.05872407,5639.56932083,-0.000472389998554,0.826210377471,-0.563361508276,-5,CREATE
785,-26.0977413109,13.6230494787,-0.576635930939,-0.000472389998554,0.826210377471,-0.563361508276,118,ABSORB
786,-10.681179833,-8253.72641721,5645.91400061,-0.000472389998554,0.826210377471,-0.563361508276,-5,CREATE
786,-15.4152675117,26.1956386048,0.149308034864,0.144548953433,0.0194998277302,0.989305492141,89,REFLECT
786,-15.4152675117,26.1956386048,0.149308034864,0.144548953433,0.0194998277302,0.989305492141,-5,EXIT
787,8.33054376195,-8236.03616416,5671.84209382,-0.000472389998554,0.826210377471,-0.563361508276,-5,CREATE
787,3.62154806573,2.44835941617e-16,56.0015256352,-0.000472389998554,0.826210377471,-0.563361508276,127,ABSORB
788,2.6375487975,-8232.78693401,5676.61209841,-0.000472389998554,0.826210377471,-0.563361508276,-5,CREATE
788,-2.0695891348,-1.82904488934e-16,62.9870569875,-0.000472389998554,0.826210377471,-0.563361508276,127,ABSORB
789,6.41023624991,-8253.36539163,5646.42913921,-0.000472389998554,0.826210377471,-0.563361508276,-5,CREATE
789,1.67498643259,28.5892453411,-0.721493337594,-0.0728143359137,-0.014545959751,0.997239433406,20,REFLECT
789,1.67498643259,28.5892453411,-0.721493337594,-0.0728143359137,-0.014545959751,0.997239433406,-5,EXIT
790,-0.214498322933,-8235.67513859,5672.37872911,-0.000472389998554,0.826210377471,-0.563361508276,-5,CREATE
790,-4.92328760094,1.96902963996e-16,56.7843305656,-0.000472389998554,0.826210377471,-0.563361508276,127,ABSORB
791,30.6164284674,-8258.25929384,5639.23158047,-0.000472389998554,0.826210377471,-0.563361508276,-5,CREATE
791,25.887162219,13.2300777557,-0.783184688783,-0.376713153663,0.228386974314,0.89773414206,70,REFLECT
791,25.887162219,13.2300777557,-0.783184688783,-0.376713153663,0.228386974314,0.89773414206,-5,EXIT
792,7.83645713059,-8251.76083353,5648.78114375,-0.000472389998554,0.826210377471,-0.563361508276,-5,CREATE
792,3.10055023505,31.3430336316,0.846894730384,-0.0872939309488,-0.0506461304146,0.994894335643,11,REFLECT
792,3.10055023505,31.3430336316,0.846894730384,-0.0872939309488,-0.0506461304146,0.994894335643,-5,EXIT
793,1.21172255775,-8234.07058049,5674.73073364,-0.000472389998554,0.826210377471,-0.563361508276,-5,CREATE
793,-3.49614930597,-1.41093017826e-17,60.2304223845,-0.000472389998554,0.826210377471,-0.563361508276,127,ABSORB
794,21.7190242223,-8254.88972183,5644.18076206,-0.000472389998554,0.826210377471,-0.563361508276,-5,CREATE
794,16.9856076206,23.8586201181,-0.783619562684,-0.271887301952,0.0658887818016,0.960070811696,46,REFLECT
794,16.9856076206,23.8586201181,-0.783619562684,-0.271887301952,0.0658887818016,0.960070811696,-5,EXIT
795,6.55102344884,-8235.39434092,5672.78486616,-0.000472389998554,0.826210377471,-0.563361508276,-5,CREATE
795,1.84239471833,1.6031037516e-16,57.3819328925,-0.000472389998554,0.826210377471,-0.563361508276,127,ABSORB
796,3.70652383637,-8232.14511077,5677.55248223,-0.000472389998554,0.826210377471,-0.563361508276,-5,CREATE
796,-1.00024713022,-2.67283800669e-16,64.365075724,-0.000472389998554,0.826210377471,-0.563361508276,127,ABSORB
797,1.78266455588,-8252.36254282,5647.90376981,-0.000472389998554,0.826210377471,-0.563361508276,-5,CREATE
797,-2.95308679203,30.4692714495,0.155023337109,-0.0267346174835,-0.0353491163146,0.999017367318,12,REFLECT
797,-2.95308679203,30.4692714495,0.155023337109,-0.0267346174835,-0.0353491163146,0.999017367318,-5,EXIT
798,7.97882289328,-8232.50613635,5677.01942973,-0.000472389998554,0.826210377471,-0.563361508276,-5,CREATE
798,3.27184550848,-2.1957020513e-16,63.5858535748,-0.000472389998554,0.826210377471,-0.563361508276,127,ABSORB
799,-22.4357615307,-8257.41690083,5640.51149604,-0.000472389998554,0.826210377471,-0.563361508276,-5,CREATE
799,-27.1653744398,14.6787803741,0.0833113551331,0.291393014396,0.19249914024,0.937034787064,113,REFLECT
799,-27.1653744398,14.6787803741,0.0833113551331,0.291393014396,0.19249914024,0.937034787064,-5,EXIT
800,28.838486718,-8256.33382412,5642.05691185,-0.000472389998554,0.826210377471,-0.563361508276,-5,CREATE
800,24.1079403078,17.3945512403,0.515454971479,-0.362260646296,0.174232696167,0.915647416712,57,REFLECT
800,24.1079403078,17.3945512403,0.515454971479,-0.362260646296,0.174232696167,0.915647416712,-5,EXIT
801,-8.19002898309,-8254.76937997,5644.38233144,-0.000472389998554,0.826210377471,-0.563361508276,-5,CREATE
801,-12.9237594931,24.5279877156,-0.956410005217,0.118301828079,0.0553547150118,0.991433574678,100,REFLECT
801,-12.9237594931,24.5279877156,-0.956410005217,0.118301828079,0.0553547150118,0.991433574678,-5,EXIT
802,4.41391198309,-8235.99605021,5671.904208,-0.000472389998554,0.826210377471,-0.563361508276,-5,CREATE
802,-0.295060777766,2.39357706547e-16,56.0909920034,-0.000472389998554,0.826210377471,-0.563361508276,127,ABSORB
803,19.5859084961,-8252.24220096,5648.06533146,-0.000472389998554,0.826210377471,-0.563361508276,-5,CREATE
803,14.8511268025,28.8936872868,1.4729725973,-0.24908278809,-0.00244825792293,0.968479101845,28,REFLECT
803,14.8511268025,28.8936872868,1.4729725973,-0.24908278809,-0.00244825792293,0.968479101845,-5,EXIT
804,-20.3005739396,-8258.37963569,5639.09778537,-0.000472389998554,0.826210377471,-0.563361508276,-5,CREATE
804,-25.0298790059,13.1776284289,-0.963273128419,0.265613328481,0.21145728628,0.940603729427,124,REFLECT
804,-25.0298790059,13.1776284289,-0.963273128419,0.265613328481,0.21145728628,0.940603729427,-5,EXIT
805,33.8221696612,-8257.29655898,5640.64081266,-0.000472389998554,0.826210377471,-0.563361508276,-5,CREATE
805,29.0928128587,14.3511916886,0.518054819362,-0.3992351948,0.216555983377,0.890906709649,61,REFLECT
805,29.0928128587,14.3511916886,0.518054819362,-0.3992351948,0.216555983377,0.890906709649,-5,EXIT
806,-11.749760231,-8254.04732883,5645.44425655,-0.000472389998554,0.826210377471,-0.563361508276,-5,CREATE
806,-16.4836548977,25.5371490833,-0.0902544654248,0.155493684645,0.0329915201616,0.987285811522,88,REFLECT
806,-16.4836548977,25.5371490833,-0.0902544654248,0.155493684645,0.0329915201616,0.987285811522,-5,EXIT
807,22.433515906,-8252.96425211,5647.00400348,-0.000472389998554,0.826210377471,-0.563361508276,-5,CREATE
807,17.6992743075,27.2270094723,1.05574970529,-0.000472389998554,0.826210377471,-0.563361508276,31,ABSORB
808,7.26551513247,-8233.4688712,5675.60810758,-0.000472389998554,0.826210377471,-0.563361508276,-5,CREATE
808,2.5579872991,-9.29555329269e-17,61.5180790574,-0.000472389998554,0.826210377471,-0.563361508276,127,ABSORB
809,-17.4520128141,-8258.32615042,5639.17383681,-0.000472389998554,0.826210377471,-0.563361508276,-5,CREATE
809,-22.1816104413,13.7428027447,-1.23612303541,0.237385672875,0.208645304981,0.948744000784,126,REFLECT
809,-22.1816104413,13.7428027447,-1.23612303541,0.237385672875,0.208645304981,0.948744000784,-5,EXIT
810,3.91969380476,-8251.82769012,5648.68637801,-0.000472389998554,0.826210377471,-0.563361508276,-5,CREATE
810,-0.816256946539,31.3528807872,0.699827624833,-0.0499452957096,-0.0501909113451,0.997490019927,8,REFLECT
810,-0.816256946539,31.3528807872,0.699827624833,-0.0499452957096,-0.0501909113451,0.997490019927,-5,EXIT
811,0.143010612842,-8234.49846265,5674.10410966,-0.000472389998554,0.826210377471,-0.563361508276,-5,CREATE
811,-4.56510589469,4.21252908675e-17,59.312041792,-0.000472389998554,0.826210377471,-0.563361508276,127,ABSORB
812,-13.1721662492,-8252.54974127,5647.64176968,-0.000472389998554,0.826210377471,-0.563361508276,-5,CREATE
812,-17.9066859489,28.1279194581,1.36185878297,0.172333003601,0.00478417122858,0.985027130375,77,REFLECT
812,-17.9066859489,28.1279194581,1.36185878297,0.172333003601,0.00478417122858,0.985027130375,-5,EXIT
813,5.84310911419,-8231.97128365,5677.80562071,-0.000472389998554,0.826210377471,-0.563361508276,-5,CREATE
813,1.13643753415,-2.90041693885e-16,64.7367403252,-0.000472389998554,0.826210377471,-0.563361508276,127,ABSORB
814,-24.5714753098,-8256.88204813,5641.29768703,-0.000472389998554,0.826210377471,-0.563361508276,-5,CREATE
814,-29.3011762105,15.3675303991,0.764565596099,0.311941202443,0.18673922747,0.931569185376,107,REFLECT
814,-29.3011762105,15.3675303991,0.764565596099,0.311941202443,0.18673922747,0.931569185376,-5,EXIT
815,18.1599507094,-8253.63281798,5646.02708677,-0.000472389998554,0.826210377471,-0.563361508276,-5,CREATE
815,13.4256923771,26.5877111191,0.0588765776336,-0.235843552404,0.0296640981622,0.971338180074,38,REFLECT
815,13.4256923771,26.5877111191,0.0588765776336,-0.235843552404,0.0296640981622,0.971338180074,-5,EXIT
816,29.5477165225,-8258.687176,5638.60495649,-0.000472389998554,0.826210377471,-0.563361508276,-5,CREATE
816,24.818541692,12.6423056127,-1.3007857583,-0.359477743209,0.233761300795,0.903399914981,74,REFLECT
816,24.818541692,12.6423056127,-1.3007857583,-0.359477743209,0.233761300795,0.903399914981,-5,EXIT
817,8.68805269772,-8234.85948822,5673.56747437,-0.000472389998554,0.826210377471,-0.563361508276,-5,CREATE
817,3.97972977198,9.00582684881e-17,58.5292368616,-0.000472389998554,0.826210377471,-0.563361508276,127,ABSORB
818,-10.3245588394,-8253.27179241,5646.5804417,-0.000472389998554,0.826210377471,-0.563361508276,-5,CREATE
818,-15.0588752296,27.0502800625,0.542992942411,0.14478469892,0.0124203162903,0.989385226644,84,REFLECT
818,-15.0588752296,27.0502800625,0.542992942411,0.14478469892,0.0124203162903,0.989385226644,-5,EXIT
819,2.8122910825,-8235.46119751,5672.68995114,-0.000472389998554,0.826210377471,-0.563361508276,-5,CREATE
819,-1.89637587359,1.68913640553e-16,57.2414309061,-0.000472389998554,0.826210377471,-0.563361508276,127,ABSORB
820,-19.0536994882,-8257.84478299,5639.88113999,-0.000472389998554,0.826210377471,-0.563361508276,-5,CREATE
820,-23.7834062421,14.4150329942,-0.658961969962,0.257129175673,0.198597124859,0.945750373521,120,REFLECT
820,-23.7834062421,14.4150329942,-0.658961969962,0.257129175673,0.198597124859,0.945750373521,-5,EXIT
821,32.2205487606,-8256.76170628,5641.4265558,-0.000472389998554,0.826210377471,-0.563361508276,-5,CREATE
821,27.4906865222,15.7700520382,0.701026684182,-0.000472389998554,0.826210377471,-0.563361508276,60,ABSORB
822,-13.3513811315,-8253.51247613,5646.22999969,-0.000472389998554,0.826210377471,-0.563361508276,-5,CREATE
822,-18.0854560504,26.3872628287,0.48052412943,0.176300904864,0.0217233515132,0.984096584154,82,REFLECT
822,-18.0854560504,26.3872628287,0.48052412943,0.176300904864,0.0217233515132,0.984096584154,-5,EXIT
823,5.66034246343,-8235.82222308,5672.1580929,-0.000472389998554,0.826210377471,-0.563361508276,-5,CREATE
823,0.951469089114,2.1655410873e-16,56.4634030174,-0.000472389998554,0.826210377471,-0.563361508276,127,ABSORB
824,4.24009052695,-8232.57299293,5676.92451471,-0.000472389998554,0.826210377471,-0.563361508276,-5,CREATE
824,-0.46692508345,-2.10966939738e-16,63.4453515885,-0.000472389998554,0.826210377471,-0.563361508276,127,ABSORB
825,8.01277797935,-8253.15145055,5646.74155551,-0.000472389998554,0.826210377471,-0.563361508276,-5,CREATE
825,3.27746572276,28.9123927453,-0.483540690692,-0.0865777041785,-0.0138219064641,0.996149213743,21,REFLECT
825,3.27746572276,28.9123927453,-0.483540690692,-0.0865777041785,-0.0138219064641,0.996149213743,-5,EXIT
826,-23.327626439,-8258.80751785,5638.4728035,-0.000472389998554,0.826210377471,-0.563361508276,-5,CREATE
826,-28.0564070886,11.8325411677,-0.962847644796,0.294543040624,0.229384718247,0.927699869707,122,REFLECT
826,-28.0564070886,11.8325411677,-0.962847644796,0.294543040624,0.229384718247,0.927699869707,-5,EXIT
827,27.9466218098,-8257.72444114,5640.01821931,-0.000472389998554,0.826210377471,-0.563361508276,-5,CREATE
827,23.2167056242,14.9016709523,-0.771646067768,-0.34778086887,0.208082475683,0.914193716103,67,REFLECT
827,23.2167056242,14.9016709523,-0.771646067768,-0.34778086887,0.208082475683,0.914193716103,-5,EXIT
828,5.16665047301,-8251.22598083,5649.56778258,-0.000472389998554,0.826210377471,-0.563361508276,-5,CREATE
828,0.430467227224,32.3612230687,1.30396458356,-0.0532345165609,-0.0608332021236,0.99672734876,4,REFLECT
828,0.430467227224,32.3612230687,1.30396458356,-0.0532345165609,-0.0608332021236,0.99672734876,-5,EXIT
829,-6.94433845452,-8255.19726213,5643.75376678,-0.000472389998554,0.826210377471,-0.563361508276,-5,CREATE
829,-11.6779214734,23.8421434695,-1.40908010183,0.110537172042,0.0497129465874,0.992627904372,101,REFLECT
829,-11.6779214734,23.8421434695,-1.40908010183,0.110537172042,0.0497129465874,0.992627904372,-5,EXIT
830,3.52678276613,-8233.53572779,5675.51319256,-0.000472389998554,0.826210377471,-0.563361508276,-5,CREATE
830,-1.18078329283,-8.43522675346e-17,61.3775770711,-0.000472389998554,0.826210377471,-0.563361508276,127,ABSORB
831,30.0849665285,-8256.11988304,5642.36962671,-0.000472389998554,0.826210377471,-0.563361508276,-5,CREATE
831,25.3544695392,17.5220549942,0.88710816545,-0.384143234067,0.174419281709,0.906648713609,53,REFLECT
831,25.3544695392,17.5220549942,0.88710816545,-0.384143234067,0.174419281709,0.906648713609,-5,EXIT
832,9.22530270373,-8232.29219527,5677.33214459,-0.000472389998554,0.826210377471,-0.563361508276,-5,CREATE
832,4.51844764083,-2.47650937775e-16,64.0444467408,-0.000472389998554,0.826210377471,-0.563361508276,127,ABSORB
833,-21.1892817203,-8257.20295975,5640.8242109,-0.000472389998554,0.826210377471,-0.563361508276,-5,CREATE
833,-25.9191289855,15.3026104887,0.116538435471,0.275852737202,0.187500607482,0.942734739772,114,REFLECT
833,-25.9191289855,15.3026104887,0.116538435471,0.275852737202,0.187500607482,0.942734739772,-5,EXIT
834,7.79750325929,-8235.18039984,5673.09758102,-0.000472389998554,0.826210377471,-0.563361508276,-5,CREATE
834,3.08899685069,1.32229642516e-16,57.8405260585,-0.000472389998554,0.826210377471,-0.563361508276,127,ABSORB
835,2.10450829484,-8231.93116969,5677.86758562,-0.000472389998554,0.826210377471,-0.563361508276,-5,CREATE
835,-2.60214034984,-2.95510788035e-16,64.8260574109,-0.000472389998554,0.826210377471,-0.563361508276,127,ABSORB
836,3.02914436633,-8252.14860174,5648.21648467,-0.000472389998554,0.826210377471,-0.563361508276,-5,CREATE
836,-1.70668417261,30.8182196713,0.375681950544,-0.0406165513144,-0.0496218706366,0.997941864897,8,REFLECT
836,-1.70668417261,30.8182196713,0.375681950544,-0.0406165513144,-0.0496218706366,0.997941864897,-5,EXIT
837,20.1193765264,-8252.75031103,5647.31970399,-0.000472389998554,0.826210377471,-0.563361508276,-5,CREATE
837,15.3848607061,27.920564762,1.04441948524,-0.257125495462,0.0103700644272,0.966322379616,29,REFLECT
837,15.3848607061,27.920564762,1.04441948524,-0.257125495462,0.0103700644272,0.966322379616,-5,EXIT
838,4.95137575294,-8233.25493013,5675.92380809,-0.000472389998554,0.826210377471,-0.563361508276,-5,CREATE
838,0.24397024148,-1.21219083973e-16,61.9796578745,-0.000472389998554,0.826210377471,-0.563361508276,127,ABSORB
839,19.7606507811,-8254.91646446,5644.14318419,-0.000472389998554,0.826210377471,-0.563361508276,-5,CREATE
839,15.0270890491,24.0857103435,-0.994276430992,-0.240245398992,0.0621525373122,0.968720398448,49,REFLECT
839,15.0270890491,24.0857103435,-0.994276430992,-0.240245398992,0.0621525373122,0.968720398448,-5,EXIT
840,-8.72385876763,-8254.55543889,5644.69653913,-0.000472389998554,0.826210377471,-0.563361508276,-5,CREATE
840,-13.457659949,24.8655329558,-0.726483305819,0.121005439976,0.0359308103761,0.992001340907,95,REFLECT
840,-13.457659949,24.8655329558,-0.726483305819,0.121005439976,0.0359308103761,0.992001340907,-5,EXIT
841,1.74371068457,-8235.78210913,5672.22020708,-0.000472389998554,0.826210377471,-0.563361508276,-5,CREATE
841,-2.96513975438,2.1107587366e-16,56.5528693856,-0.000472389998554,0.826210377471,-0.563361508276,127,ABSORB
842,4.0961462005,-8253.1113366,5646.8036697,-0.000472389998554,0.826210377471,-0.563361508276,-5,CREATE
842,-0.639255366752,29.1087110985,-0.527936358895,-0.051475016898,-0.0202335745634,0.998469291013,19,REFLECT
842,-0.639255366752,29.1087110985,-0.527936358895,-0.051475016898,-0.0202335745634,0.998469291013,-5,EXIT
843,-7.297243246,-8252.62996917,5647.51918342,-0.000472389998554,0.826210377471,-0.563361508276,-5,CREATE
843,-12.031979749,28.4268808426,0.980717729839,0.111689465596,-0.0177335552429,0.993584915492,81,REFLECT
843,-12.031979749,28.4268808426,0.980717729839,0.111689465596,-0.0177335552429,0.993584915492,-5,EXIT
844,-12.9968977763,-8254.79612261,5644.34714209,-0.000472389998554,0.826210377471,-0.563361508276,-5,CREATE
844,-17.7304026787,24.1066571904,-0.72254484529,-0.000472389998554,0.826210377471,-0.563361508276,92,ABSORB
845,21.1863783606,-8253.71304589,5645.90688902,-0.000472389998554,0.826210377471,-0.563361508276,-5,CREATE
845,16.4523934836,26.0292096884,0.264795405122,-0.268047605549,0.0458396013097,0.962314507898,40,REFLECT
845,16.4523934836,26.0292096884,0.264795405122,-0.268047605549,0.0458396013097,0.962314507898,-5,EXIT
846,6.01837758712,-8234.21766498,5674.51099312,-0.000472389998554,0.826210377471,-0.563361508276,-5,CREATE
846,1.31042162709,5.48699743093e-18,59.9103905316,-0.000472389998554,0.826210377471,-0.563361508276,127,ABSORB
847,-22.2562835545,-8256.24022489,5642.23702587,-0.000472389998554,0.826210377471,-0.563361508276,-5,CREATE
847,-26.9865572754,17.0112166521,1.02077206357,0.292769753629,0.16236697878,0.942296575162,104,REFLECT
847,-26.9865572754,17.0112166521,1.02077206357,0.292769753629,0.16236697878,0.942296575162,-5,EXIT
848,17.6266471127,-8252.99099474,5646.96881413,-0.000472389998554,0.826210377471,-0.563361508276,-5,CREATE
848,12.8920448931,27.8309935459,0.590491742875,-0.231211113491,0.0129400196542,0.972817545529,32,REFLECT
848,12.8920448931,27.8309935459,0.590491742875,-0.231211113491,0.0129400196542,0.972817545529,-5,EXIT
849,6.23286302531,-8252.83053893,5647.21368809,-0.000472389998554,0.826210377471,-0.563361508276,-5,CREATE
849,1.49738687026,29.5199628665,-0.206869662474,-0.0756569581773,-0.0299229848082,0.996684824636,15,REFLECT
849,1.49738687026,29.5199628665,-0.206869662474,-0.0756569581773,-0.0299229848082,0.996684824636,-5,EXIT
850,-8.01094564775,-8253.91361565,5645.63722151,-0.000472389998554,0.826210377471,-0.563361508276,-5,CREATE
850,-12.7450691632,26.0711186695,-0.170209160058,0.111787457181,0.0246802550005,0.993425613436,91,REFLECT
850,-12.7450691632,26.0711186695,-0.170209160058,0.111787457181,0.0246802550005,0.993425613436,-5,EXIT
851,3.88087148043,-8235.14028589,5673.15969521,-0.000472389998554,0.826210377471,-0.563361508276,-5,CREATE
851,-0.827611992808,1.26751407445e-16,57.9299924267,-0.000472389998554,0.826210377471,-0.563361508276,127,ABSORB
852,9.58096998179,-8232.61310689,5676.86120626,-0.000472389998554,0.826210377471,-0.563361508276,-5,CREATE
852,4.87393143604,-2.05415577307e-16,63.3546909599,-0.000472389998554,0.826210377471,-0.563361508276,127,ABSORB
853,-20.8336144422,-8257.52387137,5640.35327258,-0.000472389998554,0.826210377471,-0.563361508276,-5,CREATE
853,-25.5633219227,14.7372153691,-0.187695865742,0.273471731316,0.195807876842,0.941739076144,114,REFLECT
853,-25.5633219227,14.7372153691,-0.187695865742,0.273471731316,0.195807876842,0.941739076144,-5,EXIT
854,33.2891291585,-8256.44079466,5641.89629986,-0.000472389998554,0.826210377471,-0.563361508276,-5,CREATE
854,28.5592382715,16.1410701335,1.13660504272,-0.000472389998554,0.826210377471,-0.563361508276,55,ABSORB
855,-12.2828007336,-8253.19156451,5646.69974375,-0.000472389998554,0.826210377471,-0.563361508276,-5,CREATE
855,-17.0170644278,27.0383425959,0.725139059992,0.164144682501,0.0181212964439,0.986269811878,83,REFLECT
855,-17.0170644278,27.0383425959,0.725139059992,0.164144682501,0.0181212964439,0.986269811878,-5,EXIT
856,6.72773893854,-8236.46404632,5671.21591768,-0.000472389998554,0.826210377471,-0.563361508276,-5,CREATE
856,2.01849859852,3.01043111507e-16,55.0835928904,-0.000472389998554,0.826210377471,-0.563361508276,127,ABSORB
857,1.03474397409,-8233.21481617,5675.98592228,-0.000472389998554,0.826210377471,-0.563361508276,-5,CREATE
857,-3.67263860202,-1.26697319044e-16,62.0691242427,-0.000472389998554,0.826210377471,-0.563361508276,127,ABSORB
858,-6.58788189458,-8254.87635051,5644.22410798,-0.000472389998554,0.826210377471,-0.563361508276,-5,CREATE
858,-11.3216268506,24.4462831173,-1.13186135465,0.102837580961,0.0429710700077,0.99376955029,101,REFLECT
858,-11.3216268506,24.4462831173,-1.13186135465,0.102837580961,0.0429710700077,0.99376955029,-5,EXIT
859,4.8074314265,-8253.79327379,5645.80296308,-0.000472389998554,0.826210377471,-0.563361508276,-5,CREATE
859,0.0723314721799,27.8992527142,-1.16894628989,-0.0524366343076,-0.000446949403607,0.998624153332,24,REFLECT
859,0.0723314721799,27.8992527142,-1.16894628989,-0.0524366343076,-0.000446949403607,0.998624153332,-5,EXIT
860,0.986684465764,-8236.10302075,5671.75020177,-0.000472389998554,0.826210377471,-0.563361508276,-5,CREATE
860,-3.72234945605,2.53254103377e-16,55.8640466206,-0.000472389998554,0.826210377471,-0.563361508276,127,ABSORB
861,-23.7278014569,-8258.48660623,5638.94377914,-0.000472389998554,0.826210377471,-0.563361508276,-5,CREATE
861,-28.4567120632,12.3807470766,-0.646855352393,-0.000472389998554,0.826210377471,-0.563361508276,117,ABSORB
862,19.0036245623,-8255.23737608,5643.67317888,-0.000472389998554,0.826210377471,-0.563361508276,-5,CREATE
862,14.2701552745,23.6031138151,-1.35403493402,-0.240449309674,0.0714890313696,0.968025540919,49,REFLECT
862,14.2701552745,23.6031138151,-1.35403493402,-0.240449309674,0.0714890313696,0.968025540919,-5,EXIT
863,30.3949421439,-8257.40352952,5640.48680643,-0.000472389998554,0.826210377471,-0.563361508276,-5,CREATE
863,25.6651895786,14.9364105551,-0.107929104102,-0.376690456947,0.209366969525,0.90236897759,64,REFLECT
863,25.6651895786,14.9364105551,-0.107929104102,-0.376690456947,0.209366969525,0.90236897759,-5,EXIT
864,9.5352783191,-8233.57584174,5675.44932431,-0.000472389998554,0.826210377471,-0.563361508276,-5,CREATE
864,4.82768932477,-7.87666266532e-17,61.2863566329,-0.000472389998554,0.826210377471,-0.563361508276,127,ABSORB
865,2.41329998739,-8234.17755103,5674.57284606,-0.000472389998554,0.826210377471,-0.563361508276,-5,CREATE
865,-2.29463303729,2.47589706111e-20,59.9995956553,-0.000472389998554,0.826210377471,-0.563361508276,127,ABSORB
866,-19.4526905833,-8256.56113651,5641.76403491,-0.000472389998554,0.826210377471,-0.563361508276,-5,CREATE
866,-24.1830623,16.8616997666,0.430913538745,0.257993641774,0.165248028576,0.95190985385,111,REFLECT
866,-24.1830623,16.8616997666,0.430913538745,0.257993641774,0.165248028576,0.95190985385,-5,EXIT
867,20.4293521418,-8254.03395751,5645.43688372,-0.000472389998554,0.826210377471,-0.563361508276,-5,CREATE
867,15.6954507845,25.5622220469,-0.105606205611,-0.260765930696,0.0391591406,0.964607532158,40,REFLECT
867,15.6954507845,25.5622220469,-0.105606205611,-0.260765930696,0.0391591406,0.964607532158,-5,EXIT
868,5.26135136831,-8234.5385766,5674.04098781,-0.000472389998554,0.826210377471,-0.563361508276,-5,CREATE
868,0.553211925422,4.76652271485e-17,59.2215677666,-0.000472389998554,0.826210377471,-0.563361508276,127,ABSORB
869,7.39952069102,-8233.07664589,5676.18322199,-0.000472389998554,0.826210377471,-0.563361508276,-5,CREATE
869,2.69221711447,-1.44547328893e-16,62.360637026,-0.000472389998554,0.826210377471,-0.563361508276,127,ABSORB
870,-23.015063733,-8257.98741038,5639.6752883,-0.000472389998554,0.826210377471,-0.563361508276,-5,CREATE
870,-27.7443269532,13.4966647915,-0.335865429776,-0.000472389998554,0.826210377471,-0.563361508276,117,ABSORB
871,16.8678669342,-8254.73818023,5644.40707656,-0.000472389998554,0.826210377471,-0.563361508276,-5,CREATE
871,12.1339940329,24.8082298775,-1.10147745927,-0.220881214672,0.0544994795286,0.973776820291,47,REFLECT
871,12.1339940329,24.8082298775,-1.10147745927,-0.220881214672,0.0544994795286,0.973776820291,-5,EXIT
872,28.2591845158,-8256.90433366,5641.22070411,-0.000472389998554,0.826210377471,-0.563361508276,-5,CREATE
872,23.5288761779,16.4076530259,-0.0368331298911,-0.360205614679,0.186384205134,0.914063916381,62,REFLECT
872,23.5288761779,16.4076530259,-0.0368331298911,-0.360205614679,0.186384205134,0.914063916381,-5,EXIT
873,0.278726282128,-8232.71562032,5676.71866302,-0.000472389998554,0.826210377471,-0.563361508276,-5,CREATE
873,-4.4283708762,-1.92407179153e-16,63.142247696,-0.000472389998554,0.826210377471,-0.563361508276,127,ABSORB
874,-7.34389958655,-8254.37715466,5644.95684872,-0.000472389998554,0.826210377471,-0.563361508276,-5,CREATE
874,-12.0778430139,25.2926056033,-0.63581309331,0.113415032479,0.0321754622449,0.99302657066,96,REFLECT
874,-12.0778430139,25.2926056033,-0.63581309331,0.113415032479,0.0321754622449,0.99302657066,-5,EXIT
875,1.2021784308,-8253.89578723,5645.65564279,-0.000472389998554,0.826210377471,-0.563361508276,-5,CREATE
875,-3.53293106533,27.8134278985,-1.32764590998,-0.00208775581791,-0.00418694070128,0.999989055342,22,REFLECT
875,-3.53293106533,27.8134278985,-1.32764590998,-0.00208775581791,-0.00418694070128,0.999989055342,-5,EXIT
876,22.164890903,-8254.24789859,5645.12166837,-0.000472389998554,0.826210377471,-0.563361508276,-5,CREATE
876,17.4312237308,24.9386910326,-0.141537713791,-0.272825765704,0.0515372167449,0.960682058154,41,REFLECT
876,17.4312237308,24.9386910326,-0.141537713791,-0.272825765704,0.0515372167449,0.960682058154,-5,EXIT
877,6.99689012946,-8234.75251768,5673.72577247,-0.000472389998554,0.826210377471,-0.563361508276,-5,CREATE
877,2.28862836467,7.58990702045e-17,58.7604741178,-0.000472389998554,0.826210377471,-0.563361508276,127,ABSORB
878,4.36371882767,-8252.68345444,5647.43096545,-0.000472389998554,0.826210377471,-0.563361508276,-5,CREATE
878,-0.371853246484,29.8348099221,-0.103983233007,-0.057364011844,-0.0302396497929,0.99789525188,14,REFLECT
878,-0.371853246484,29.8348099221,-0.103983233007,-0.057364011844,-0.0302396497929,0.99789525188,-5,EXIT
879,27.1450220776,-8258.09883803,5639.46981136,-0.000472389998554,0.826210377471,-0.563361508276,-5,CREATE
879,22.4152040593,14.3555794396,-1.20298196546,-0.335782325408,0.213699009506,0.917378309793,72,REFLECT
879,22.4152040593,14.3555794396,-1.20298196546,-0.335782325408,0.213699009506,0.917378309793,-5,EXIT
880,0.58703563575,-8235.35422697,5672.8486971,-0.000472389998554,0.826210377471,-0.563361508276,-5,CREATE
880,-4.1215701594,1.54727019509e-16,57.47311601,-0.000472389998554,0.826210377471,-0.563361508276,127,ABSORB
881,6.2871341371,-8232.82704797,5676.55020815,-0.000472389998554,0.826210377471,-0.563361508276,-5,CREATE
881,1.57997326945,-1.77439965243e-16,62.8978145432,-0.000472389998554,0.826210377471,-0.563361508276,127,ABSORB
882,-24.1274502869,-8257.73781245,5640.04227446,-0.000472389998554,0.826210377471,-0.563361508276,-5,CREATE
882,-28.8567244449,13.7653928615,0.0180766125868,-0.000472389998554,0.826210377471,-0.563361508276,112,ABSORB
883,18.6039757323,-8254.4885823,5644.7716742,-0.000472389998554,0.826210377471,-0.563361508276,-5,CREATE
883,13.8701314037,25.007853989,-0.702804570452,-0.239802034805,0.0482708046384,0.969621015409,43,REFLECT
883,13.8701314037,25.007853989,-0.702804570452,-0.239802034805,0.0482708046384,0.969621015409,-5,EXIT
884,29.9952933138,-8256.65473574,5641.58530175,-0.000472389998554,0.826210377471,-0.563361508276,-5,CREATE
884,25.2650746564,16.50039983,0.434715339727,-0.000472389998554,0.826210377471,-0.563361508276,58,ABSORB
885,9.13207772063,-8235.71525254,5672.3120618,-0.000472389998554,0.826210377471,-0.563361508276,-5,CREATE
885,4.42326550727,2.02659997129e-16,56.6903110796,-0.000472389998554,0.826210377471,-0.563361508276,127,ABSORB
886,-9.88053381645,-8254.12755673,5645.32502914,-0.000472389998554,0.826210377471,-0.563361508276,-5,CREATE
886,-14.6144739212,25.5363921588,-0.263670118105,0.150990839981,0.0558000942085,0.986959024341,89,REFLECT
886,-14.6144739212,25.5363921588,-0.263670118105,0.150990839981,0.0558000942085,0.986959024341,-5,EXIT
887,-22.7012294062,-8256.13325435,5642.394279,-0.000472389998554,0.826210377471,-0.563361508276,-5,CREATE
887,-27.4315152249,17.1393462021,1.1635976633,0.286949199839,0.157410222571,0.944924430069,104,REFLECT
887,-27.4315152249,17.1393462021,1.1635976633,0.286949199839,0.157410222571,0.944924430069,-5,EXIT
888,17.181701261,-8252.8840242,5647.12606726,-0.000472389998554,0.826210377471,-0.563361508276,-5,CREATE
888,12.4470207938,28.0748191381,0.65442860113,-0.228593425934,0.00671216045597,0.973498840534,32,REFLECT
888,12.4470207938,28.0748191381,0.65442860113,-0.228593425934,0.00671216045597,0.973498840534,-5,EXIT
889,2.93789258792,-8253.96710092,5645.54960068,-0.000472389998554,0.826210377471,-0.563361508276,-5,CREATE
889,-1.79716022406,27.6429736096,-1.36608781732,-0.0391554096693,-0.00658135533985,0.999211458929,23,REFLECT
889,-1.79716022406,27.6429736096,-1.36608781732,-0.0391554096693,-0.00658135533985,0.999211458929,-5,EXIT
890,-8.45431293576,-8252.52299863,5647.67703367,-0.000472389998554,0.826210377471,-0.563361508276,-5,CREATE
890,-13.1890556263,28.5446733131,1.13118892205,0.123330649837,-0.0123369212039,0.992288945412,81,REFLECT
890,-13.1890556263,28.5446733131,1.13118892205,0.123330649837,-0.0123369212039,0.992288945412,-5,EXIT
891,31.4179624261,-8257.93838222,5639.70154846,-0.000472389998554,0.826210377471,-0.563361508276,-5,CREATE
891,26.6886276079,13.6709179599,-0.394991453292,-0.378792940207,0.228932824517,0.896719393293,70,REFLECT
891,26.6886276079,13.6709179599,-0.394991453292,-0.378792940207,0.228932824517,0.896719393293,-5,EXIT
892,20.0293086708,-8253.60607535,5646.06473928,-0.000472389998554,0.826210377471,-0.563361508276,-5,CREATE
892,15.2951836906,26.3812209036,0.255561722071,-0.253699510409,0.0378453299636,0.966542440567,39,REFLECT
892,15.2951836906,26.3812209036,0.255561722071,-0.253699510409,0.0378453299636,0.966542440567,-5,EXIT
893,4.86130789736,-8234.11069444,5674.66884338,-0.000472389998554,0.826210377471,-0.563361508276,-5,CREATE
893,0.153413098277,-8.64477809228e-18,60.1411799402,-0.000472389998554,0.826210377471,-0.563361508276,127,ABSORB
894,-11.3921197482,-8252.76368235,5647.32651702,-0.000472389998554,0.826210377471,-0.563361508276,-5,CREATE
894,-16.1266240521,27.8870513089,1.06496666541,0.153754995403,-0.00449920968997,0.988098759488,78,REFLECT
894,-16.1266240521,27.8870513089,1.06496666541,0.153754995403,-0.00449920968997,0.988098759488,-5,EXIT
895,7.62315561522,-8232.18522473,5677.49036805,-0.000472389998554,0.826210377471,-0.563361508276,-5,CREATE
895,2.91636171328,-2.61805565598e-16,64.2756093558,-0.000472389998554,0.826210377471,-0.563361508276,127,ABSORB
896,-22.7914288088,-8257.09598921,5640.98243436,-0.000472389998554,0.826210377471,-0.563361508276,-5,CREATE
896,-27.5211891145,15.2574888143,0.378467808164,0.295393946852,0.187834265447,0.936728725345,108,REFLECT
896,-27.5211891145,15.2574888143,0.378467808164,0.295393946852,0.187834265447,0.936728725345,-5,EXIT
897,17.0915018584,-8253.84675906,5645.71422262,-0.000472389998554,0.826210377471,-0.563361508276,-5,CREATE
897,12.3572532385,26.3567831109,-0.242404824054,-0.000472389998554,0.826210377471,-0.563361508276,37,ABSORB
898,5.69929633473,-8252.40265677,5647.84165562,-0.000472389998554,0.826210377471,-0.563361508276,-5,CREATE
898,0.963626462837,30.2866558929,0.190075588175,-0.000472389998554,0.826210377471,-0.563361508276,15,ABSORB
899,-7.12026466234,-8253.48573349,5646.26399478,-0.000472389998554,0.826210377471,-0.563361508276,-5,CREATE
899,-11.854611332,26.8892977735,0.19043542738,0.114134709755,0.012212442908,0.993390217521,91,REFLECT
899,-11.854611332,26.8892977735,0.19043542738,0.114134709755,0.012212442908,0.993390217521,-5,EXIT
900,3.34730478986,-8234.71240373,5673.78766273,-0.000472389998554,0.826210377471,-0.563361508276,-5,CREATE
900,-1.36093403958,7.04345465144e-17,58.8497165621,-0.000472389998554,0.826210377471,-0.563361508276,127,ABSORB
901,9.04621936839,-8233.14795959,5676.07725451,-0.000472389998554,0.826210377471,-0.563361508276,-5,CREATE
901,4.33887501788,-1.35081202354e-16,62.2060434478,-0.000472389998554,0.826210377471,-0.563361508276,127,ABSORB
902,-21.3683650556,-8258.05872407,5639.56932083,-0.000472389998554,0.826210377471,-0.563361508276,-5,CREATE
902,-26.0977413109,13.6230494787,-0.576635930939,0.279087562982,0.208269851538,0.937408022757,118,REFLECT
902,-26.0977413109,13.6230494787,-0.576635930939,0.279087562982,0.208269851538,0.937408022757,-5,EXIT
903,-10.681179833,-8253.72641721,5645.91400061,-0.000472389998554,0.826210377471,-0.563361508276,-5,CREATE
903,-15.4152675117,26.1956386048,0.149308034864,0.142894860377,0.0244600066525,0.989435579991,89,REFLECT
903,-15.4152675117,26.1956386048,0.149308034864,0.142894860377,0.0244600066525,0.989435579991,-5,EXIT
904,8.33054376195,-8236.03616416,5671.84209382,-0.000472389998554,0.826210377471,-0.563361508276,-5,CREATE
904,3.62154806573,2.44835941617e-16,56.0015256352,-0.000472389998554,0.826210377471,-0.563361508276,127,ABSORB
905,2.6375487975,-8232.78693401,5676.61209841,-0.000472389998554,0.826210377471,-0.563361508276,-5,CREATE
905,-2.0695891348,-1.82904488934e-16,62.9870569875,-0.000472389998554,0.826210377471,-0.563361508276,127,ABSORB
906,6.41023624991,-8253.36539163,5646.42913921,-0.000472389998554,0.826210377471,-0.563361508276,-5,CREATE
906,1.67498643259,28.5892453411,-0.721493337594,-0.0779368940113,-0.00616663552742,0.996939222399,20,REFLECT
906,1.67498643259,28.5892453411,-0.721493337594,-0.0779368940113,-0.00616663552742,0.996939222399,-5,EXIT
907,-0.214498322933,-8235.67513859,5672.37872911,-0.000472389998554,0.826210377471,-0.563361508276,-5,CREATE
907,-4.92328760094,1.96902963996e-16,56.7843305656,-0.000472389998554,0.826210377471,-0.563361508276,127,ABSORB
908,30.6164284674,-8258.25929384,5639.23158047,-0.000472389998554,0.826210377471,-0.563361508276,-5,CREATE
908,25.887162219,13.2300777557,-0.783184688783,-0.371895234819,0.230937817468,0.899089349721,70,REFLECT
908,25.887162219,13.2300777557,-0.783184688783,-0.371895234819,0.230937817468,0.899089349721,-5,EXIT
909,7.83645713059,-8251.76083353,5648.78114375,-0.000472389998554,0.826210377471,-0.563361508276,-5,CREATE
909,3.10055023505,31.3430336316,0.846894730384,-0.000472389998554,0.826210377471,-0.563361508276,11,ABSORB
910,1.21172255775,-8234.07058049,5674.73073364,-0.000472389998554,0.826210377471,-0.563361508276,-5,CREATE
910,-3.49614930597,-1.41093017826e-17,60.2304223845,-0.000472389998554,0.826210377471,-0.563361508276,127,ABSORB
911,21.7190242223,-8254.88972183,5644.18076206,-0.000472389998554,0.826210377471,-0.563361508276,-5,CREATE
911,16.9856076206,23.8586201181,-0.783619562684,-0.270261295896,0.0737917638603,0.959955002866,46,REFLECT
911,16.9856076206,23.8586201181,-0.783619562684,-0.270261295896,0.0737917638603,0.959955002866,-5,EXIT
912,6.55102344884,-8235.39434092,5672.78486616,-0.000472389998554,0.826210377471,-0.563361508276,-5,CREATE
912,1.84239471833,1.6031037516e-16,57.3819328925,-0.000472389998554,0.826210377471,-0.563361508276,127,ABSORB
913,3.70652383637,-8232.14511077,5677.55248223,-0.000472389998554,0.826210377471,-0.563361508276,-5,CREATE
913,-1.00024713022,-2.67283800669e-16,64.365075724,-0.000472389998554,0.826210377471,-0.563361508276,127,ABSORB
914,1.78266455588,-8252.36254282,5647.90376981,-0.000472389998554,0.826210377471,-0.563361508276,-5,CREATE
914,-2.95308679203,30.4692714495,0.155023337109,-0.0262309812938,-0.0339169037499,0.999080366768,12,REFLECT
914,-2.95308679203,30.4692714495,0.155023337109,-0.0262309812938,-0.0339169037499,0.999080366768,-5,EXIT
915,7.97882289328,-8232.50613635,5677.01942973,-0.000472389998554,0.826210377471,-0.563361508276,-5,CREATE
915,3.27184550848,-2.1957020513e-16,63.5858535748,-0.000472389998554,0.826210377471,-0.563361508276,127,ABSORB
916,-22.4357615307,-8257.41690083,5640.51149604,-0.000472389998554,0.826210377471,-0.563361508276,-5,CREATE
916,-27.1653744398,14.6787803741,0.0833113551331,0.296150693007,0.19541110318,0.934938109067,113,REFLECT
916,-27.1653744398,14.6787803741,0.0833113551331,0.296150693007,0.19541110318,0.934938109067,-5,EXIT
917,28.838486718,-8256.33382412,5642.05691185,-0.000472389998554,0.826210377471,-0.563361508276,-5,CREATE
917,24.1079403078,17.3945512403,0.515454971479,-0.369611726096,0.176551492594,0.912259142127,57,REFLECT
917,24.1079403078,17.3945512403,0.515454971479,-0.369611726096,0.176551492594,0.912259142127,-5,EXIT
918,-8.19002898309,-8254.76937997,5644.38233144,-0.000472389998554,0.826210377471,-0.563361508276,-5,CREATE
918,-12.9237594931,24.5279877156,-0.956410005217,0.119691310458,0.0515156982159,0.991473712732,100,REFLECT
918,-12.9237594931,24.5279877156,-0.956410005217,0.119691310458,0.0515156982159,0.991473712732,-5,EXIT
919,4.41391198309,-8235.99605021,5671.904208,-0.000472389998554,0.826210377471,-0.563361508276,-5,CREATE
919,-0.295060777766,2.39357706547e-16,56.0909920034,-0.000472389998554,0.826210377471,-0.563361508276,127,ABSORB
920,19.5859084961,-8252.24220096,5648.06533146,-0.000472389998554,0.826210377471,-0.563361508276,-5,CREATE
920,14.8511268025,28.8936872868,1.4729725973,-0.254954036905,-0.00463649986566,0.966942057176,28,REFLECT
920,14.8511268025,28.8936872868,1.4729725973,-0.254954036905,-0.00463649986566,0.966942057176,-5,EXIT
921,-20.3005739396,-8258.37963569,5639.09778537,-0.000472389998554,0.826210377471,-0.563361508276,-5,CREATE
921,-25.0298790059,13.1776284289,-0.963273128419,-0.000472389998554,0.826210377471,-0.563361508276,124,ABSORB
922,33.8221696612,-8257.29655898,5640.64081266,-0.000472389998554,0.826210377471,-0.563361508276,-5,CREATE
922,29.0928128587,14.3511916886,0.518054819362,-0.000472389998554,0.826210377471,-0.563361508276,61,ABSORB
923,-11.749760231,-8254.04732883,5645.44425655,-0.000472389998554,0.826210377471,-0.563361508276,-5,CREATE
923,-16.4836548977,25.5371490833,-0.0902544654248,0.159286478581,0.0273789336228,0.986852679854,88,REFLECT
923,-16.4836548977,25.5371490833,-0.0902544654248,0.159286478581,0.0273789336228,0.986852679854,-5,EXIT
924,22.433515906,-8252.96425211,5647.00400348,-0.000472389998554,0.826210377471,-0.563361508276,-5,CREATE
924,17.6992743075,27.2270094723,1.05574970529,-0.282417019567,0.0268377874744,0.958916242548,31,REFLECT
924,17.6992743075,27.2270094723,1.05574970529,-0.282417019567,0.0268377874744,0.958916242548,-5,EXIT
925,7.26551513247,-8233.4688712,5675.60810758,-0.000472389998554,0.826210377471,-0.563361508276,-5,CREATE
925,2.5579872991,-9.29555329269e-17,61.5180790574,-0.000472389998554,0.826210377471,-0.563361508276,127,ABSORB
926,-17.4520128141,-8258.32615042,5639.17383681,-0.000472389998554,0.826210377471,-0.563361508276,-5,CREATE
926,-22.1816104413,13.7428027447,-1.23612303541,0.236997531004,0.209369698164,0.948681453275,126,REFLECT
926,-22.1816104413,13.7428027447,-1.23612303541,0.236997531004,0.209369698164,0.948681453275,-5,EXIT
927,3.91969380476,-8251.82769012,5648.68637801,-0.000472389998554,0.826210377471,-0.563361508276,-5,CREATE
927,-0.816256946539,31.3528807872,0.699827624833,-0.0470273225121,-0.0533178375279,0.997469618153,8,REFLECT
927,-0.816256946539,31.3528807872,0.699827624833,-0.0470273225121,-0.0533178375279,0.997469618153,-5,EXIT
928,0.143010612842,-8234.49846265,5674.10410966,-0.000472389998554,0.826210377471,-0.563361508276,-5,CREATE
928,-4.56510589469,4.21252908675e-17,59.312041792,-0.000472389998554,0.826210377471,-0.563361508276,127,ABSORB
929,-13.1721662492,-8252.54974127,5647.64176968,-0.000472389998554,0.826210377471,-0.563361508276,-5,CREATE
929,-17.9066859489,28.1279194581,1.36185878297,0.182793273804,-0.00452783476123,0.983140945015,77,REFLECT
929,-17.9066859489,28.1279194581,1.36185878297,0.182793273804,-0.00452783476123,0.983140945015,-5,EXIT
930,5.84310911419,-8231.97128365,5677.80562071,-0.000472389998554,0.826210377471,-0.563361508276,-5,CREATE
930,1.13643753415,-2.90041693885e-16,64.7367403252,-0.000472389998554,0.826210377471,-0.563361508276,127,ABSORB
931,-24.5714753098,-8256.88204813,5641.29768703,-0.000472389998554,0.826210377471,-0.563361508276,-5,CREATE
931,-29.3011762105,15.3675303991,0.764565596099,0.312392940991,0.190952778546,0.930563101989,107,REFLECT
931,-29.3011762105,15.3675303991,0.764565596099,0.312392940991,0.190952778546,0.930563101989,-5,EXIT
932,18.1599507094,-8253.63281798,5646.02708677,-0.000472389998554,0.826210377471,-0.563361508276,-5,CREATE
932,13.4256923771,26.5877111191,0.0588765776336,-0.241838323124,0.0342702510301,0.969711181416,38,REFLECT
932,13.4256923771,26.5877111191,0.0588765776336,-0.241838323124,0.0342702510301,0.969711181416,-5,EXIT
933,29.5477165225,-8258.687176,5638.60495649,-0.000472389998554,0.826210377471,-0.563361508276,-5,CREATE
933,24.818541692,12.6423056127,-1.3007857583,-0.369276195065,0.233074329767,0.899617390095,74,REFLECT
933,24.818541692,12.6423056127,-1.3007857583,-0.369276195065,0.233074329767,0.899617390095,-5,EXIT
934,8.68805269772,-8234.85948822,5673.56747437,-0.000472389998554,0.826210377471,-0.563361508276,-5,CREATE
934,3.97972977198,9.00582684881e-17,58.5292368616,-0.000472389998554,0.826210377471,-0.563361508276,127,ABSORB
935,-10.3245588394,-8253.27179241,5646.5804417,-0.000472389998554,0.826210377471,-0.563361508276,-5,CREATE
935,-15.0588752296,27.0502800625,0.542992942411,0.146035990785,0.0115894272246,0.989211390236,84,REFLECT
935,-15.0588752296,27.0502800625,0.542992942411,0.146035990785,0.0115894272246,0.989211390236,-5,EXIT
936,2.8122910825,-8235.46119751,5672.68995114,-0.000472389998554,0.826210377471,-0.563361508276,-5,CREATE
936,-1.89637587359,1.68913640553e-16,57.2414309061,-0.000472389998554,0.826210377471,-0.563361508276,127,ABSORB
937,-19.0536994882,-8257.84478299,5639.88113999,-0.000472389998554,0.826210377471,-0.563361508276,-5,CREATE
937,-23.7834062421,14.4150329942,-0.658961969962,0.235229154254,0.176912239852,0.955703565118,120,REFLECT
937,-23.7834062421,14.4150329942,-0.658961969962,0.235229154254,0.176912239852,0.955703565118,-5,EXIT
938,32.2205487606,-8256.76170628,5641.4265558,-0.000472389998554,0.826210377471,-0.563361508276,-5,CREATE
938,27.4906865222,15.7700520382,0.701026684182,-0.391961016215,0.196991656145,0.89864389453,60,REFLECT
938,27.4906865222,15.7700520382,0.701026684182,-0.391961016215,0.196991656145,0.89864389453,-5,EXIT
939,-13.3513811315,-8253.51247613,5646.22999969,-0.000472389998554,0.826210377471,-0.563361508276,-5,CREATE
939,-18.0854560504,26.3872628287,0.48052412943,0.17442202946,0.0195955012399,0.984475988519,82,REFLECT
939,-18.0854560504,26.3872628287,0.48052412943,0.17442202946,0.0195955012399,0.984475988519,-5,EXIT
940,5.66034246343,-8235.82222308,5672.1580929,-0.000472389998554,0.826210377471,-0.563361508276,-5,CREATE
940,0.951469089114,2.1655410873e-16,56.4634030174,-0.000472389998554,0.826210377471,-0.563361508276,127,ABSORB
941,4.24009052695,-8232.57299293,5676.92451471,-0.000472389998554,0.826210377471,-0.563361508276,-5,CREATE
941,-0.46692508345,-2.10966939738e-16,63.4453515885,-0.000472389998554,0.826210377471,-0.563361508276,127,ABSORB
942,8.01277797935,-8253.15145055,5646.74155551,-0.000472389998554,0.826210377471,-0.563361508276,-5,CREATE
942,3.27746572276,28.9123927453,-0.483540690692,-0.000472389998554,0.826210377471,-0.563361508276,21,ABSORB
943,-23.327626439,-8258.80751785,5638.4728035,-0.000472389998554,0.826210377471,-0.563361508276,-5,CREATE
943,-28.0564070886,11.8325411677,-0.962847644796,0.29716573035,0.232781705731,0.926015769943,122,REFLECT
943,-28.0564070886,11.8325411677,-0.962847644796,0.29716573035,0.232781705731,0.926015769943,-5,EXIT
944,27.9466218098,-8257.72444114,5640.01821931,-0.000472389998554,0.826210377471,-0.563361508276,-5,CREATE
944,23.2167056242,14.9016709523,-0.771646067768,-0.346988786703,0.204536579611,0.915294252961,67,REFLECT
944,23.2167056242,14.9016709523,-0.771646067768,-0.346988786703,0.204536579611,0.915294252961,-5,EXIT
945,5.16665047301,-8251.22598083,5649.56778258,-0.000472389998554,0.826210377471,-0.563361508276,-5,CREATE
945,0.430467227224,32.3612230687,1.30396458356,-0.0600920527517,-0.068488031051,0.995840516749,4,REFLECT
945,0.430467227224,32.3612230687,1.30396458356,-0.0600920527517,-0.068488031051,0.995840516749,-5,EXIT
946,-6.94433845452,-8255.19726213,5643.75376678,-0.000472389998554,0.826210377471,-0.563361508276,-5,CREATE
946,-11.6779214734,23.8421434695,-1.40908010183,0.109224566072,0.0526037100776,0.992624220867,101,REFLECT
946,-11.6779214734,23.8421434695,-1.40908010183,0.109224566072,0.0526037100776,0.992624220867,-5,EXIT
947,3.52678276613,-8233.53572779,5675.51319256,-0.000472389998554,0.826210377471,-0.563361508276,-5,CREATE
947,-1.18078329283,-8.43522675346e-17,61.3775770711,-0.000472389998554,0.826210377471,-0.563361508276,127,ABSORB
948,30.0849665285,-8256.11988304,5642.36962671,-0.000472389998554,0.826210377471,-0.563361508276,-5,CREATE
948,25.3544695392,17.5220549942,0.88710816545,-0.377209814481,0.172970655994,0.909831802052,53,REFLECT
948,25.3544695392,17.5220549942,0.88710816545,-0.377209814481,0.172970655994,0.909831802052,-5,EXIT
949,9.22530270373,-8232.29219527,5677.33214459,-0.000472389998554,0.826210377471,-0.563361508276,-5,CREATE
949,4.51844764083,-2.47650937775e-16,64.0444467408,-0.000472389998554,0.826210377471,-0.563361508276,127,ABSORB
950,-21.1892817203,-8257.20295975,5640.8242109,-0.000472389998554,0.826210377471,-0.563361508276,-5,CREATE
950,-25.9191289855,15.3026104887,0.116538435471,0.275267708998,0.194727316475,0.941439833766,114,REFLECT
950,-25.9191289855,15.3026104887,0.116538435471,0.275267708998,0.194727316475,0.941439833766,-5,EXIT
951,7.79750325929,-8235.18039984,5673.09758102,-0.000472389998554,0.826210377471,-0.563361508276,-5,CREATE
951,3.08899685069,1.32229642516e-16,57.8405260585,-0.000472389998554,0.826210377471,-0.563361508276,127,ABSORB
952,2.10450829484,-8231.93116969,5677.86758562,-0.000472389998554,0.826210377471,-0.563361508276,-5,CREATE
952,-2.60214034984,-2.95510788035e-16,64.8260574109,-0.000472389998554,0.826210377471,-0.563361508276,127,ABSORB
953,3.02914436633,-8252.14860174,5648.21648467,-0.000472389998554,0.826210377471,-0.563361508276,-5,CREATE
953,-1.70668417261,30.8182196713,0.375681950544,-0.0420485180143,-0.0455448390722,0.998076945815,8,REFLECT
953,-1.70668417261,30.8182196713,0.375681950544,-0.0420485180143,-0.0455448390722,0.998076945815,-5,EXIT
954,20.1193765264,-8252.75031103,5647.31970399,-0.000472389998554,0.826210377471,-0.563361508276,-5,CREATE
954,15.3848607061,27.920564762,1.04441948524,-0.262496254285,0.0093442916755,0.964887765857,29,REFLECT
954,15.3848607061,27.920564762,1.04441948524,-0.262496254285,0.0093442916755,0.964887765857,-5,EXIT
955,4.95137575294,-8233.25493013,5675.92380809,-0.000472389998554,0.826210377471,-0.563361508276,-5,CREATE
955,0.24397024148,-1.21219083973e-16,61.9796578745,-0.000472389998554,0.826210377471,-0.563361508276,127,ABSORB
956,19.7606507811,-8254.91646446,5644.14318419,-0.000472389998554,0.826210377471,-0.563361508276,-5,CREATE
956,15.0270890491,24.0857103435,-0.994276430992,-0.245400991588,0.064268668897,0.967288939007,49,REFLECT
956,15.0270890491,24.0857103435,-0.994276430992,-0.245400991588,0.064268668897,0.967288939007,-5,EXIT
957,-8.72385876763,-8254.55543889,5644.69653913,-0.000472389998554,0.826210377471,-0.563361508276,-5,CREATE
957,-13.457659949,24.8655329558,-0.726483305819,0.123653105925,0.04413872318,0.991343372657,95,REFLECT
957,-13.457659949,24.8655329558,-0.726483305819,0.123653105925,0.04413872318,0.991343372657,-5,EXIT
958,1.74371068457,-8235.78210913,5672.22020708,-0.000472389998554,0.826210377471,-0.563361508276,-5,CREATE
958,-2.96513975438,2.1107587366e-16,56.5528693856,-0.000472389998554,0.826210377471,-0.563361508276,127,ABSORB
959,4.0961462005,-8253.1113366,5646.8036697,-0.000472389998554,0.826210377471,-0.563361508276,-5,CREATE
959,-0.639255366752,29.1087110985,-0.527936358895,-0.0529113911169,-0.0182292697291,0.998432811167,19,REFLECT
959,-0.639255366752,29.1087110985,-0.527936358895,-0.0529113911169,-0.0182292697291,0.998432811167,-5,EXIT
960,-7.297243246,-8252.62996917,5647.51918342,-0.000472389998554,0.826210377471,-0.563361508276,-5,CREATE
960,-12.031979749,28.4268808426,0.980717729839,0.114406962735,-0.00517034183331,0.993420512393,81,REFLECT
960,-12.031979749,28.4268808426,0.980717729839,0.114406962735,-0.00517034183331,0.993420512393,-5,EXIT
961,-12.9968977763,-8254.79612261,5644.34714209,-0.000472389998554,0.826210377471,-0.563361508276,-5,CREATE
961,-17.7304026787,24.1066571904,-0.72254484529,0.171800572722,0.0520986409412,0.983753167631,92,REFLECT
961,-17.7304026787,24.1066571904,-0.72254484529,0.171800572722,0.0520986409412,0.983753167631,-5,EXIT
962,21.1863783606,-8253.71304589,5645.90688902,-0.000472389998554,0.826210377471,-0.563361508276,-5,CREATE
962,16.4523934836,26.0292096884,0.264795405122,-0.264618388138,0.0423165101439,0.963424320655,40,REFLECT
962,16.4523934836,26.0292096884,0.264795405122,-0.264618388138,0.0423165101439,0.963424320655,-5,EXIT
963,6.01837758712,-8234.21766498,5674.51099312,-0.000472389998554,0.826210377471,-0.563361508276,-5,CREATE
963,1.31042162709,5.48699743093e-18,59.9103905316,-0.000472389998554,0.826210377471,-0.563361508276,127,ABSORB
964,-22.2562835545,-8256.24022489,5642.23702587,-0.000472389998554,0.826210377471,-0.563361508276,-5,CREATE
964,-26.9865572754,17.0112166521,1.02077206357,0.2864507721,0.1674237101,0.94335319815,104,REFLECT
964,-26.9865572754,17.0112166521,1.02077206357,0.2864507721,0.1674237101,0.94335319815,-5,EXIT
965,17.6266471127,-8252.99099474,5646.96881413,-0.000472389998554,0.826210377471,-0.563361508276,-5,CREATE
965,12.8920448931,27.8309935459,0.590491742875,-0.22885966299,0.00623773577539,0.973439441007,32,REFLECT
965,12.8920448931,27.8309935459,0.590491742875,-0.22885966299,0.00623773577539,0.973439441007,-5,EXIT
966,6.23286302531,-8252.83053893,5647.21368809,-0.000472389998554,0.826210377471,-0.563361508276,-5,CREATE
966,1.49738687026,29.5199628665,-0.206869662474,-0.0723439589984,-0.0283670628854,0.996976259166,15,REFLECT
966,1.49738687026,29.5199628665,-0.206869662474,-0.0723439589984,-0.0283670628854,0.996976259166,-5,EXIT
967,-8.01094564775,-8253.91361565,5645.63722151,-0.000472389998554,0.826210377471,-0.563361508276,-5,CREATE
967,-12.7450691632,26.0711186695,-0.170209160058,0.109671604794,0.0233345106457,0.99369393664,91,REFLECT
967,-12.7450691632,26.0711186695,-0.170209160058,0.109671604794,0.0233345106457,0.99369393664,-5,EXIT
968,3.88087148043,-8235.14028589,5673.15969521,-0.000472389998554,0.826210377471,-0.563361508276,-5,CREATE
968,-0.827611992808,1.26751407445e-16,57.9299924267,-0.000472389998554,0.826210377471,-0.563361508276,127,ABSORB
969,9.58096998179,-8232.61310689,5676.86120626,-0.000472389998554,0.826210377471,-0.563361508276,-5,CREATE
969,4.87393143604,-2.05415577307e-16,63.3546909599,-0.000472389998554,0.826210377471,-0.563361508276,127,ABSORB
970,-20.8336144422,-8257.52387137,5640.35327258,-0.000472389998554,0.826210377471,-0.563361508276,-5,CREATE
970,-25.5633219227,14.7372153691,-0.187695865742,0.279203250678,0.193590100434,0.940514974801,114,REFLECT
970,-25.5633219227,14.7372153691,-0.187695865742,0.279203250678,0.193590100434,0.940514974801,-5,EXIT
971,33.2891291585,-8256.44079466,5641.89629986,-0.000472389998554,0.826210377471,-0.563361508276,-5,CREATE
971,28.5592382715,16.1410701335,1.13660504272,-0.402405022605,0.1974268492,0.89391992762,55,REFLECT
971,28.5592382715,16.1410701335,1.13660504272,-0.402405022605,0.1974268492,0.89391992762,-5,EXIT
972,-12.2828007336,-8253.19156451,5646.69974375,-0.000472389998554,0.826210377471,-0.563361508276,-5,CREATE
972,-17.0170644278,27.0383425959,0.725139059992,0.152725794348,0.0145693196118,0.988161204798,83,REFLECT
972,-17.0170644278,27.0383425959,0.725139059992,0.152725794348,0.0145693196118,0.988161204798,-5,EXIT
973,6.72773893854,-8236.46404632,5671.21591768,-0.000472389998554,0.826210377471,-0.563361508276,-5,CREATE
973,2.01849859852,3.01043111507e-16,55.0835928904,-0.000472389998554,0.826210377471,-0.563361508276,127,ABSORB
974,1.03474397409,-8233.21481617,5675.98592228,-0.000472389998554,0.826210377471,-0.563361508276,-5,CREATE
974,-3.67263860202,-1.26697319044e-16,62.0691242427,-0.000472389998554,0.826210377471,-0.563361508276,127,ABSORB
975,-6.58788189458,-8254.87635051,5644.22410798,-0.000472389998554,0.826210377471,-0.563361508276,-5,CREATE
975,-11.3216268506,24.4462831173,-1.13186135465,0.100041866219,0.0453379524723,0.99394974474,101,REFLECT
975,-11.3216268506,24.4462831173,-1.13186135465,0.100041866219,0.0453379524723,0.99394974474,-5,EXIT
976,4.8074314265,-8253.79327379,5645.80296308,-0.000472389998554,0.826210377471,-0.563361508276,-5,CREATE
976,0.0723314721799,27.8992527142,-1.16894628989,-0.0580910837471,-0.00129017199699,0.998310453439,24,REFLECT
976,0.0723314721799,27.8992527142,-1.16894628989,-0.0580910837471,-0.00129017199699,0.998310453439,-5,EXIT
977,0.986684465764,-8236.10302075,5671.75020177,-0.000472389998554,0.826210377471,-0.563361508276,-5,CREATE
977,-3.72234945605,2.53254103377e-16,55.8640466206,-0.000472389998554,0.826210377471,-0.563361508276,127,ABSORB
978,-23.7278014569,-8258.48660623,5638.94377914,-0.000472389998554,0.826210377471,-0.563361508276,-5,CREATE
978,-28.4567120632,12.3807470766,-0.646855352393,0.295714578134,0.227190682077,0.927867060659,117,REFLECT
978,-28.4567120632,12.3807470766,-0.646855352393,0.295714578134,0.227190682077,0.927867060659,-5,EXIT
979,19.0036245623,-8255.23737608,5643.67317888,-0.000472389998554,0.826210377471,-0.563361508276,-5,CREATE
979,14.2701552745,23.6031138151,-1.35403493402,-0.239694004266,0.0651473466037,0.968660212639,49,REFLECT
979,14.2701552745,23.6031138151,-1.35403493402,-0.239694004266,0.0651473466037,0.968660212639,-5,EXIT
980,30.3949421439,-8257.40352952,5640.48680643,-0.000472389998554,0.826210377471,-0.563361508276,-5,CREATE
980,25.6651895786,14.9364105551,-0.107929104102,-0.000472389998554,0.826210377471,-0.563361508276,64,ABSORB
981,9.5352783191,-8233.57584174,5675.44932431,-0.000472389998554,0.826210377471,-0.563361508276,-5,CREATE
981,4.82768932477,-7.87666266532e-17,61.2863566329,-0.000472389998554,0.826210377471,-0.563361508276,127,ABSORB
982,2.41329998739,-8234.17755103,5674.57284606,-0.000472389998554,0.826210377471,-0.563361508276,-5,CREATE
982,-2.29463303729,2.47589706111e-20,59.9995956553,-0.000472389998554,0.826210377471,-0.563361508276,127,ABSORB
983,-19.4526905833,-8256.56113651,5641.76403491,-0.000472389998554,0.826210377471,-0.563361508276,-5,CREATE
983,-24.1830623,16.8616997666,0.430913538745,0.259227347316,0.166707121246,0.951320092361,111,REFLECT
983,-24.1830623,16.8616997666,0.430913538745,0.259227347316,0.166707121246,0.951320092361,-5,EXIT
984,20.4293521418,-8254.03395751,5645.43688372,-0.000472389998554,0.826210377471,-0.563361508276,-5,CREATE
984,15.6954507845,25.5622220469,-0.105606205611,-0.261128565323,0.041466455897,0.964412984881,40,REFLECT
984,15.6954507845,25.5622220469,-0.105606205611,-0.261128565323,0.041466455897,0.964412984881,-5,EXIT
985,5.26135136831,-8234.5385766,5674.04098781,-0.000472389998554,0.826210377471,-0.563361508276,-5,CREATE
985,0.553211925422,4.76652271485e-17,59.2215677666,-0.000472389998554,0.826210377471,-0.563361508276,127,ABSORB
986,7.39952069102,-8233.07664589,5676.18322199,-0.000472389998554,0.826210377471,-0.563361508276,-5,CREATE
986,2.69221711447,-1.44547328893e-16,62.360637026,-0.000472389998554,0.826210377471,-0.563361508276,127,ABSORB
987,-23.015063733,-8257.98741038,5639.6752883,-0.000472389998554,0.826210377471,-0.563361508276,-5,CREATE
987,-27.7443269532,13.4966647915,-0.335865429776,-0.000472389998554,0.826210377471,-0.563361508276,117,ABSORB
988,16.8678669342,-8254.73818023,5644.40707656,-0.000472389998554,0.826210377471,-0.563361508276,-5,CREATE
988,12.1339940329,24.8082298775,-1.10147745927,-0.217325314929,0.0458065589642,0.975023828759,47,REFLECT
988,12.1339940329,24.8082298775,-1.10147745927,-0.217325314929,0.0458065589642,0.975023828759,-5,EXIT
989,28.2591845158,-8256.90433366,5641.22070411,-0.000472389998554,0.826210377471,-0.563361508276,-5,CREATE
989,23.5288761779,16.4076530259,-0.0368331298911,-0.000472389998554,0.826210377471,-0.563361508276,62,ABSORB
990,0.278726282128,-8232.71562032,5676.71866302,-0.000472389998554,0.826210377471,-0.563361508276,-5,CREATE
990,-4.4283708762,-1.92407179153e-16,63.142247696,-0.000472389998554,0.826210377471,-0.563361508276,127,ABSORB
991,-7.34389958655,-8254.37715466,5644.95684872,-0.000472389998554,0.826210377471,-0.563361508276,-5,CREATE
991,-12.0778430139,25.2926056033,-0.63581309331,0.110574204578,0.0325739935937,0.993333921812,96,REFLECT
991,-12.0778430139,25.2926056033,-0.63581309331,0.110574204578,0.0325739935937,0.993333921812,-5,EXIT
992,1.2021784308,-8253.89578723,5645.65564279,-0.000472389998554,0.826210377471,-0.563361508276,-5,CREATE
992,-3.53293106533,27.8134278985,-1.32764590998,-0.0175421954699,0.000729926014922,0.999845857413,22,REFLECT
992,-3.53293106533,27.8134278985,-1.32764590998,-0.0175421954699,0.000729926014922,0.999845857413,-5,EXIT
993,-21.5919999798,-8258.95014524,5638.26217477,-0.000472389998554,0.826210377471,-0.563361508276,-5,CREATE
993,-26.3208643989,11.8364265672,-1.27337788551,0.278489305744,0.232073733443,0.931979339273,123,REFLECT
993,-26.3208643989,11.8364265672,-1.27337788551,0.278489305744,0.232073733443,0.931979339273,-5,EXIT
994,-10.1900270929,-8252.45168494,5647.78307579,-0.000472389998554,0.826210377471,-0.563361508276,-5,CREATE
994,-14.9247187294,28.5266935544,1.29811685685,-0.000472389998554,0.826210377471,-0.563361508276,79,ABSORB
995,-10.5487528382,-8254.61783837,5644.60655599,-0.000472389998554,0.826210377471,-0.563361508276,-5,CREATE
995,-15.2824470342,24.6160159798,-0.688878126183,0.140939381059,0.0451070127408,0.988990115354,94,REFLECT
995,-15.2824470342,24.6160159798,-0.688878126183,0.140939381059,0.0451070127408,0.988990115354,-5,EXIT
996,8.46652252519,-8234.03938075,5674.77040702,-0.000472389998554,0.826210377471,-0.563361508276,-5,CREATE
996,3.75866850008,-1.7841247489e-17,60.2913696831,-0.000472389998554,0.826210377471,-0.563361508276,127,ABSORB
997,3.69816363223,-8251.00758265,5649.88931066,-0.000472389998554,0.826210377471,-0.563361508276,-5,CREATE
997,-1.03813467161,32.7808578478,1.48827706908,-0.0446837207444,-0.0614935869951,0.997106766529,3,REFLECT
997,-1.03813467161,32.7808578478,1.48827706908,-0.0446837207444,-0.0614935869951,0.997106766529,-5,EXIT
998,-0.0785195596866,-8233.67835518,5675.30704231,-0.000472389998554,0.826210377471,-0.563361508276,-5,CREATE
998,-4.78616716659,-6.57742251096e-17,61.0741746135,-0.000472389998554,0.826210377471,-0.563361508276,127,ABSORB
999,32.1770495476,-8255.9415988,5642.62933917,-0.000472389998554,0.826210377471,-0.563361508276,-5,CREATE
999,27.4467432419,17.3668335293,1.37422550957,-0.396638690963,0.174185315198,0.901297522908,54,REFLECT
999,27.4467432419,17.3668335293,1.37422550957,-0.396638690963,0.174185315198,0.901297522908,-5,EXIT
1000,-13.3948803446,-8252.69236865,5647.43278306,-0.000472389998554,0.826210377471,-0.563361508276,-5,CREATE
1000,-18.1293255719,27.8550399494,1.24168614022,0.178631329858,0.00173292729906,0.983914551654,77,REFLECT
1000,-18.1293255719,27.8550399494,1.24168614022,0.178631329858,0.00173292729906,0.983914551654,-5,EXIT
