Ray Number,Pos X,Pos Y,Pos Z,Cos X,Cos Y,Cos Z,Element,Event
1,8.59811638911,-8235.608282,5672.46938957,-0.000472389998554,0.826210377471,-0.563361508276,-5,CREATE
1,3.8893653367,1.88560214826e-16,56.9205779992,-0.000472389998554,0.826210377471,-0.563361508276,127,ABSORB
2,2.90512142467,-8232.35905185,5677.23939417,-0.000472389998554,0.826210377471,-0.563361508276,-5,CREATE
2,-1.80177186383,-2.39180215724e-16,63.9061093515,-0.000472389998554,0.826210377471,-0.563361508276,127,ABSORB
3,3.82975749615,-8252.5764839,5647.58829322,-0.000472389998554,0.826210377471,-0.563361508276,-5,CREATE
3,-0.905870875543,30.040244897,-0.0137946281681,-0.000472389998554,0.826210377471,-0.563361508276,13,ABSORB
4,26.6110607461,-8257.99186749,5639.62713913,-0.000472389998554,0.826210377471,-0.563361508276,-5,CREATE
4,21.8811200303,14.6771479919,-1.19198044068,-0.340211417402,0.217010713226,0.914965869207,72,REFLECT
4,21.8811200303,14.6771479919,-1.19198044068,-0.340211417402,0.217010713226,0.914965869207,-5,EXIT
5,0.0530743042343,-8235.24725643,5673.00602486,-0.000472389998554,0.826210377471,-0.563361508276,-5,CREATE
5,-4.65547032996,1.40627237206e-16,57.7033829296,-0.000472389998554,0.826210377471,-0.563361508276,127,ABSORB
6,5.75317280559,-8232.72007743,5676.70753592,-0.000472389998554,0.826210377471,-0.563361508276,-5,CREATE
6,1.04607309888,-1.91539747546e-16,63.1280814628,-0.000472389998554,0.826210377471,-0.563361508276,127,ABSORB
7,19.4942620767,-8254.38161176,5644.92780771,-0.000472389998554,0.826210377471,-0.563361508276,-5,CREATE
7,14.7604395243,25.0767381601,-0.520701413871,-0.248104238632,0.0463929222601,0.967621818448,44,REFLECT
7,14.7604395243,25.0767381601,-0.520701413871,-0.248104238632,0.0463929222601,0.967621818448,-5,EXIT
8,-8.99143139479,-8254.98332105,5644.06924337,-0.000472389998554,0.826210377471,-0.563361508276,-5,CREATE
8,-13.7250312723,24.0855703067,-1.11370873277,0.126285534618,0.0525092659555,0.990603220636,100,REFLECT
8,-13.7250312723,24.0855703067,-1.11370873277,0.126285534618,0.0525092659555,0.990603220636,-5,EXIT
9,1.47613805741,-8236.20999129,5671.59291133,-0.000472389998554,0.826210377471,-0.563361508276,-5,CREATE
9,-3.23295702536,2.6735160045e-16,55.6338170216,-0.000472389998554,0.826210377471,-0.563361508276,127,ABSORB
10,33.0207672495,-8257.51050006,5640.32772459,-0.000472389998554,0.826210377471,-0.563361508276,-5,CREATE
10,28.2914206401,14.1194228191,0.217122845259,-0.397152138792,0.222452521613,0.890384778779,66,REFLECT
10,28.2914206401,14.1194228191,0.217122845259,-0.397152138792,0.222452521613,0.890384778779,-5,EXIT
11,-12.5511626427,-8254.26126991,5645.13116848,-0.000472389998554,0.826210377471,-0.563361508276,-5,CREATE
11,-17.2849300873,25.1006963703,-0.251620292807,0.16458233666,0.0401131560434,0.985547355114,87,REFLECT
11,-17.2849300873,25.1006963703,-0.251620292807,0.16458233666,0.0401131560434,0.985547355114,-5,EXIT
12,21.6321134943,-8253.17819319,5646.69091541,-0.000472389998554,0.826210377471,-0.563361508276,-5,CREATE
12,16.8979168913,26.9343712292,0.796322247558,-0.271123345737,0.0267400792212,0.962173113093,35,REFLECT
12,16.8979168913,26.9343712292,0.796322247558,-0.271123345737,0.0267400792212,0.962173113093,-5,EXIT
13,6.46411272076,-8233.68281228,5675.29501951,-0.000472389998554,0.826210377471,-0.563361508276,-5,CREATE
13,1.75646256549,-6.4851947982e-17,61.059112685,-0.000472389998554,0.826210377471,-0.563361508276,127,ABSORB
14,1.69456990499,-8251.61374904,5649.00200388,-0.000472389998554,0.826210377471,-0.563361508276,-5,CREATE
14,-3.04150360444,31.7815258962,0.869054964523,-0.0234601393355,-0.0516931522669,0.998387419728,7,REFLECT
14,-3.04150360444,31.7815258962,0.869054964523,-0.0234601393355,-0.0516931522669,0.998387419728,-5,EXIT
15,-11.124547121,-8252.33580019,5647.95381277,-0.000472389998554,0.826210377471,-0.563361508276,-5,CREATE
15,-15.8592478094,28.6584099063,1.45805886875,0.156721755591,-0.00997914496229,0.987592379472,79,REFLECT
15,-15.8592478094,28.6584099063,1.45805886875,0.156721755591,-0.00997914496229,0.987592379472,-5,EXIT
16,-22.5238561816,-8256.66810705,5641.60973012,-0.000472389998554,0.826210377471,-0.563361508276,-5,CREATE
16,-27.2538722784,16.1327496329,0.700713029137,-0.000472389998554,0.826210377471,-0.563361508276,108,ABSORB
17,17.3590744856,-8253.4188769,5646.34151838,-0.000472389998554,0.826210377471,-0.563361508276,-5,CREATE
17,12.6246522696,27.088284919,0.177864211699,-0.226026992364,0.0237823184681,0.973830683462,37,REFLECT
17,12.6246522696,27.088284919,0.177864211699,-0.226026992364,0.0237823184681,0.973830683462,-5,EXIT
18,28.7468402987,-8258.47323492,5638.9193881,-0.000472389998554,0.826210377471,-0.563361508276,-5,CREATE
18,24.0174392273,13.2519421545,-1.2561638699,-0.352141352409,0.229271614197,0.907430986272,73,REFLECT
18,24.0174392273,13.2519421545,-1.2561638699,-0.352141352409,0.229271614197,0.907430986272,-5,EXIT
19,5.9668689619,-8251.97477461,5648.46895137,-0.000472389998554,0.826210377471,-0.563361508276,-5,CREATE
19,1.23101608523,31.0346135127,0.599124030302,-0.0691393639753,-0.0439768127948,0.996637240066,10,REFLECT
19,1.23101608523,31.0346135127,0.599124030302,-0.0691393639753,-0.0439768127948,0.996637240066,-5,EXIT
20,-8.27693971116,-8253.05785133,5646.89248479,-0.000472389998554,0.826210377471,-0.563361508276,-5,CREATE
20,-13.0114460556,27.596451063,0.628501054548,0.119470017021,0.00444277173739,0.992827868672,86,REFLECT
20,-13.0114460556,27.596451063,0.628501054548,0.119470017021,0.00444277173739,0.992827868672,-5,EXIT
21,4.68148461026,-8235.56816805,5672.53150376,-0.000472389998554,0.826210377471,-0.563361508276,-5,CREATE
21,-0.027243506791,1.83081979756e-16,57.0100443673,-0.000472389998554,0.826210377471,-0.563361508276,127,ABSORB
22,-20.0330013124,-8257.95175353,5639.72508113,-0.000472389998554,0.826210377471,-0.563361508276,-5,CREATE
22,-24.7625618417,14.0523154965,-0.640636688441,0.263748638809,0.199756510732,0.943681085933,120,REFLECT
22,-24.7625618417,14.0523154965,-0.640636688441,0.263748638809,0.199756510732,0.943681085933,-5,EXIT
23,34.0897422884,-8256.86867682,5641.26810841,-0.000472389998554,0.826210377471,-0.563361508276,-5,CREATE
23,29.3601841755,15.1311657228,0.905272483203,-0.410504837369,0.203100711196,0.888952124475,56,REFLECT
23,29.3601841755,15.1311657228,0.905272483203,-0.410504837369,0.203100711196,0.888952124475,-5,EXIT
24,7.52953599118,-8235.92919362,5671.99964551,-0.000472389998554,0.826210377471,-0.563361508276,-5,CREATE
24,2.82060145592,2.30722447934e-16,56.2320164786,-0.000472389998554,0.826210377471,-0.563361508276,127,ABSORB
25,1.83654102673,-8232.67996347,5676.7696501,-0.000472389998554,0.826210377471,-0.563361508276,-5,CREATE
25,-2.87053574461,-1.97017982617e-16,63.217547831,-0.000472389998554,0.826210377471,-0.563361508276,127,ABSORB
26,5.60922847914,-8253.25842109,5646.5866909,-0.000472389998554,0.826210377471,-0.563361508276,-5,CREATE
26,0.873914914628,28.8077097657,-0.639965096266,-0.0690400468747,-0.0181483729788,0.997448799932,20,REFLECT
26,0.873914914628,28.8077097657,-0.639965096266,-0.0690400468747,-0.0181483729788,0.997448799932,-5,EXIT
27,29.8158153376,-8257.83141168,5639.85977192,-0.000472389998554,0.826210377471,-0.563361508276,-5,CREATE
27,25.0862097726,14.2514246858,-0.55965434911,-0.368220591261,0.21329909552,0.904940380369,69,REFLECT
27,25.0862097726,14.2514246858,-0.55965434911,-0.368220591261,0.21329909552,0.904940380369,-5,EXIT
28,8.95615151281,-8234.0037239,5674.8222898,-0.000472389998554,0.826210377471,-0.563361508276,-5,CREATE
28,4.24831787468,-2.2506896473e-17,60.3675655134,-0.000472389998554,0.826210377471,-0.563361508276,127,ABSORB
29,-10.0600117927,-8255.30423267,5643.59949931,-0.000472389998554,0.826210377471,-0.563361508276,-5,CREATE
29,-14.7934135838,23.4182053581,-1.34721941603,0.135901994239,0.0623553963792,0.988758035368,99,REFLECT
29,-14.7934135838,23.4182053581,-1.34721941603,0.135901994239,0.0623553963792,0.988758035368,-5,EXIT
30,2.54748094191,-8233.64269833,5675.3571337,-0.000472389998554,0.826210377471,-0.563361508276,-5,CREATE
30,-2.160146278,-7.03301830525e-17,61.1485790532,-0.000472389998554,0.826210377471,-0.563361508276,127,ABSORB
31,29.1060593452,-8255.90594196,5642.6842076,-0.000472389998554,0.826210377471,-0.563361508276,-5,CREATE
31,24.3753152856,18.1681222273,0.907038630311,-0.371844664441,0.161136226496,0.91420274668,52,REFLECT
31,24.3753152856,18.1681222273,0.907038630311,-0.371844664441,0.161136226496,0.91420274668,-5,EXIT
32,31.9510029287,-8258.79414654,5638.44606126,-0.000472389998554,0.826210377471,-0.563361508276,-5,CREATE
32,27.2222002081,11.8845146683,-1.01591125186,-0.000472389998554,0.826210377471,-0.563361508276,76,ABSORB
33,20.5623491735,-8254.46183967,5644.80925208,-0.000472389998554,0.826210377471,-0.563361508276,-5,CREATE
33,15.8286464191,24.7869834585,-0.496388676065,-0.261553918874,0.059049191322,0.963380890679,45,REFLECT
33,15.8286464191,24.7869834585,-0.496388676065,-0.261553918874,0.059049191322,0.963380890679,-5,EXIT
34,5.39434840002,-8234.96645876,5673.41335617,-0.000472389998554,0.826210377471,-0.563361508276,-5,CREATE
34,0.685964313319,1.03961521009e-16,58.3021795169,-0.000472389998554,0.826210377471,-0.563361508276,127,ABSORB
35,2.05023718304,-8251.93466066,5648.53106556,-0.000472389998554,0.826210377471,-0.563361508276,-5,CREATE
35,-2.6857003794,31.2228429271,0.560243902568,-0.000472389998554,0.826210377471,-0.563361508276,7,ABSORB
36,21.9885700542,-8252.85728157,5647.16125661,-0.000472389998554,0.826210377471,-0.563361508276,-5,CREATE
36,17.2542532461,27.4655217942,1.12330948097,-0.271057069203,0.0155855958364,0.962437091159,30,REFLECT
36,17.2542532461,27.4655217942,1.12330948097,-0.271057069203,0.0155855958364,0.962437091159,-5,EXIT
37,6.8205692807,-8233.36190066,5675.76536071,-0.000472389998554,0.826210377471,-0.563361508276,-5,CREATE
37,2.11310260828,-1.0705074477e-16,61.7482713358,-0.000472389998554,0.826210377471,-0.563361508276,127,ABSORB
38,-23.5940151433,-8258.27266515,5639.25742702,-0.000472389998554,0.826210377471,-0.563361508276,-5,CREATE
38,-28.3230593693,12.8283890344,-0.492559236981,0.299355491787,0.217521675896,0.929015936382,117,REFLECT
38,-28.3230593693,12.8283890344,-0.492559236981,0.299355491787,0.217521675896,0.929015936382,-5,EXIT
39,16.2889155239,-8255.023435,5643.98921528,-0.000472389998554,0.826210377471,-0.563361508276,-5,CREATE
39,11.5551364175,24.3589276725,-1.40748102341,-0.215575419529,0.0544980679191,0.974965229682,47,REFLECT
39,11.5551364175,24.3589276725,-1.40748102341,-0.215575419529,0.0544980679191,0.974965229682,-5,EXIT
40,27.6802331055,-8257.18958844,5640.80284283,-0.000472389998554,0.826210377471,-0.563361508276,-5,CREATE
40,22.9499958005,15.9981615231,-0.369982101297,-0.347806588956,0.196617164225,0.916718205018,67,REFLECT
40,22.9499958005,15.9981615231,-0.369982101297,-0.347806588956,0.196617164225,0.916718205018,-5,EXIT
41,0.945991588302,-8233.00087509,5676.29975676,-0.000472389998554,0.826210377471,-0.563361508276,-5,CREATE
41,-3.7612686659,-1.54846608589e-16,62.5288370279,-0.000472389998554,0.826210377471,-0.563361508276,127,ABSORB
42,-6.67663428037,-8254.66240943,5644.53794246,-0.000472389998554,0.826210377471,-0.563361508276,-5,CREATE
42,-11.4104763118,24.8300092796,-0.933796880162,0.102927887919,0.0387063696316,0.993935444,101,REFLECT
42,-11.4104763118,24.8300092796,-0.933796880162,0.102927887919,0.0387063696316,0.993935444,-5,EXIT
43,3.79093517183,-8235.88907967,5672.06161041,-0.000472389998554,0.826210377471,-0.563361508276,-5,CREATE
43,-0.917976428079,2.25253353784e-16,56.3213335643,-0.000472389998554,0.826210377471,-0.563361508276,127,ABSORB
44,1.87062765979,-8253.21830714,5646.64865581,-0.000472389998554,0.826210377471,-0.563361508276,-5,CREATE
44,-2.86476574346,28.9874617034,-0.673214036807,-0.0265406698887,-0.0145723733029,0.999541514285,17,REFLECT
44,-2.86476574346,28.9874617034,-0.673214036807,-0.0265406698887,-0.0145723733029,0.999541514285,-5,EXIT
45,-9.52276178672,-8252.73693971,5647.36416953,-0.000472389998554,0.826210377471,-0.563361508276,-5,CREATE
45,-14.2573592774,28.0767775719,0.991486826415,0.133579736644,-0.00641839088979,0.99101728452,80,REFLECT
45,-14.2573592774,28.0767775719,0.991486826415,0.133579736644,-0.00641839088979,0.99101728452,-5,EXIT
46,-10.949673289,-8254.90309315,5644.18854542,-0.000472389998554,0.826210377471,-0.563361508276,-5,CREATE
46,-15.6832275428,24.086002153,-0.939996780306,0.145679671941,0.0605051248105,0.98747990514,98,REFLECT
46,-15.6832275428,24.086002153,-0.939996780306,0.145679671941,0.0605051248105,0.98747990514,-5,EXIT
47,8.06560207437,-8234.32463552,5674.35239645,-0.000472389998554,0.826210377471,-0.563361508276,-5,CREATE
47,3.35758495339,1.96644775546e-17,59.6788547103,-0.000472389998554,0.826210377471,-0.563361508276,127,ABSORB
48,3.29724318141,-8251.29283742,5649.4713001,-0.000472389998554,0.826210377471,-0.563361508276,-5,CREATE
48,-1.43894422268,32.3016393569,1.20252300274,-0.0428838318285,-0.0685793473751,0.996723557503,3,REFLECT
48,-1.43894422268,32.3016393569,1.20252300274,-0.0428838318285,-0.0685793473751,0.996723557503,-5,EXIT
49,-25.1939259332,-8256.34719543,5642.08260911,-0.000472389998554,0.826210377471,-0.563361508276,-5,CREATE
49,-29.9238527049,16.2974318207,1.28011894785,0.318330210403,0.18049217082,0.930638734105,102,REFLECT
49,-29.9238527049,16.2974318207,1.28011894785,0.318330210403,0.18049217082,0.930638734105,-5,EXIT
50,19.6738716,-8253.09796528,5646.81021746,-0.000472389998554,0.826210377471,-0.563361508276,-5,CREATE
50,14.9394823382,27.3515596111,0.685863730995,-0.254242162635,0.017842302508,0.966975995038,34,REFLECT
50,14.9394823382,27.3515596111,0.685863730995,-0.254242162635,0.017842302508,0.966975995038,-5,EXIT
51,-8.81182187154,-8253.69967457,5645.95165312,-0.000472389998554,0.826210377471,-0.563361508276,-5,CREATE
51,-13.5460018085,26.3837409776,0.0769354649688,0.125207325344,0.0100651672452,0.992079542219,90,REFLECT
51,-13.5460018085,26.3837409776,0.0769354649688,0.125207325344,0.0100651672452,0.992079542219,-5,EXIT
52,1.65574758066,-8234.92634481,5673.47532108,-0.000472389998554,0.826210377471,-0.563361508276,-5,CREATE
52,-3.05261357068,9.84924268588e-17,58.3914966025,-0.000472389998554,0.826210377471,-0.563361508276,127,ABSORB
53,-18.785995314,-8257.30993029,5640.66531567,-0.000472389998554,0.826210377471,-0.563361508276,-5,CREATE
53,-23.5160171383,15.5009439236,-0.250531995045,0.253741548674,0.176051331656,0.95111574222,116,REFLECT
53,-23.5160171383,15.5009439236,-0.250531995045,0.253741548674,0.176051331656,0.95111574222,-5,EXIT
54,32.4882529347,-8256.22685358,5642.21073147,-0.000472389998554,0.826210377471,-0.563361508276,-5,CREATE
54,27.7581388116,16.745451323,1.1848103565,-0.392104296486,0.181155914839,0.901907287473,54,REFLECT
54,27.7581388116,16.745451323,1.1848103565,-0.392104296486,0.181155914839,0.901907287473,-5,EXIT
55,-13.0836769574,-8252.97762343,5647.01417536,-0.000472389998554,0.826210377471,-0.563361508276,-5,CREATE
55,-17.8180132885,27.3793256565,0.952945563993,0.177484959394,-0.00060997009511,0.984123324145,77,REFLECT
55,-17.8180132885,27.3793256565,0.952945563993,0.177484959394,-0.00060997009511,0.984123324145,-5,EXIT
56,3.08183691437,-8233.42875725,5675.67044569,-0.000472389998554,0.826210377471,-0.563361508276,-5,CREATE
56,-1.62566798364,-9.84474793775e-17,61.6077693494,-0.000472389998554,0.826210377471,-0.563361508276,127,ABSORB
57,6.85452436677,-8254.00721487,5645.48748649,-0.000472389998554,0.826210377471,-0.563361508276,-5,CREATE
57,2.11954898353,27.4674367479,-1.33586225977,-0.0849021796419,0.00404965593351,0.996381061732,26,REFLECT
57,2.11954898353,27.4674367479,-1.33586225977,-0.0849021796419,0.00404965593351,0.996381061732,-5,EXIT
58,-21.6326490083,-8255.81234273,5642.86402306,-0.000472389998554,0.826210377471,-0.563361508276,-5,CREATE
58,-26.3632090681,17.9399057489,1.30628800369,0.286266967351,0.153155537127,0.94583011416,105,REFLECT
58,-26.3632090681,17.9399057489,1.30628800369,0.286266967351,0.153155537127,0.94583011416,-5,EXIT
59,-21.9922626957,-8258.70054731,5638.6285638,-0.000472389998554,0.826210377471,-0.563361508276,-5,CREATE
59,-26.7212286652,12.2636362154,-1.02809554838,0.275293925319,0.226696347894,0.934249442351,123,REFLECT
59,-26.7212286652,12.2636362154,-1.02809554838,0.275293925319,0.226696347894,0.934249442351,-5,EXIT
60,29.281985553,-8257.6174706,5640.17397961,-0.000472389998554,0.826210377471,-0.563361508276,-5,CREATE
60,24.5521910224,14.7958668297,-0.470802798238,-0.360321553047,0.210432939217,0.908782898443,68,REFLECT
60,24.5521910224,14.7958668297,-0.470802798238,-0.360321553047,0.210432939217,0.908782898443,-5,EXIT
61,6.50201421623,-8251.1190103,5649.72354288,-0.000472389998554,0.826210377471,-0.563361508276,-5,CREATE
61,1.7658122662,32.5009073471,1.43741862682,-0.0742509792029,-0.0694945229293,0.994815210665,5,REFLECT
61,1.7658122662,32.5009073471,1.43741862682,-0.0742509792029,-0.0694945229293,0.994815210665,-5,EXIT
62,4.14883874854,-8234.39149211,5674.25763072,-0.000472389998554,0.826210377471,-0.563361508276,-5,CREATE
62,-0.559216598038,2.82586020268e-17,59.5385020065,-0.000472389998554,0.826210377471,-0.563361508276,127,ABSORB
63,30.7086010747,-8255.69200088,5642.9966239,-0.000472389998554,0.826210377471,-0.563361508276,-5,CREATE
63,25.9779644834,18.1941011708,1.34761917536,-0.384999453098,0.170283431269,0.907071647749,53,REFLECT
63,25.9779644834,18.1941011708,1.34761917536,-0.384999453098,0.170283431269,0.907071647749,-5,EXIT
64,-20.5656471741,-8256.77507759,5641.45120809,-0.000472389998554,0.826210377471,-0.563361508276,-5,CREATE
64,-25.295794182,16.2547427126,0.386069396708,0.274304316622,0.171109955339,0.946297270981,110,REFLECT
64,-25.295794182,16.2547427126,0.386069396708,0.274304316622,0.171109955339,0.946297270981,-5,EXIT
65,-12.018385234,-8255.33097531,5643.56192144,-0.000472389998554,0.826210377471,-0.563361508276,-5,CREATE
65,-16.7516970373,23.234074135,-1.27747998121,0.164051527266,0.067324885263,0.984151642902,97,REFLECT
65,-16.7516970373,23.234074135,-1.27747998121,0.164051527266,0.067324885263,0.984151642902,-5,EXIT
66,22.164890903,-8254.24789859,5645.12166837,-0.000472389998554,0.826210377471,-0.563361508276,-5,CREATE
66,17.4312237308,24.9386910326,-0.141537713791,-0.278030214713,0.0465588205467,0.959443315645,41,REFLECT
66,17.4312237308,24.9386910326,-0.141537713791,-0.278030214713,0.0465588205467,0.959443315645,-5,EXIT
67,6.99689012946,-8234.75251768,5673.72577247,-0.000472389998554,0.826210377471,-0.563361508276,-5,CREATE
67,2.28862836467,7.58990702045e-17,58.7604741178,-0.000472389998554,0.826210377471,-0.563361508276,127,ABSORB
68,4.36371882767,-8252.68345444,5647.43096545,-0.000472389998554,0.826210377471,-0.563361508276,-5,CREATE
68,-0.371853246484,29.8348099221,-0.103983233007,-0.000472389998554,0.826210377471,-0.563361508276,14,ABSORB
69,27.1450220776,-8258.09883803,5639.46981136,-0.000472389998554,0.826210377471,-0.563361508276,-5,CREATE
69,22.4152040593,14.3555794396,-1.20298196546,-0.341876531957,0.215898369054,0.914608293827,72,REFLECT
69,22.4152040593,14.3555794396,-1.20298196546,-0.341876531957,0.215898369054,0.914608293827,-5,EXIT
70,0.58703563575,-8235.35422697,5672.8486971,-0.000472389998554,0.826210377471,-0.563361508276,-5,CREATE
70,-4.1215701594,1.54727019509e-16,57.47311601,-0.000472389998554,0.826210377471,-0.563361508276,127,ABSORB
71,6.2871341371,-8232.82704797,5676.55020815,-0.000472389998554,0.826210377471,-0.563361508276,-5,CREATE
71,1.57997326945,-1.77439965243e-16,62.8978145432,-0.000472389998554,0.826210377471,-0.563361508276,127,ABSORB
72,-24.1274502869,-8257.73781245,5640.04227446,-0.000472389998554,0.826210377471,-0.563361508276,-5,CREATE
72,-28.8567244449,13.7653928615,0.0180766125868,-0.000472389998554,0.826210377471,-0.563361508276,112,ABSORB
73,18.6039757323,-8254.4885823,5644.7716742,-0.000472389998554,0.826210377471,-0.563361508276,-5,CREATE
73,13.8701314037,25.007853989,-0.702804570452,-0.238736746076,0.0613773050592,0.969142710078,43,REFLECT
73,13.8701314037,25.007853989,-0.702804570452,-0.238736746076,0.0613773050592,0.969142710078,-5,EXIT
74,29.9952933138,-8256.65473574,5641.58530175,-0.000472389998554,0.826210377471,-0.563361508276,-5,CREATE
74,25.2650746564,16.50039983,0.434715339727,-0.371941338929,0.191025376269,0.90838810319,58,REFLECT
74,25.2650746564,16.50039983,0.434715339727,-0.371941338929,0.191025376269,0.90838810319,-5,EXIT
75,9.13207772063,-8235.71525254,5672.3120618,-0.000472389998554,0.826210377471,-0.563361508276,-5,CREATE
75,4.42326550727,2.02659997129e-16,56.6903110796,-0.000472389998554,0.826210377471,-0.563361508276,127,ABSORB
76,-9.88053381645,-8254.12755673,5645.32502914,-0.000472389998554,0.826210377471,-0.563361508276,-5,CREATE
76,-14.6144739212,25.5363921588,-0.263670118105,0.135500437822,0.0269499074872,0.99041068948,89,REFLECT
76,-14.6144739212,25.5363921588,-0.263670118105,0.135500437822,0.0269499074872,0.99041068948,-5,EXIT
77,-22.7012294062,-8256.13325435,5642.394279,-0.000472389998554,0.826210377471,-0.563361508276,-5,CREATE
77,-27.4315152249,17.1393462021,1.1635976633,0.29028741665,0.15762312305,0.943868723295,104,REFLECT
77,-27.4315152249,17.1393462021,1.1635976633,0.29028741665,0.15762312305,0.943868723295,-5,EXIT
78,17.181701261,-8252.8840242,5647.12606726,-0.000472389998554,0.826210377471,-0.563361508276,-5,CREATE
78,12.4470207938,28.0748191381,0.65442860113,-0.227614155897,0.000350633413775,0.973751340482,32,REFLECT
78,12.4470207938,28.0748191381,0.65442860113,-0.227614155897,0.000350633413775,0.973751340482,-5,EXIT
79,2.93789258792,-8253.96710092,5645.54960068,-0.000472389998554,0.826210377471,-0.563361508276,-5,CREATE
79,-1.79716022406,27.6429736096,-1.36608781732,-0.0339087860382,-0.00446092697341,0.999414976053,23,REFLECT
79,-1.79716022406,27.6429736096,-1.36608781732,-0.0339087860382,-0.00446092697341,0.999414976053,-5,EXIT
80,-8.45431293576,-8252.52299863,5647.67703367,-0.000472389998554,0.826210377471,-0.563361508276,-5,CREATE
80,-13.1890556263,28.5446733131,1.13118892205,0.122582259642,-0.0146836797786,0.99234972624,81,REFLECT
80,-13.1890556263,28.5446733131,1.13118892205,0.122582259642,-0.0146836797786,0.99234972624,-5,EXIT
81,31.4179624261,-8257.93838222,5639.70154846,-0.000472389998554,0.826210377471,-0.563361508276,-5,CREATE
81,26.6886276079,13.6709179599,-0.394991453292,-0.380333351636,0.225662883167,0.896896206255,70,REFLECT
81,26.6886276079,13.6709179599,-0.394991453292,-0.380333351636,0.225662883167,0.896896206255,-5,EXIT
82,20.0293086708,-8253.60607535,5646.06473928,-0.000472389998554,0.826210377471,-0.563361508276,-5,CREATE
82,15.2951836906,26.3812209036,0.255561722071,-0.000472389998554,0.826210377471,-0.563361508276,39,ABSORB
83,4.86130789736,-8234.11069444,5674.66884338,-0.000472389998554,0.826210377471,-0.563361508276,-5,CREATE
83,0.153413098277,-8.64477809228e-18,60.1411799402,-0.000472389998554,0.826210377471,-0.563361508276,127,ABSORB
84,-11.3921197482,-8252.76368235,5647.32651702,-0.000472389998554,0.826210377471,-0.563361508276,-5,CREATE
84,-16.1266240521,27.8870513089,1.06496666541,0.15647418443,-0.0060675235891,0.987663411677,78,REFLECT
84,-16.1266240521,27.8870513089,1.06496666541,0.15647418443,-0.0060675235891,0.987663411677,-5,EXIT
85,7.62315561522,-8232.18522473,5677.49036805,-0.000472389998554,0.826210377471,-0.563361508276,-5,CREATE
85,2.91636171328,-2.61805565598e-16,64.2756093558,-0.000472389998554,0.826210377471,-0.563361508276,127,ABSORB
86,-22.7914288088,-8257.09598921,5640.98243436,-0.000472389998554,0.826210377471,-0.563361508276,-5,CREATE
86,-27.5211891145,15.2574888143,0.378467808164,0.297418075219,0.185307201372,0.936591548997,108,REFLECT
86,-27.5211891145,15.2574888143,0.378467808164,0.297418075219,0.185307201372,0.936591548997,-5,EXIT
87,17.0915018584,-8253.84675906,5645.71422262,-0.000472389998554,0.826210377471,-0.563361508276,-5,CREATE
87,12.3572532385,26.3567831109,-0.242404824054,-0.21900538216,0.0300733188746,0.975260087401,37,REFLECT
87,12.3572532385,26.3567831109,-0.242404824054,-0.21900538216,0.0300733188746,0.975260087401,-5,EXIT
88,5.69929633473,-8252.40265677,5647.84165562,-0.000472389998554,0.826210377471,-0.563361508276,-5,CREATE
88,0.963626462837,30.2866558929,0.190075588175,-0.000472389998554,0.826210377471,-0.563361508276,15,ABSORB
89,-7.12026466234,-8253.48573349,5646.26399478,-0.000472389998554,0.826210377471,-0.563361508276,-5,CREATE
89,-11.854611332,26.8892977735,0.19043542738,0.116057331605,0.0190141787792,0.993060500063,91,REFLECT
89,-11.854611332,26.8892977735,0.19043542738,0.116057331605,0.0190141787792,0.993060500063,-5,EXIT
90,3.34730478986,-8234.71240373,5673.78766273,-0.000472389998554,0.826210377471,-0.563361508276,-5,CREATE
90,-1.36093403958,7.04345465144e-17,58.8497165621,-0.000472389998554,0.826210377471,-0.563361508276,127,ABSORB
91,9.04621936839,-8233.14795959,5676.07725451,-0.000472389998554,0.826210377471,-0.563361508276,-5,CREATE
91,4.33887501788,-1.35081202354e-16,62.2060434478,-0.000472389998554,0.826210377471,-0.563361508276,127,ABSORB
92,-21.3683650556,-8258.05872407,5639.56932083,-0.000472389998554,0.826210377471,-0.563361508276,-5,CREATE
92,-26.0977413109,13.6230494787,-0.576635930939,0.280680049531,0.211621835313,0.936181023421,118,REFLECT
92,-26.0977413109,13.6230494787,-0.576635930939,0.280680049531,0.211621835313,0.936181023421,-5,EXIT
93,-10.681179833,-8253.72641721,5645.91400061,-0.000472389998554,0.826210377471,-0.563361508276,-5,CREATE
93,-15.4152675117,26.1956386048,0.149308034864,0.144897742997,0.0263555797773,0.989095560342,89,REFLECT
93,-15.4152675117,26.1956386048,0.149308034864,0.144897742997,0.0263555797773,0.989095560342,-5,EXIT
94,8.33054376195,-8236.03616416,5671.84209382,-0.000472389998554,0.826210377471,-0.563361508276,-5,CREATE
94,3.62154806573,2.44835941617e-16,56.0015256352,-0.000472389998554,0.826210377471,-0.563361508276,127,ABSORB
95,2.6375487975,-8232.78693401,5676.61209841,-0.000472389998554,0.826210377471,-0.563361508276,-5,CREATE
95,-2.0695891348,-1.82904488934e-16,62.9870569875,-0.000472389998554,0.826210377471,-0.563361508276,127,ABSORB
96,6.41023624991,-8253.36539163,5646.42913921,-0.000472389998554,0.826210377471,-0.563361508276,-5,CREATE
96,1.67498643259,28.5892453411,-0.721493337594,-0.0749944082791,-0.00776778784403,0.997153699386,20,REFLECT
96,1.67498643259,28.5892453411,-0.721493337594,-0.0749944082791,-0.00776778784403,0.997153699386,-5,EXIT
97,-0.214498322933,-8235.67513859,5672.37872911,-0.000472389998554,0.826210377471,-0.563361508276,-5,CREATE
97,-4.92328760094,1.96902963996e-16,56.7843305656,-0.000472389998554,0.826210377471,-0.563361508276,127,ABSORB
98,30.6164284674,-8258.25929384,5639.23158047,-0.000472389998554,0.826210377471,-0.563361508276,-5,CREATE
98,25.887162219,13.2300777557,-0.783184688783,-0.375006551256,0.229670403482,0.898121145659,70,REFLECT
98,25.887162219,13.2300777557,-0.783184688783,-0.375006551256,0.229670403482,0.898121145659,-5,EXIT
99,7.83645713059,-8251.76083353,5648.78114375,-0.000472389998554,0.826210377471,-0.563361508276,-5,CREATE
99,3.10055023505,31.3430336316,0.846894730384,-0.0948735331283,-0.0473181000427,0.994364123508,11,REFLECT
99,3.10055023505,31.3430336316,0.846894730384,-0.0948735331283,-0.0473181000427,0.994364123508,-5,EXIT
100,1.21172255775,-8234.07058049,5674.73073364,-0.000472389998554,0.826210377471,-0.563361508276,-5,CREATE
100,-3.49614930597,-1.41093017826e-17,60.2304223845,-0.000472389998554,0.826210377471,-0.563361508276,127,ABSORB
101,21.7190242223,-8254.88972183,5644.18076206,-0.000472389998554,0.826210377471,-0.563361508276,-5,CREATE
101,16.9856076206,23.8586201181,-0.783619562684,-0.274122320664,0.0719128085768,0.959002346857,46,REFLECT
101,16.9856076206,23.8586201181,-0.783619562684,-0.274122320664,0.0719128085768,0.959002346857,-5,EXIT
102,6.55102344884,-8235.39434092,5672.78486616,-0.000472389998554,0.826210377471,-0.563361508276,-5,CREATE
102,1.84239471833,1.6031037516e-16,57.3819328925,-0.000472389998554,0.826210377471,-0.563361508276,127,ABSORB
103,3.70652383637,-8232.14511077,5677.55248223,-0.000472389998554,0.826210377471,-0.563361508276,-5,CREATE
103,-1.00024713022,-2.67283800669e-16,64.365075724,-0.000472389998554,0.826210377471,-0.563361508276,127,ABSORB
104,1.78266455588,-8252.36254282,5647.90376981,-0.000472389998554,0.826210377471,-0.563361508276,-5,CREATE
104,-2.95308679203,30.4692714495,0.155023337109,-0.000472389998554,0.826210377471,-0.563361508276,12,ABSORB
105,7.97882289328,-8232.50613635,5677.01942973,-0.000472389998554,0.826210377471,-0.563361508276,-5,CREATE
105,3.27184550848,-2.1957020513e-16,63.5858535748,-0.000472389998554,0.826210377471,-0.563361508276,127,ABSORB
106,-22.4357615307,-8257.41690083,5640.51149604,-0.000472389998554,0.826210377471,-0.563361508276,-5,CREATE
106,-27.1653744398,14.6787803741,0.0833113551331,-0.000472389998554,0.826210377471,-0.563361508276,113,ABSORB
107,28.838486718,-8256.33382412,5642.05691185,-0.000472389998554,0.826210377471,-0.563361508276,-5,CREATE
107,24.1079403078,17.3945512403,0.515454971479,-0.359903488768,0.170748347351,0.917231966652,57,REFLECT
107,24.1079403078,17.3945512403,0.515454971479,-0.359903488768,0.170748347351,0.917231966652,-5,EXIT
108,-8.19002898309,-8254.76937997,5644.38233144,-0.000472389998554,0.826210377471,-0.563361508276,-5,CREATE
108,-12.9237594931,24.5279877156,-0.956410005217,0.114377237138,0.0536190586823,0.991989336722,100,REFLECT
108,-12.9237594931,24.5279877156,-0.956410005217,0.114377237138,0.0536190586823,0.991989336722,-5,EXIT
109,4.41391198309,-8235.99605021,5671.904208,-0.000472389998554,0.826210377471,-0.563361508276,-5,CREATE
109,-0.295060777766,2.39357706547e-16,56.0909920034,-0.000472389998554,0.826210377471,-0.563361508276,127,ABSORB
110,19.5859084961,-8252.24220096,5648.06533146,-0.000472389998554,0.826210377471,-0.563361508276,-5,CREATE
110,14.8511268025,28.8936872868,1.4729725973,-0.248641947081,-0.000297509457454,0.968595423095,28,REFLECT
110,14.8511268025,28.8936872868,1.4729725973,-0.248641947081,-0.000297509457454,0.968595423095,-5,EXIT
111,-20.3005739396,-8258.37963569,5639.09778537,-0.000472389998554,0.826210377471,-0.563361508276,-5,CREATE
111,-25.0298790059,13.1776284289,-0.963273128419,0.26518212638,0.211738832039,0.940662057731,124,REFLECT
111,-25.0298790059,13.1776284289,-0.963273128419,0.26518212638,0.211738832039,0.940662057731,-5,EXIT
112,33.8221696612,-8257.29655898,5640.64081266,-0.000472389998554,0.826210377471,-0.563361508276,-5,CREATE
112,29.0928128587,14.3511916886,0.518054819362,-0.40956531555,0.219995788478,0.885357614385,61,REFLECT
112,29.0928128587,14.3511916886,0.518054819362,-0.40956531555,0.219995788478,0.885357614385,-5,EXIT
113,-11.749760231,-8254.04732883,5645.44425655,-0.000472389998554,0.826210377471,-0.563361508276,-5,CREATE
113,-16.4836548977,25.5371490833,-0.0902544654248,0.159924687369,0.0269043865908,0.986762508587,88,REFLECT
113,-16.4836548977,25.5371490833,-0.0902544654248,0.159924687369,0.0269043865908,0.986762508587,-5,EXIT
114,22.433515906,-8252.96425211,5647.00400348,-0.000472389998554,0.826210377471,-0.563361508276,-5,CREATE
114,17.6992743075,27.2270094723,1.05574970529,-0.285673454003,0.0234253700204,0.958040672267,31,REFLECT
114,17.6992743075,27.2270094723,1.05574970529,-0.285673454003,0.0234253700204,0.958040672267,-5,EXIT
115,7.26551513247,-8233.4688712,5675.60810758,-0.000472389998554,0.826210377471,-0.563361508276,-5,CREATE
115,2.5579872991,-9.29555329269e-17,61.5180790574,-0.000472389998554,0.826210377471,-0.563361508276,127,ABSORB
116,-17.4520128141,-8258.32615042,5639.17383681,-0.000472389998554,0.826210377471,-0.563361508276,-5,CREATE
116,-22.1816104413,13.7428027447,-1.23612303541,0.239105378753,0.207812411146,0.948494923352,126,REFLECT
116,-22.1816104413,13.7428027447,-1.23612303541,0.239105378753,0.207812411146,0.948494923352,-5,EXIT
117,3.91969380476,-8251.82769012,5648.68637801,-0.000472389998554,0.826210377471,-0.563361508276,-5,CREATE
117,-0.816256946539,31.3528807872,0.699827624833,-0.000472389998554,0.826210377471,-0.563361508276,8,ABSORB
118,0.143010612842,-8234.49846265,5674.10410966,-0.000472389998554,0.826210377471,-0.563361508276,-5,CREATE
118,-4.56510589469,4.21252908675e-17,59.312041792,-0.000472389998554,0.826210377471,-0.563361508276,127,ABSORB
119,-13.1721662492,-8252.54974127,5647.64176968,-0.000472389998554,0.826210377471,-0.563361508276,-5,CREATE
119,-17.9066859489,28.1279194581,1.36185878297,0.180775712845,0.00132557601079,0.983523453962,77,REFLECT
119,-17.9066859489,28.1279194581,1.36185878297,0.180775712845,0.00132557601079,0.983523453962,-5,EXIT
120,5.84310911419,-8231.97128365,5677.80562071,-0.000472389998554,0.826210377471,-0.563361508276,-5,CREATE
120,1.13643753415,-2.90041693885e-16,64.7367403252,-0.000472389998554,0.826210377471,-0.563361508276,127,ABSORB
121,-24.5714753098,-8256.88204813,5641.29768703,-0.000472389998554,0.826210377471,-0.563361508276,-5,CREATE
121,-29.3011762105,15.3675303991,0.764565596099,0.313992902309,0.190918931494,0.930031407479,107,REFLECT
121,-29.3011762105,15.3675303991,0.764565596099,0.313992902309,0.190918931494,0.930031407479,-5,EXIT
122,18.1599507094,-8253.63281798,5646.02708677,-0.000472389998554,0.826210377471,-0.563361508276,-5,CREATE
122,13.4256923771,26.5877111191,0.0588765776336,-0.258628092868,0.0157562667213,0.965848461012,38,REFLECT
122,13.4256923771,26.5877111191,0.0588765776336,-0.258628092868,0.0157562667213,0.965848461012,-5,EXIT
123,29.5477165225,-8258.687176,5638.60495649,-0.000472389998554,0.826210377471,-0.563361508276,-5,CREATE
123,24.818541692,12.6423056127,-1.3007857583,-0.36301815669,0.234495584039,0.901792458928,74,REFLECT
123,24.818541692,12.6423056127,-1.3007857583,-0.36301815669,0.234495584039,0.901792458928,-5,EXIT
124,8.68805269772,-8234.85948822,5673.56747437,-0.000472389998554,0.826210377471,-0.563361508276,-5,CREATE
124,3.97972977198,9.00582684881e-17,58.5292368616,-0.000472389998554,0.826210377471,-0.563361508276,127,ABSORB
125,-10.3245588394,-8253.27179241,5646.5804417,-0.000472389998554,0.826210377471,-0.563361508276,-5,CREATE
125,-15.0588752296,27.0502800625,0.542992942411,0.142542140425,0.00682301229295,0.989765216961,84,REFLECT
125,-15.0588752296,27.0502800625,0.542992942411,0.142542140425,0.00682301229295,0.989765216961,-5,EXIT
126,33.0207672495,-8257.51050006,5640.32772459,-0.000472389998554,0.826210377471,-0.563361508276,-5,CREATE
126,28.2914206401,14.1194228191,0.217122845259,-0.000472389998554,0.826210377471,-0.563361508276,66,ABSORB
127,-12.5511626427,-8254.26126991,5645.13116848,-0.000472389998554,0.826210377471,-0.563361508276,-5,CREATE
127,-17.2849300873,25.1006963703,-0.251620292807,0.170275964819,0.0385493852168,0.984642087616,87,REFLECT
127,-17.2849300873,25.1006963703,-0.251620292807,0.170275964819,0.0385493852168,0.984642087616,-5,EXIT
128,21.6321134943,-8253.17819319,5646.69091541,-0.000472389998554,0.826210377471,-0.563361508276,-5,CREATE
128,16.8979168913,26.9343712292,0.796322247558,-0.266964472523,0.0270588633682,0.963326418367,35,REFLECT
128,16.8979168913,26.9343712292,0.796322247558,-0.266964472523,0.0270588633682,0.963326418367,-5,EXIT
129,6.46411272076,-8233.68281228,5675.29501951,-0.000472389998554,0.826210377471,-0.563361508276,-5,CREATE
129,1.75646256549,-6.4851947982e-17,61.059112685,-0.000472389998554,0.826210377471,-0.563361508276,127,ABSORB
130,1.69456990499,-8251.61374904,5649.00200388,-0.000472389998554,0.826210377471,-0.563361508276,-5,CREATE
130,-3.04150360444,31.7815258962,0.869054964523,-0.0261477300635,-0.0558725470841,0.998095463718,7,REFLECT
130,-3.04150360444,31.7815258962,0.869054964523,-0.0261477300635,-0.0558725470841,0.998095463718,-5,EXIT
131,-11.124547121,-8252.33580019,5647.95381277,-0.000472389998554,0.826210377471,-0.563361508276,-5,CREATE
131,-15.8592478094,28.6584099063,1.45805886875,0.151773938027,-0.0097186698825,0.988367451504,79,REFLECT
131,-15.8592478094,28.6584099063,1.45805886875,0.151773938027,-0.0097186698825,0.988367451504,-5,EXIT
132,-22.5238561816,-8256.66810705,5641.60973012,-0.000472389998554,0.826210377471,-0.563361508276,-5,CREATE
132,-27.2538722784,16.1327496329,0.700713029137,0.292066779993,0.176487153585,0.939973021232,108,REFLECT
132,-27.2538722784,16.1327496329,0.700713029137,0.292066779993,0.176487153585,0.939973021232,-5,EXIT
133,17.3590744856,-8253.4188769,5646.34151838,-0.000472389998554,0.826210377471,-0.563361508276,-5,CREATE
133,12.6246522696,27.088284919,0.177864211699,-0.224678417214,0.0243083045324,0.974129721941,37,REFLECT
133,12.6246522696,27.088284919,0.177864211699,-0.224678417214,0.0243083045324,0.974129721941,-5,EXIT
134,28.7468402987,-8258.47323492,5638.9193881,-0.000472389998554,0.826210377471,-0.563361508276,-5,CREATE
134,24.0174392273,13.2519421545,-1.2561638699,-0.353257898337,0.229202570722,0.907014354262,73,REFLECT
134,24.0174392273,13.2519421545,-1.2561638699,-0.353257898337,0.229202570722,0.907014354262,-5,EXIT
135,5.9668689619,-8251.97477461,5648.46895137,-0.000472389998554,0.826210377471,-0.563361508276,-5,CREATE
135,1.23101608523,31.0346135127,0.599124030302,-0.0762590447935,-0.0470344338913,0.995978072106,10,REFLECT
135,1.23101608523,31.0346135127,0.599124030302,-0.0762590447935,-0.0470344338913,0.995978072106,-5,EXIT
136,-8.27693971116,-8253.05785133,5646.89248479,-0.000472389998554,0.826210377471,-0.563361508276,-5,CREATE
136,-13.0114460556,27.596451063,0.628501054548,0.116831906383,0.00115802728702,0.993151028104,86,REFLECT
136,-13.0114460556,27.596451063,0.628501054548,0.116831906383,0.00115802728702,0.993151028104,-5,EXIT
137,4.68148461026,-8235.56816805,5672.53150376,-0.000472389998554,0.826210377471,-0.563361508276,-5,CREATE
137,-0.027243506791,1.83081979756e-16,57.0100443673,-0.000472389998554,0.826210377471,-0.563361508276,127,ABSORB
138,-20.0330013124,-8257.95175353,5639.72508113,-0.000472389998554,0.826210377471,-0.563361508276,-5,CREATE
138,-24.7625618417,14.0523154965,-0.640636688441,0.263612995565,0.200123448285,0.943641242218,120,REFLECT
138,-24.7625618417,14.0523154965,-0.640636688441,0.263612995565,0.200123448285,0.943641242218,-5,EXIT
139,34.0897422884,-8256.86867682,5641.26810841,-0.000472389998554,0.826210377471,-0.563361508276,-5,CREATE
139,29.3601841755,15.1311657228,0.905272483203,-0.415145492061,0.20594378877,0.886138463384,56,REFLECT
139,29.3601841755,15.1311657228,0.905272483203,-0.415145492061,0.20594378877,0.886138463384,-5,EXIT
140,7.52953599118,-8235.92919362,5671.99964551,-0.000472389998554,0.826210377471,-0.563361508276,-5,CREATE
140,2.82060145592,2.30722447934e-16,56.2320164786,-0.000472389998554,0.826210377471,-0.563361508276,127,ABSORB
141,1.83654102673,-8232.67996347,5676.7696501,-0.000472389998554,0.826210377471,-0.563361508276,-5,CREATE
141,-2.87053574461,-1.97017982617e-16,63.217547831,-0.000472389998554,0.826210377471,-0.563361508276,127,ABSORB
142,5.60922847914,-8253.25842109,5646.5866909,-0.000472389998554,0.826210377471,-0.563361508276,-5,CREATE
142,0.873914914628,28.8077097657,-0.639965096266,-0.0669976267159,-0.0133269866011,0.997664126569,20,REFLECT
142,0.873914914628,28.8077097657,-0.639965096266,-0.0669976267159,-0.0133269866011,0.997664126569,-5,EXIT
143,29.8158153376,-8257.83141168,5639.85977192,-0.000472389998554,0.826210377471,-0.563361508276,-5,CREATE
143,25.0862097726,14.2514246858,-0.55965434911,-0.369008671345,0.211189925011,0.90511403483,69,REFLECT
143,25.0862097726,14.2514246858,-0.55965434911,-0.369008671345,0.211189925011,0.90511403483,-5,EXIT
144,8.95615151281,-8234.0037239,5674.8222898,-0.000472389998554,0.826210377471,-0.563361508276,-5,CREATE
144,4.24831787468,-2.2506896473e-17,60.3675655134,-0.000472389998554,0.826210377471,-0.563361508276,127,ABSORB
145,-10.0600117927,-8255.30423267,5643.59949931,-0.000472389998554,0.826210377471,-0.563361508276,-5,CREATE
145,-14.7934135838,23.4182053581,-1.34721941603,0.132912246563,0.0672139696135,0.988846103801,99,REFLECT
145,-14.7934135838,23.4182053581,-1.34721941603,0.132912246563,0.0672139696135,0.988846103801,-5,EXIT
146,2.54748094191,-8233.64269833,5675.3571337,-0.000472389998554,0.826210377471,-0.563361508276,-5,CREATE
146,-2.160146278,-7.03301830525e-17,61.1485790532,-0.000472389998554,0.826210377471,-0.563361508276,127,ABSORB
147,29.1060593452,-8255.90594196,5642.6842076,-0.000472389998554,0.826210377471,-0.563361508276,-5,CREATE
147,24.3753152856,18.1681222273,0.907038630311,-0.371355691821,0.158126912041,0.914926680035,52,REFLECT
147,24.3753152856,18.1681222273,0.907038630311,-0.371355691821,0.158126912041,0.914926680035,-5,EXIT
148,31.9510029287,-8258.79414654,5638.44606126,-0.000472389998554,0.826210377471,-0.563361508276,-5,CREATE
148,27.2222002081,11.8845146683,-1.01591125186,-0.000472389998554,0.826210377471,-0.563361508276,76,ABSORB
149,20.5623491735,-8254.46183967,5644.80925208,-0.000472389998554,0.826210377471,-0.563361508276,-5,CREATE
149,15.8286464191,24.7869834585,-0.496388676065,-0.259600653702,0.0541928523162,0.964194293364,45,REFLECT
149,15.8286464191,24.7869834585,-0.496388676065,-0.259600653702,0.0541928523162,0.964194293364,-5,EXIT
150,5.39434840002,-8234.96645876,5673.41335617,-0.000472389998554,0.826210377471,-0.563361508276,-5,CREATE
150,0.685964313319,1.03961521009e-16,58.3021795169,-0.000472389998554,0.826210377471,-0.563361508276,127,ABSORB
151,2.05023718304,-8251.93466066,5648.53106556,-0.000472389998554,0.826210377471,-0.563361508276,-5,CREATE
151,-2.6857003794,31.2228429271,0.560243902568,-0.0276835822737,-0.050817793612,0.998324181378,7,REFLECT
151,-2.6857003794,31.2228429271,0.560243902568,-0.0276835822737,-0.050817793612,0.998324181378,-5,EXIT
152,21.9885700542,-8252.85728157,5647.16125661,-0.000472389998554,0.826210377471,-0.563361508276,-5,CREATE
152,17.2542532461,27.4655217942,1.12330948097,-0.272171512027,0.0157024911613,0.962120626435,30,REFLECT
152,17.2542532461,27.4655217942,1.12330948097,-0.272171512027,0.0157024911613,0.962120626435,-5,EXIT
153,6.8205692807,-8233.36190066,5675.76536071,-0.000472389998554,0.826210377471,-0.563361508276,-5,CREATE
153,2.11310260828,-1.0705074477e-16,61.7482713358,-0.000472389998554,0.826210377471,-0.563361508276,127,ABSORB
154,-23.5940151433,-8258.27266515,5639.25742702,-0.000472389998554,0.826210377471,-0.563361508276,-5,CREATE
154,-28.3230593693,12.8283890344,-0.492559236981,-0.000472389998554,0.826210377471,-0.563361508276,117,ABSORB
155,16.2889155239,-8255.023435,5643.98921528,-0.000472389998554,0.826210377471,-0.563361508276,-5,CREATE
155,11.5551364175,24.3589276725,-1.40748102341,-0.000472389998554,0.826210377471,-0.563361508276,47,ABSORB
156,27.6802331055,-8257.18958844,5640.80284283,-0.000472389998554,0.826210377471,-0.563361508276,-5,CREATE
156,22.9499958005,15.9981615231,-0.369982101297,-0.352381950227,0.190033623464,0.916359199827,67,REFLECT
156,22.9499958005,15.9981615231,-0.369982101297,-0.352381950227,0.190033623464,0.916359199827,-5,EXIT
157,0.945991588302,-8233.00087509,5676.29975676,-0.000472389998554,0.826210377471,-0.563361508276,-5,CREATE
157,-3.7612686659,-1.54846608589e-16,62.5288370279,-0.000472389998554,0.826210377471,-0.563361508276,127,ABSORB
158,-6.67663428037,-8254.66240943,5644.53794246,-0.000472389998554,0.826210377471,-0.563361508276,-5,CREATE
158,-11.4104763118,24.8300092796,-0.933796880162,0.10215629599,0.0466933742477,0.993671887491,101,REFLECT
158,-11.4104763118,24.8300092796,-0.933796880162,0.10215629599,0.0466933742477,0.993671887491,-5,EXIT
159,3.79093517183,-8235.88907967,5672.06161041,-0.000472389998554,0.826210377471,-0.563361508276,-5,CREATE
159,-0.917976428079,2.25253353784e-16,56.3213335643,-0.000472389998554,0.826210377471,-0.563361508276,127,ABSORB
160,1.87062765979,-8253.21830714,5646.64865581,-0.000472389998554,0.826210377471,-0.563361508276,-5,CREATE
160,-2.86476574346,28.9874617034,-0.673214036807,-0.000472389998554,0.826210377471,-0.563361508276,17,ABSORB
161,-9.52276178672,-8252.73693971,5647.36416953,-0.000472389998554,0.826210377471,-0.563361508276,-5,CREATE
161,-14.2573592774,28.0767775719,0.991486826415,0.136045479261,-0.0133044134264,0.990613254583,80,REFLECT
161,-14.2573592774,28.0767775719,0.991486826415,0.136045479261,-0.0133044134264,0.990613254583,-5,EXIT
162,-10.949673289,-8254.90309315,5644.18854542,-0.000472389998554,0.826210377471,-0.563361508276,-5,CREATE
162,-15.6832275428,24.086002153,-0.939996780306,0.150811053059,0.0556259079285,0.986996344797,98,REFLECT
162,-15.6832275428,24.086002153,-0.939996780306,0.150811053059,0.0556259079285,0.986996344797,-5,EXIT
163,8.06560207437,-8234.32463552,5674.35239645,-0.000472389998554,0.826210377471,-0.563361508276,-5,CREATE
163,3.35758495339,1.96644775546e-17,59.6788547103,-0.000472389998554,0.826210377471,-0.563361508276,127,ABSORB
164,3.29724318141,-8251.29283742,5649.4713001,-0.000472389998554,0.826210377471,-0.563361508276,-5,CREATE
164,-1.43894422268,32.3016393569,1.20252300274,-0.0402021262,-0.0679736010255,0.996876812155,3,REFLECT
164,-1.43894422268,32.3016393569,1.20252300274,-0.0402021262,-0.0679736010255,0.996876812155,-5,EXIT
165,-25.1939259332,-8256.34719543,5642.08260911,-0.000472389998554,0.826210377471,-0.563361508276,-5,CREATE
165,-29.9238527049,16.2974318207,1.28011894785,0.319020311658,0.183557958297,0.92980240734,102,REFLECT
165,-29.9238527049,16.2974318207,1.28011894785,0.319020311658,0.183557958297,0.92980240734,-5,EXIT
166,19.6738716,-8253.09796528,5646.81021746,-0.000472389998554,0.826210377471,-0.563361508276,-5,CREATE
166,14.9394823382,27.3515596111,0.685863730995,-0.258418465483,0.020555665634,0.965814351368,34,REFLECT
166,14.9394823382,27.3515596111,0.685863730995,-0.258418465483,0.020555665634,0.965814351368,-5,EXIT
167,-8.81182187154,-8253.69967457,5645.95165312,-0.000472389998554,0.826210377471,-0.563361508276,-5,CREATE
167,-13.5460018085,26.3837409776,0.0769354649688,0.125870788056,0.019682611061,0.99185136968,90,REFLECT
167,-13.5460018085,26.3837409776,0.0769354649688,0.125870788056,0.019682611061,0.99185136968,-5,EXIT
168,1.65574758066,-8234.92634481,5673.47532108,-0.000472389998554,0.826210377471,-0.563361508276,-5,CREATE
168,-3.05261357068,9.84924268588e-17,58.3914966025,-0.000472389998554,0.826210377471,-0.563361508276,127,ABSORB
169,-18.785995314,-8257.30993029,5640.66531567,-0.000472389998554,0.826210377471,-0.563361508276,-5,CREATE
169,-23.5160171383,15.5009439236,-0.250531995045,-0.000472389998554,0.826210377471,-0.563361508276,116,ABSORB
170,32.4882529347,-8256.22685358,5642.21073147,-0.000472389998554,0.826210377471,-0.563361508276,-5,CREATE
170,27.7581388116,16.745451323,1.1848103565,-0.399183911056,0.183950959906,0.898228394955,54,REFLECT
170,27.7581388116,16.745451323,1.1848103565,-0.399183911056,0.183950959906,0.898228394955,-5,EXIT
171,-13.0836769574,-8252.97762343,5647.01417536,-0.000472389998554,0.826210377471,-0.563361508276,-5,CREATE
171,-17.8180132885,27.3793256565,0.952945563993,0.17335067746,0.0087839394684,0.984820991364,77,REFLECT
171,-17.8180132885,27.3793256565,0.952945563993,0.17335067746,0.0087839394684,0.984820991364,-5,EXIT
172,3.08183691437,-8233.42875725,5675.67044569,-0.000472389998554,0.826210377471,-0.563361508276,-5,CREATE
172,-1.62566798364,-9.84474793775e-17,61.6077693494,-0.000472389998554,0.826210377471,-0.563361508276,127,ABSORB
173,6.85452436677,-8254.00721487,5645.48748649,-0.000472389998554,0.826210377471,-0.563361508276,-5,CREATE
173,2.11954898353,27.4674367479,-1.33586225977,-0.000472389998554,0.826210377471,-0.563361508276,26,ABSORB
174,-21.6326490083,-8255.81234273,5642.86402306,-0.000472389998554,0.826210377471,-0.563361508276,-5,CREATE
174,-26.3632090681,17.9399057489,1.30628800369,0.288742464097,0.151246435157,0.945384739289,105,REFLECT
174,-26.3632090681,17.9399057489,1.30628800369,0.288742464097,0.151246435157,0.945384739289,-5,EXIT
175,-21.9922626957,-8258.70054731,5638.6285638,-0.000472389998554,0.826210377471,-0.563361508276,-5,CREATE
175,-26.7212286652,12.2636362154,-1.02809554838,0.282669416553,0.227031022282,0.93196293696,123,REFLECT
175,-26.7212286652,12.2636362154,-1.02809554838,0.282669416553,0.227031022282,0.93196293696,-5,EXIT
176,29.281985553,-8257.6174706,5640.17397961,-0.000472389998554,0.826210377471,-0.563361508276,-5,CREATE
176,24.5521910224,14.7958668297,-0.470802798238,-0.360453053489,0.212891827398,0.908157842039,68,REFLECT
176,24.5521910224,14.7958668297,-0.470802798238,-0.360453053489,0.212891827398,0.908157842039,-5,EXIT
177,6.50201421623,-8251.1190103,5649.72354288,-0.000472389998554,0.826210377471,-0.563361508276,-5,CREATE
177,1.7658122662,32.5009073471,1.43741862682,-0.000472389998554,0.826210377471,-0.563361508276,5,ABSORB
178,4.14883874854,-8234.39149211,5674.25763072,-0.000472389998554,0.826210377471,-0.563361508276,-5,CREATE
178,-0.559216598038,2.82586020268e-17,59.5385020065,-0.000472389998554,0.826210377471,-0.563361508276,127,ABSORB
179,30.7086010747,-8255.69200088,5642.9966239,-0.000472389998554,0.826210377471,-0.563361508276,-5,CREATE
179,25.9779644834,18.1941011708,1.34761917536,-0.387027917619,0.17010385923,0.906241727167,53,REFLECT
179,25.9779644834,18.1941011708,1.34761917536,-0.387027917619,0.17010385923,0.906241727167,-5,EXIT
180,-20.5656471741,-8256.77507759,5641.45120809,-0.000472389998554,0.826210377471,-0.563361508276,-5,CREATE
180,-25.295794182,16.2547427126,0.386069396708,0.274907394132,0.174978606439,0.945414412805,110,REFLECT
180,-25.295794182,16.2547427126,0.386069396708,0.274907394132,0.174978606439,0.945414412805,-5,EXIT
181,-12.018385234,-8255.33097531,5643.56192144,-0.000472389998554,0.826210377471,-0.563361508276,-5,CREATE
181,-16.7516970373,23.234074135,-1.27747998121,0.161732950908,0.0677153614411,0.984508548676,97,REFLECT
181,-16.7516970373,23.234074135,-1.27747998121,0.161732950908,0.0677153614411,0.984508548676,-5,EXIT
182,22.164890903,-8254.24789859,5645.12166837,-0.000472389998554,0.826210377471,-0.563361508276,-5,CREATE
182,17.4312237308,24.9386910326,-0.141537713791,-0.278705114335,0.0470519331296,0.959223422792,41,REFLECT
182,17.4312237308,24.9386910326,-0.141537713791,-0.278705114335,0.0470519331296,0.959223422792,-5,EXIT
183,6.99689012946,-8234.75251768,5673.72577247,-0.000472389998554,0.826210377471,-0.563361508276,-5,CREATE
183,2.28862836467,7.58990702045e-17,58.7604741178,-0.000472389998554,0.826210377471,-0.563361508276,127,ABSORB
184,4.36371882767,-8252.68345444,5647.43096545,-0.000472389998554,0.826210377471,-0.563361508276,-5,CREATE
184,-0.371853246484,29.8348099221,-0.103983233007,-0.000472389998554,0.826210377471,-0.563361508276,14,ABSORB
185,27.1450220776,-8258.09883803,5639.46981136,-0.000472389998554,0.826210377471,-0.563361508276,-5,CREATE
185,22.4152040593,14.3555794396,-1.20298196546,-0.348458845787,0.20518719323,0.914589879961,72,REFLECT
185,22.4152040593,14.3555794396,-1.20298196546,-0.348458845787,0.20518719323,0.914589879961,-5,EXIT
186,0.58703563575,-8235.35422697,5672.8486971,-0.000472389998554,0.826210377471,-0.563361508276,-5,CREATE
186,-4.1215701594,1.54727019509e-16,57.47311601,-0.000472389998554,0.826210377471,-0.563361508276,127,ABSORB
187,6.2871341371,-8232.82704797,5676.55020815,-0.000472389998554,0.826210377471,-0.563361508276,-5,CREATE
187,1.57997326945,-1.77439965243e-16,62.8978145432,-0.000472389998554,0.826210377471,-0.563361508276,127,ABSORB
188,-24.1274502869,-8257.73781245,5640.04227446,-0.000472389998554,0.826210377471,-0.563361508276,-5,CREATE
188,-28.8567244449,13.7653928615,0.0180766125868,0.302196830239,0.209022838457,0.930046519695,112,REFLECT
188,-28.8567244449,13.7653928615,0.0180766125868,0.302196830239,0.209022838457,0.930046519695,-5,EXIT
189,18.6039757323,-8254.4885823,5644.7716742,-0.000472389998554,0.826210377471,-0.563361508276,-5,CREATE
189,13.8701314037,25.007853989,-0.702804570452,-0.234863495609,0.0471465844547,0.970884307219,43,REFLECT
189,13.8701314037,25.007853989,-0.702804570452,-0.234863495609,0.0471465844547,0.970884307219,-5,EXIT
190,29.9952933138,-8256.65473574,5641.58530175,-0.000472389998554,0.826210377471,-0.563361508276,-5,CREATE
190,25.2650746564,16.50039983,0.434715339727,-0.000472389998554,0.826210377471,-0.563361508276,58,ABSORB
191,9.13207772063,-8235.71525254,5672.3120618,-0.000472389998554,0.826210377471,-0.563361508276,-5,CREATE
191,4.42326550727,2.02659997129e-16,56.6903110796,-0.000472389998554,0.826210377471,-0.563361508276,127,ABSORB
192,-9.88053381645,-8254.12755673,5645.32502914,-0.000472389998554,0.826210377471,-0.563361508276,-5,CREATE
192,-14.6144739212,25.5363921588,-0.263670118105,0.137829171825,0.0302215274168,0.989994837701,89,REFLECT
192,-14.6144739212,25.5363921588,-0.263670118105,0.137829171825,0.0302215274168,0.989994837701,-5,EXIT
193,-22.7012294062,-8256.13325435,5642.394279,-0.000472389998554,0.826210377471,-0.563361508276,-5,CREATE
193,-27.4315152249,17.1393462021,1.1635976633,0.298012886174,0.166597006577,0.939911568752,104,REFLECT
193,-27.4315152249,17.1393462021,1.1635976633,0.298012886174,0.166597006577,0.939911568752,-5,EXIT
194,17.181701261,-8252.8840242,5647.12606726,-0.000472389998554,0.826210377471,-0.563361508276,-5,CREATE
194,12.4470207938,28.0748191381,0.65442860113,-0.224113154454,0.00985231404144,0.974513327722,32,REFLECT
194,12.4470207938,28.0748191381,0.65442860113,-0.224113154454,0.00985231404144,0.974513327722,-5,EXIT
195,2.93789258792,-8253.96710092,5645.54960068,-0.000472389998554,0.826210377471,-0.563361508276,-5,CREATE
195,-1.79716022406,27.6429736096,-1.36608781732,-0.0414047227473,0.00200364843447,0.999140447749,23,REFLECT
195,-1.79716022406,27.6429736096,-1.36608781732,-0.0414047227473,0.00200364843447,0.999140447749,-5,EXIT
196,-8.45431293576,-8252.52299863,5647.67703367,-0.000472389998554,0.826210377471,-0.563361508276,-5,CREATE
196,-13.1890556263,28.5446733131,1.13118892205,0.117965738257,-0.0128390127715,0.992934662678,81,REFLECT
196,-13.1890556263,28.5446733131,1.13118892205,0.117965738257,-0.0128390127715,0.992934662678,-5,EXIT
197,31.4179624261,-8257.93838222,5639.70154846,-0.000472389998554,0.826210377471,-0.563361508276,-5,CREATE
197,26.6886276079,13.6709179599,-0.394991453292,-0.379250950894,0.228662037117,0.89659488568,70,REFLECT
197,26.6886276079,13.6709179599,-0.394991453292,-0.379250950894,0.228662037117,0.89659488568,-5,EXIT
198,20.0293086708,-8253.60607535,5646.06473928,-0.000472389998554,0.826210377471,-0.563361508276,-5,CREATE
198,15.2951836906,26.3812209036,0.255561722071,-0.254939584481,0.0385441388433,0.966188468998,39,REFLECT
198,15.2951836906,26.3812209036,0.255561722071,-0.254939584481,0.0385441388433,0.966188468998,-5,EXIT
199,4.86130789736,-8234.11069444,5674.66884338,-0.000472389998554,0.826210377471,-0.563361508276,-5,CREATE
199,0.153413098277,-8.64477809228e-18,60.1411799402,-0.000472389998554,0.826210377471,-0.563361508276,127,ABSORB
200,-11.3921197482,-8252.76368235,5647.32651702,-0.000472389998554,0.826210377471,-0.563361508276,-5,CREATE
200,-16.1266240521,27.8870513089,1.06496666541,0.152093883234,-0.00835813100154,0.98833071,78,REFLECT
200,-16.1266240521,27.8870513089,1.06496666541,0.152093883234,-0.00835813100154,0.98833071,-5,EXIT
201,7.62315561522,-8232.18522473,5677.49036805,-0.000472389998554,0.826210377471,-0.563361508276,-5,CREATE
201,2.91636171328,-2.61805565598e-16,64.2756093558,-0.000472389998554,0.826210377471,-0.563361508276,127,ABSORB
202,-22.7914288088,-8257.09598921,5640.98243436,-0.000472389998554,0.826210377471,-0.563361508276,-5,CREATE
202,-27.5211891145,15.2574888143,0.378467808164,-0.000472389998554,0.826210377471,-0.563361508276,108,ABSORB
203,17.0915018584,-8253.84675906,5645.71422262,-0.000472389998554,0.826210377471,-0.563361508276,-5,CREATE
203,12.3572532385,26.3567831109,-0.242404824054,-0.221362388088,0.0218874915521,0.974945963043,37,REFLECT
203,12.3572532385,26.3567831109,-0.242404824054,-0.221362388088,0.0218874915521,0.974945963043,-5,EXIT
204,5.69929633473,-8252.40265677,5647.84165562,-0.000472389998554,0.826210377471,-0.563361508276,-5,CREATE
204,0.963626462837,30.2866558929,0.190075588175,-0.0706830658757,-0.0380880966903,0.996771388579,15,REFLECT
204,0.963626462837,30.2866558929,0.190075588175,-0.0706830658757,-0.0380880966903,0.996771388579,-5,EXIT
205,-7.12026466234,-8253.48573349,5646.26399478,-0.000472389998554,0.826210377471,-0.563361508276,-5,CREATE
205,-11.854611332,26.8892977735,0.19043542738,0.112344723739,0.0164771285134,0.993532670466,91,REFLECT
205,-11.854611332,26.8892977735,0.19043542738,0.112344723739,0.0164771285134,0.993532670466,-5,EXIT
206,3.34730478986,-8234.71240373,5673.78766273,-0.000472389998554,0.826210377471,-0.563361508276,-5,CREATE
206,-1.36093403958,7.04345465144e-17,58.8497165621,-0.000472389998554,0.826210377471,-0.563361508276,127,ABSORB
207,9.04621936839,-8233.14795959,5676.07725451,-0.000472389998554,0.826210377471,-0.563361508276,-5,CREATE
207,4.33887501788,-1.35081202354e-16,62.2060434478,-0.000472389998554,0.826210377471,-0.563361508276,127,ABSORB
208,-21.3683650556,-8258.05872407,5639.56932083,-0.000472389998554,0.826210377471,-0.563361508276,-5,CREATE
208,-26.0977413109,13.6230494787,-0.576635930939,0.278736124781,0.213141646104,0.936417007234,118,REFLECT
208,-26.0977413109,13.6230494787,-0.576635930939,0.278736124781,0.213141646104,0.936417007234,-5,EXIT
209,-10.681179833,-8253.72641721,5645.91400061,-0.000472389998554,0.826210377471,-0.563361508276,-5,CREATE
209,-15.4152675117,26.1956386048,0.149308034864,0.144514465391,0.0183535690045,0.989332459691,89,REFLECT
209,-15.4152675117,26.1956386048,0.149308034864,0.144514465391,0.0183535690045,0.989332459691,-5,EXIT
210,8.33054376195,-8236.03616416,5671.84209382,-0.000472389998554,0.826210377471,-0.563361508276,-5,CREATE
210,3.62154806573,2.44835941617e-16,56.0015256352,-0.000472389998554,0.826210377471,-0.563361508276,127,ABSORB
211,2.6375487975,-8232.78693401,5676.61209841,-0.000472389998554,0.826210377471,-0.563361508276,-5,CREATE
211,-2.0695891348,-1.82904488934e-16,62.9870569875,-0.000472389998554,0.826210377471,-0.563361508276,127,ABSORB
212,6.41023624991,-8253.36539163,5646.42913921,-0.000472389998554,0.826210377471,-0.563361508276,-5,CREATE
212,1.67498643259,28.5892453411,-0.721493337594,-0.0779074286292,-0.0164152607655,0.996825446996,20,REFLECT
212,1.67498643259,28.5892453411,-0.721493337594,-0.0779074286292,-0.0164152607655,0.996825446996,-5,EXIT
213,-0.214498322933,-8235.67513859,5672.37872911,-0.000472389998554,0.826210377471,-0.563361508276,-5,CREATE
213,-4.92328760094,1.96902963996e-16,56.7843305656,-0.000472389998554,0.826210377471,-0.563361508276,127,ABSORB
214,30.6164284674,-8258.25929384,5639.23158047,-0.000472389998554,0.826210377471,-0.563361508276,-5,CREATE
214,25.887162219,13.2300777557,-0.783184688783,-0.375594081156,0.232164126446,0.897234030001,70,REFLECT
214,25.887162219,13.2300777557,-0.783184688783,-0.375594081156,0.232164126446,0.897234030001,-5,EXIT
215,7.83645713059,-8251.76083353,5648.78114375,-0.000472389998554,0.826210377471,-0.563361508276,-5,CREATE
215,3.10055023505,31.3430336316,0.846894730384,-0.0957675206711,-0.0455688921672,0.99436012493,11,REFLECT
215,3.10055023505,31.3430336316,0.846894730384,-0.0957675206711,-0.0455688921672,0.99436012493,-5,EXIT
216,1.21172255775,-8234.07058049,5674.73073364,-0.000472389998554,0.826210377471,-0.563361508276,-5,CREATE
216,-3.49614930597,-1.41093017826e-17,60.2304223845,-0.000472389998554,0.826210377471,-0.563361508276,127,ABSORB
217,21.7190242223,-8254.88972183,5644.18076206,-0.000472389998554,0.826210377471,-0.563361508276,-5,CREATE
217,16.9856076206,23.8586201181,-0.783619562684,-0.27028767519,0.0662590794439,0.96049690631,46,REFLECT
217,16.9856076206,23.8586201181,-0.783619562684,-0.27028767519,0.0662590794439,0.96049690631,-5,EXIT
218,6.55102344884,-8235.39434092,5672.78486616,-0.000472389998554,0.826210377471,-0.563361508276,-5,CREATE
218,1.84239471833,1.6031037516e-16,57.3819328925,-0.000472389998554,0.826210377471,-0.563361508276,127,ABSORB
219,3.70652383637,-8232.14511077,5677.55248223,-0.000472389998554,0.826210377471,-0.563361508276,-5,CREATE
219,-1.00024713022,-2.67283800669e-16,64.365075724,-0.000472389998554,0.826210377471,-0.563361508276,127,ABSORB
220,1.78266455588,-8252.36254282,5647.90376981,-0.000472389998554,0.826210377471,-0.563361508276,-5,CREATE
220,-2.95308679203,30.4692714495,0.155023337109,-0.0241665315994,-0.0366544504277,0.999035750118,12,REFLECT
220,-2.95308679203,30.4692714495,0.155023337109,-0.0241665315994,-0.0366544504277,0.999035750118,-5,EXIT
221,7.97882289328,-8232.50613635,5677.01942973,-0.000472389998554,0.826210377471,-0.563361508276,-5,CREATE
221,3.27184550848,-2.1957020513e-16,63.5858535748,-0.000472389998554,0.826210377471,-0.563361508276,127,ABSORB
222,-22.4357615307,-8257.41690083,5640.51149604,-0.000472389998554,0.826210377471,-0.563361508276,-5,CREATE
222,-27.1653744398,14.6787803741,0.0833113551331,0.286393860088,0.19842789122,0.937339281632,113,REFLECT
222,-27.1653744398,14.6787803741,0.0833113551331,0.286393860088,0.19842789122,0.937339281632,-5,EXIT
223,28.838486718,-8256.33382412,5642.05691185,-0.000472389998554,0.826210377471,-0.563361508276,-5,CREATE
223,24.1079403078,17.3945512403,0.515454971479,-0.000472389998554,0.826210377471,-0.563361508276,57,ABSORB
224,-8.19002898309,-8254.76937997,5644.38233144,-0.000472389998554,0.826210377471,-0.563361508276,-5,CREATE
224,-12.9237594931,24.5279877156,-0.956410005217,0.118056712637,0.0490291810136,0.991795720908,100,REFLECT
224,-12.9237594931,24.5279877156,-0.956410005217,0.118056712637,0.0490291810136,0.991795720908,-5,EXIT
225,4.41391198309,-8235.99605021,5671.904208,-0.000472389998554,0.826210377471,-0.563361508276,-5,CREATE
225,-0.295060777766,2.39357706547e-16,56.0909920034,-0.000472389998554,0.826210377471,-0.563361508276,127,ABSORB
226,19.5859084961,-8252.24220096,5648.06533146,-0.000472389998554,0.826210377471,-0.563361508276,-5,CREATE
226,14.8511268025,28.8936872868,1.4729725973,-0.246595154216,0.000837012620466,0.969118222575,28,REFLECT
226,14.8511268025,28.8936872868,1.4729725973,-0.246595154216,0.000837012620466,0.969118222575,-5,EXIT
227,-20.3005739396,-8258.37963569,5639.09778537,-0.000472389998554,0.826210377471,-0.563361508276,-5,CREATE
227,-25.0298790059,13.1776284289,-0.963273128419,0.263304710626,0.215468595172,0.940342444993,124,REFLECT
227,-25.0298790059,13.1776284289,-0.963273128419,0.263304710626,0.215468595172,0.940342444993,-5,EXIT
228,33.8221696612,-8257.29655898,5640.64081266,-0.000472389998554,0.826210377471,-0.563361508276,-5,CREATE
228,29.0928128587,14.3511916886,0.518054819362,-0.409459195161,0.217245481334,0.886085531051,61,REFLECT
228,29.0928128587,14.3511916886,0.518054819362,-0.409459195161,0.217245481334,0.886085531051,-5,EXIT
229,-11.749760231,-8254.04732883,5645.44425655,-0.000472389998554,0.826210377471,-0.563361508276,-5,CREATE
229,-16.4836548977,25.5371490833,-0.0902544654248,0.154692467154,0.0324334177987,0.987430156525,88,REFLECT
229,-16.4836548977,25.5371490833,-0.0902544654248,0.154692467154,0.0324334177987,0.987430156525,-5,EXIT
230,22.433515906,-8252.96425211,5647.00400348,-0.000472389998554,0.826210377471,-0.563361508276,-5,CREATE
230,17.6992743075,27.2270094723,1.05574970529,-0.28457978525,0.0154992364051,0.958527057259,31,REFLECT
230,17.6992743075,27.2270094723,1.05574970529,-0.28457978525,0.0154992364051,0.958527057259,-5,EXIT
231,7.26551513247,-8233.4688712,5675.60810758,-0.000472389998554,0.826210377471,-0.563361508276,-5,CREATE
231,2.5579872991,-9.29555329269e-17,61.5180790574,-0.000472389998554,0.826210377471,-0.563361508276,127,ABSORB
232,-17.4520128141,-8258.32615042,5639.17383681,-0.000472389998554,0.826210377471,-0.563361508276,-5,CREATE
232,-22.1816104413,13.7428027447,-1.23612303541,0.239808773761,0.208358391339,0.948197517813,126,REFLECT
232,-22.1816104413,13.7428027447,-1.23612303541,0.239808773761,0.208358391339,0.948197517813,-5,EXIT
233,3.91969380476,-8251.82769012,5648.68637801,-0.000472389998554,0.826210377471,-0.563361508276,-5,CREATE
233,-0.816256946539,31.3528807872,0.699827624833,-0.0561822646292,-0.0615705783317,0.996520254197,8,REFLECT
233,-0.816256946539,31.3528807872,0.699827624833,-0.0561822646292,-0.0615705783317,0.996520254197,-5,EXIT
234,0.143010612842,-8234.49846265,5674.10410966,-0.000472389998554,0.826210377471,-0.563361508276,-5,CREATE
234,-4.56510589469,4.21252908675e-17,59.312041792,-0.000472389998554,0.826210377471,-0.563361508276,127,ABSORB
235,-13.1721662492,-8252.54974127,5647.64176968,-0.000472389998554,0.826210377471,-0.563361508276,-5,CREATE
235,-17.9066859489,28.1279194581,1.36185878297,-0.000472389998554,0.826210377471,-0.563361508276,77,ABSORB
236,5.84310911419,-8231.97128365,5677.80562071,-0.000472389998554,0.826210377471,-0.563361508276,-5,CREATE
236,1.13643753415,-2.90041693885e-16,64.7367403252,-0.000472389998554,0.826210377471,-0.563361508276,127,ABSORB
237,-24.5714753098,-8256.88204813,5641.29768703,-0.000472389998554,0.826210377471,-0.563361508276,-5,CREATE
237,-29.3011762105,15.3675303991,0.764565596099,0.311252754197,0.189635385212,0.931214338206,107,REFLECT
237,-29.3011762105,15.3675303991,0.764565596099,0.311252754197,0.189635385212,0.931214338206,-5,EXIT
238,18.1599507094,-8253.63281798,5646.02708677,-0.000472389998554,0.826210377471,-0.563361508276,-5,CREATE
238,13.4256923771,26.5877111191,0.0588765776336,-0.237713879677,0.0246689575581,0.971021912184,38,REFLECT
238,13.4256923771,26.5877111191,0.0588765776336,-0.237713879677,0.0246689575581,0.971021912184,-5,EXIT
239,29.5477165225,-8258.687176,5638.60495649,-0.000472389998554,0.826210377471,-0.563361508276,-5,CREATE
239,24.818541692,12.6423056127,-1.3007857583,-0.359146402594,0.236762643252,0.902749861404,74,REFLECT
239,24.818541692,12.6423056127,-1.3007857583,-0.359146402594,0.236762643252,0.902749861404,-5,EXIT
240,8.68805269772,-8234.85948822,5673.56747437,-0.000472389998554,0.826210377471,-0.563361508276,-5,CREATE
240,3.97972977198,9.00582684881e-17,58.5292368616,-0.000472389998554,0.826210377471,-0.563361508276,127,ABSORB
241,-10.3245588394,-8253.27179241,5646.5804417,-0.000472389998554,0.826210377471,-0.563361508276,-5,CREATE
241,-15.0588752296,27.0502800625,0.542992942411,0.140457423811,0.00369539974909,0.990079823104,84,REFLECT
241,-15.0588752296,27.0502800625,0.542992942411,0.140457423811,0.00369539974909,0.990079823104,-5,EXIT
242,2.8122910825,-8235.46119751,5672.68995114,-0.000472389998554,0.826210377471,-0.563361508276,-5,CREATE
242,-1.89637587359,1.68913640553e-16,57.2414309061,-0.000472389998554,0.826210377471,-0.563361508276,127,ABSORB
243,-19.0536994882,-8257.84478299,5639.88113999,-0.000472389998554,0.826210377471,-0.563361508276,-5,CREATE
243,-23.7834062421,14.4150329942,-0.658961969962,0.25449992942,0.196210980132,0.946958836065,120,REFLECT
243,-23.7834062421,14.4150329942,-0.658961969962,0.25449992942,0.196210980132,0.946958836065,-5,EXIT
244,32.2205487606,-8256.76170628,5641.4265558,-0.000472389998554,0.826210377471,-0.563361508276,-5,CREATE
244,27.4906865222,15.7700520382,0.701026684182,-0.392029996344,0.20130269781,0.897657900216,60,REFLECT
244,27.4906865222,15.7700520382,0.701026684182,-0.392029996344,0.20130269781,0.897657900216,-5,EXIT
245,-13.3513811315,-8253.51247613,5646.22999969,-0.000472389998554,0.826210377471,-0.563361508276,-5,CREATE
245,-18.0854560504,26.3872628287,0.48052412943,0.172098914348,0.0116505774462,0.985010775436,82,REFLECT
245,-18.0854560504,26.3872628287,0.48052412943,0.172098914348,0.0116505774462,0.985010775436,-5,EXIT
246,5.66034246343,-8235.82222308,5672.1580929,-0.000472389998554,0.826210377471,-0.563361508276,-5,CREATE
246,0.951469089114,2.1655410873e-16,56.4634030174,-0.000472389998554,0.826210377471,-0.563361508276,127,ABSORB
247,4.24009052695,-8232.57299293,5676.92451471,-0.000472389998554,0.826210377471,-0.563361508276,-5,CREATE
247,-0.46692508345,-2.10966939738e-16,63.4453515885,-0.000472389998554,0.826210377471,-0.563361508276,127,ABSORB
248,8.01277797935,-8253.15145055,5646.74155551,-0.000472389998554,0.826210377471,-0.563361508276,-5,CREATE
248,3.27746572276,28.9123927453,-0.483540690692,-0.0941586579347,-0.0118071840575,0.995487186025,21,REFLECT
248,3.27746572276,28.9123927453,-0.483540690692,-0.0941586579347,-0.0118071840575,0.995487186025,-5,EXIT
249,-23.327626439,-8258.80751785,5638.4728035,-0.000472389998554,0.826210377471,-0.563361508276,-5,CREATE
249,-28.0564070886,11.8325411677,-0.962847644796,0.289982823939,0.236470660487,0.927357314388,122,REFLECT
249,-28.0564070886,11.8325411677,-0.962847644796,0.289982823939,0.236470660487,0.927357314388,-5,EXIT
250,27.9466218098,-8257.72444114,5640.01821931,-0.000472389998554,0.826210377471,-0.563361508276,-5,CREATE
250,23.2167056242,14.9016709523,-0.771646067768,-0.350083218366,0.204812923305,0.914053284369,67,REFLECT
250,23.2167056242,14.9016709523,-0.771646067768,-0.350083218366,0.204812923305,0.914053284369,-5,EXIT
251,4.68148461026,-8235.56816805,5672.53150376,-0.000472389998554,0.826210377471,-0.563361508276,-5,CREATE
251,-0.027243506791,1.83081979756e-16,57.0100443673,-0.000472389998554,0.826210377471,-0.563361508276,127,ABSORB
252,-20.0330013124,-8257.95175353,5639.72508113,-0.000472389998554,0.826210377471,-0.563361508276,-5,CREATE
252,-24.7625618417,14.0523154965,-0.640636688441,0.257587832836,0.201560022378,0.944998447488,120,REFLECT
252,-24.7625618417,14.0523154965,-0.640636688441,0.257587832836,0.201560022378,0.944998447488,-5,EXIT
253,34.0897422884,-8256.86867682,5641.26810841,-0.000472389998554,0.826210377471,-0.563361508276,-5,CREATE
253,29.3601841755,15.1311657228,0.905272483203,-0.416250544227,0.201370863465,0.88667088583,56,REFLECT
253,29.3601841755,15.1311657228,0.905272483203,-0.416250544227,0.201370863465,0.88667088583,-5,EXIT
254,7.52953599118,-8235.92919362,5671.99964551,-0.000472389998554,0.826210377471,-0.563361508276,-5,CREATE
254,2.82060145592,2.30722447934e-16,56.2320164786,-0.000472389998554,0.826210377471,-0.563361508276,127,ABSORB
255,1.83654102673,-8232.67996347,5676.7696501,-0.000472389998554,0.826210377471,-0.563361508276,-5,CREATE
255,-2.87053574461,-1.97017982617e-16,63.217547831,-0.000472389998554,0.826210377471,-0.563361508276,127,ABSORB
256,5.60922847914,-8253.25842109,5646.5866909,-0.000472389998554,0.826210377471,-0.563361508276,-5,CREATE
256,0.873914914628,28.8077097657,-0.639965096266,-0.0682996632559,-0.0177014979101,0.997507800957,20,REFLECT
256,0.873914914628,28.8077097657,-0.639965096266,-0.0682996632559,-0.0177014979101,0.997507800957,-5,EXIT
257,29.8158153376,-8257.83141168,5639.85977192,-0.000472389998554,0.826210377471,-0.563361508276,-5,CREATE
257,25.0862097726,14.2514246858,-0.55965434911,-0.369901311771,0.217907341498,0.903155252474,69,REFLECT
257,25.0862097726,14.2514246858,-0.55965434911,-0.369901311771,0.217907341498,0.903155252474,-5,EXIT
258,8.95615151281,-8234.0037239,5674.8222898,-0.000472389998554,0.826210377471,-0.563361508276,-5,CREATE
258,4.24831787468,-2.2506896473e-17,60.3675655134,-0.000472389998554,0.826210377471,-0.563361508276,127,ABSORB
259,-10.0600117927,-8255.30423267,5643.59949931,-0.000472389998554,0.826210377471,-0.563361508276,-5,CREATE
259,-14.7934135838,23.4182053581,-1.34721941603,0.140158522565,0.0573576796376,0.988466329795,99,REFLECT
259,-14.7934135838,23.4182053581,-1.34721941603,0.140158522565,0.0573576796376,0.988466329795,-5,EXIT
260,2.54748094191,-8233.64269833,5675.3571337,-0.000472389998554,0.826210377471,-0.563361508276,-5,CREATE
260,-2.160146278,-7.03301830525e-17,61.1485790532,-0.000472389998554,0.826210377471,-0.563361508276,127,ABSORB
261,29.1060593452,-8255.90594196,5642.6842076,-0.000472389998554,0.826210377471,-0.563361508276,-5,CREATE
261,24.3753152856,18.1681222273,0.907038630311,-0.367216436692,0.165740111296,0.915249858853,52,REFLECT
261,24.3753152856,18.1681222273,0.907038630311,-0.367216436692,0.165740111296,0.915249858853,-5,EXIT
262,31.9510029287,-8258.79414654,5638.44606126,-0.000472389998554,0.826210377471,-0.563361508276,-5,CREATE
262,27.2222002081,11.8845146683,-1.01591125186,-0.000472389998554,0.826210377471,-0.563361508276,76,ABSORB
263,20.5623491735,-8254.46183967,5644.80925208,-0.000472389998554,0.826210377471,-0.563361508276,-5,CREATE
263,15.8286464191,24.7869834585,-0.496388676065,-0.257019734777,0.0537359196055,0.964911035733,45,REFLECT
263,15.8286464191,24.7869834585,-0.496388676065,-0.257019734777,0.0537359196055,0.964911035733,-5,EXIT
264,5.39434840002,-8234.96645876,5673.41335617,-0.000472389998554,0.826210377471,-0.563361508276,-5,CREATE
264,0.685964313319,1.03961521009e-16,58.3021795169,-0.000472389998554,0.826210377471,-0.563361508276,127,ABSORB
265,2.05023718304,-8251.93466066,5648.53106556,-0.000472389998554,0.826210377471,-0.563361508276,-5,CREATE
265,-2.6857003794,31.2228429271,0.560243902568,-0.000472389998554,0.826210377471,-0.563361508276,7,ABSORB
266,21.9885700542,-8252.85728157,5647.16125661,-0.000472389998554,0.826210377471,-0.563361508276,-5,CREATE
266,17.2542532461,27.4655217942,1.12330948097,-0.274402319445,0.0139234521027,0.961514172836,30,REFLECT
266,17.2542532461,27.4655217942,1.12330948097,-0.274402319445,0.0139234521027,0.961514172836,-5,EXIT
267,6.8205692807,-8233.36190066,5675.76536071,-0.000472389998554,0.826210377471,-0.563361508276,-5,CREATE
267,2.11310260828,-1.0705074477e-16,61.7482713358,-0.000472389998554,0.826210377471,-0.563361508276,127,ABSORB
268,-23.5940151433,-8258.27266515,5639.25742702,-0.000472389998554,0.826210377471,-0.563361508276,-5,CREATE
268,-28.3230593693,12.8283890344,-0.492559236981,0.299078254385,0.219372682445,0.928669921959,117,REFLECT
268,-28.3230593693,12.8283890344,-0.492559236981,0.299078254385,0.219372682445,0.928669921959,-5,EXIT
269,16.2889155239,-8255.023435,5643.98921528,-0.000472389998554,0.826210377471,-0.563361508276,-5,CREATE
269,11.5551364175,24.3589276725,-1.40748102341,-0.218238967527,0.053857784234,0.974408072693,47,REFLECT
269,11.5551364175,24.3589276725,-1.40748102341,-0.218238967527,0.053857784234,0.974408072693,-5,EXIT
270,27.6802331055,-8257.18958844,5640.80284283,-0.000472389998554,0.826210377471,-0.563361508276,-5,CREATE
270,22.9499958005,15.9981615231,-0.369982101297,-0.34905764613,0.195503696833,0.916480804056,67,REFLECT
270,22.9499958005,15.9981615231,-0.369982101297,-0.34905764613,0.195503696833,0.916480804056,-5,EXIT
271,0.945991588302,-8233.00087509,5676.29975676,-0.000472389998554,0.826210377471,-0.563361508276,-5,CREATE
271,-3.7612686659,-1.54846608589e-16,62.5288370279,-0.000472389998554,0.826210377471,-0.563361508276,127,ABSORB
272,-6.67663428037,-8254.66240943,5644.53794246,-0.000472389998554,0.826210377471,-0.563361508276,-5,CREATE
272,-11.4104763118,24.8300092796,-0.933796880162,0.105097133609,0.0482642635408,0.993290065073,101,REFLECT
272,-11.4104763118,24.8300092796,-0.933796880162,0.105097133609,0.0482642635408,0.993290065073,-5,EXIT
273,3.79093517183,-8235.88907967,5672.06161041,-0.000472389998554,0.826210377471,-0.563361508276,-5,CREATE
273,-0.917976428079,2.25253353784e-16,56.3213335643,-0.000472389998554,0.826210377471,-0.563361508276,127,ABSORB
274,1.87062765979,-8253.21830714,5646.64865581,-0.000472389998554,0.826210377471,-0.563361508276,-5,CREATE
274,-2.86476574346,28.9874617034,-0.673214036807,-0.0613974497558,-0.0257898978997,0.997780153305,17,REFLECT
274,-2.86476574346,28.9874617034,-0.673214036807,-0.0613974497558,-0.0257898978997,0.997780153305,-5,EXIT
275,-9.52276178672,-8252.73693971,5647.36416953,-0.000472389998554,0.826210377471,-0.563361508276,-5,CREATE
275,-14.2573592774,28.0767775719,0.991486826415,0.131712579943,-0.0122183390888,0.991212645437,80,REFLECT
275,-14.2573592774,28.0767775719,0.991486826415,0.131712579943,-0.0122183390888,0.991212645437,-5,EXIT
276,-10.949673289,-8254.90309315,5644.18854542,-0.000472389998554,0.826210377471,-0.563361508276,-5,CREATE
276,-15.6832275428,24.086002153,-0.939996780306,0.144870588149,0.0549669722596,0.987922641025,98,REFLECT
276,-15.6832275428,24.086002153,-0.939996780306,0.144870588149,0.0549669722596,0.987922641025,-5,EXIT
277,8.06560207437,-8234.32463552,5674.35239645,-0.000472389998554,0.826210377471,-0.563361508276,-5,CREATE
277,3.35758495339,1.96644775546e-17,59.6788547103,-0.000472389998554,0.826210377471,-0.563361508276,127,ABSORB
278,3.29724318141,-8251.29283742,5649.4713001,-0.000472389998554,0.826210377471,-0.563361508276,-5,CREATE
278,-1.43894422268,32.3016393569,1.20252300274,-0.0462900170883,-0.0716241257097,0.996356973647,3,REFLECT
278,-1.43894422268,32.3016393569,1.20252300274,-0.0462900170883,-0.0716241257097,0.996356973647,-5,EXIT
279,-25.1939259332,-8256.34719543,5642.08260911,-0.000472389998554,0.826210377471,-0.563361508276,-5,CREATE
279,-29.9238527049,16.2974318207,1.28011894785,0.314697071761,0.184221601998,0.931143466058,102,REFLECT
279,-29.9238527049,16.2974318207,1.28011894785,0.314697071761,0.184221601998,0.931143466058,-5,EXIT
280,19.6738716,-8253.09796528,5646.81021746,-0.000472389998554,0.826210377471,-0.563361508276,-5,CREATE
280,14.9394823382,27.3515596111,0.685863730995,-0.000472389998554,0.826210377471,-0.563361508276,34,ABSORB
281,-8.81182187154,-8253.69967457,5645.95165312,-0.000472389998554,0.826210377471,-0.563361508276,-5,CREATE
281,-13.5460018085,26.3837409776,0.0769354649688,0.123614242054,0.0558303598924,0.990758542772,90,REFLECT
281,-13.5460018085,26.3837409776,0.0769354649688,0.123614242054,0.0558303598924,0.990758542772,-5,EXIT
282,1.65574758066,-8234.92634481,5673.47532108,-0.000472389998554,0.826210377471,-0.563361508276,-5,CREATE
282,-3.05261357068,9.84924268588e-17,58.3914966025,-0.000472389998554,0.826210377471,-0.563361508276,127,ABSORB
283,-18.785995314,-8257.30993029,5640.66531567,-0.000472389998554,0.826210377471,-0.563361508276,-5,CREATE
283,-23.5160171383,15.5009439236,-0.250531995045,0.253840016151,0.183731057668,0.949635795792,116,REFLECT
283,-23.5160171383,15.5009439236,-0.250531995045,0.253840016151,0.183731057668,0.949635795792,-5,EXIT
284,32.4882529347,-8256.22685358,5642.21073147,-0.000472389998554,0.826210377471,-0.563361508276,-5,CREATE
284,27.7581388116,16.745451323,1.1848103565,-0.39384450567,0.18378163595,0.90061690837,54,REFLECT
284,27.7581388116,16.745451323,1.1848103565,-0.39384450567,0.18378163595,0.90061690837,-5,EXIT
285,-13.0836769574,-8252.97762343,5647.01417536,-0.000472389998554,0.826210377471,-0.563361508276,-5,CREATE
285,-17.8180132885,27.3793256565,0.952945563993,0.180013511862,0.00239409799997,0.983661224122,77,REFLECT
285,-17.8180132885,27.3793256565,0.952945563993,0.180013511862,0.00239409799997,0.983661224122,-5,EXIT
286,3.08183691437,-8233.42875725,5675.67044569,-0.000472389998554,0.826210377471,-0.563361508276,-5,CREATE
286,-1.62566798364,-9.84474793775e-17,61.6077693494,-0.000472389998554,0.826210377471,-0.563361508276,127,ABSORB
287,6.85452436677,-8254.00721487,5645.48748649,-0.000472389998554,0.826210377471,-0.563361508276,-5,CREATE
287,2.11954898353,27.4674367479,-1.33586225977,-0.0811188898176,0.00119312403901,0.996703718349,26,REFLECT
287,2.11954898353,27.4674367479,-1.33586225977,-0.0811188898176,0.00119312403901,0.996703718349,-5,EXIT
288,-21.6326490083,-8255.81234273,5642.86402306,-0.000472389998554,0.826210377471,-0.563361508276,-5,CREATE
288,-26.3632090681,17.9399057489,1.30628800369,0.283885763989,0.152644842425,0.946630036015,105,REFLECT
288,-26.3632090681,17.9399057489,1.30628800369,0.283885763989,0.152644842425,0.946630036015,-5,EXIT
289,-21.9922626957,-8258.70054731,5638.6285638,-0.000472389998554,0.826210377471,-0.563361508276,-5,CREATE
289,-26.7212286652,12.2636362154,-1.02809554838,0.279164052251,0.231459974527,0.931930100449,123,REFLECT
289,-26.7212286652,12.2636362154,-1.02809554838,0.279164052251,0.231459974527,0.931930100449,-5,EXIT
290,29.281985553,-8257.6174706,5640.17397961,-0.000472389998554,0.826210377471,-0.563361508276,-5,CREATE
290,24.5521910224,14.7958668297,-0.470802798238,-0.364726993415,0.215235956157,0.905896077622,68,REFLECT
290,24.5521910224,14.7958668297,-0.470802798238,-0.364726993415,0.215235956157,0.905896077622,-5,EXIT
291,6.50201421623,-8251.1190103,5649.72354288,-0.000472389998554,0.826210377471,-0.563361508276,-5,CREATE
291,1.7658122662,32.5009073471,1.43741862682,-0.0828817548223,-0.0658289179826,0.994382807713,5,REFLECT
291,1.7658122662,32.5009073471,1.43741862682,-0.0828817548223,-0.0658289179826,0.994382807713,-5,EXIT
292,4.14883874854,-8234.39149211,5674.25763072,-0.000472389998554,0.826210377471,-0.563361508276,-5,CREATE
292,-0.559216598038,2.82586020268e-17,59.5385020065,-0.000472389998554,0.826210377471,-0.563361508276,127,ABSORB
293,30.7086010747,-8255.69200088,5642.9966239,-0.000472389998554,0.826210377471,-0.563361508276,-5,CREATE
293,25.9779644834,18.1941011708,1.34761917536,-0.372705381417,0.181520523179,0.910022526275,53,REFLECT
293,25.9779644834,18.1941011708,1.34761917536,-0.372705381417,0.181520523179,0.910022526275,-5,EXIT
294,-20.5656471741,-8256.77507759,5641.45120809,-0.000472389998554,0.826210377471,-0.563361508276,-5,CREATE
294,-25.295794182,16.2547427126,0.386069396708,0.270819683395,0.177349006279,0.946152222984,110,REFLECT
294,-25.295794182,16.2547427126,0.386069396708,0.270819683395,0.177349006279,0.946152222984,-5,EXIT
295,-12.018385234,-8255.33097531,5643.56192144,-0.000472389998554,0.826210377471,-0.563361508276,-5,CREATE
295,-16.7516970373,23.234074135,-1.27747998121,0.163786938748,0.0603267887197,0.984649438764,97,REFLECT
295,-16.7516970373,23.234074135,-1.27747998121,0.163786938748,0.0603267887197,0.984649438764,-5,EXIT
296,22.164890903,-8254.24789859,5645.12166837,-0.000472389998554,0.826210377471,-0.563361508276,-5,CREATE
296,17.4312237308,24.9386910326,-0.141537713791,-0.282376930052,0.0523684035101,0.95787307076,41,REFLECT
296,17.4312237308,24.9386910326,-0.141537713791,-0.282376930052,0.0523684035101,0.95787307076,-5,EXIT
297,6.99689012946,-8234.75251768,5673.72577247,-0.000472389998554,0.826210377471,-0.563361508276,-5,CREATE
297,2.28862836467,7.58990702045e-17,58.7604741178,-0.000472389998554,0.826210377471,-0.563361508276,127,ABSORB
298,4.36371882767,-8252.68345444,5647.43096545,-0.000472389998554,0.826210377471,-0.563361508276,-5,CREATE
298,-0.371853246484,29.8348099221,-0.103983233007,-0.0554035317865,-0.0347405453513,0.997859480676,14,REFLECT
298,-0.371853246484,29.8348099221,-0.103983233007,-0.0554035317865,-0.0347405453513,0.997859480676,-5,EXIT
299,27.1450220776,-8258.09883803,5639.46981136,-0.000472389998554,0.826210377471,-0.563361508276,-5,CREATE
299,22.4152040593,14.3555794396,-1.20298196546,-0.000472389998554,0.826210377471,-0.563361508276,72,ABSORB
300,0.58703563575,-8235.35422697,5672.8486971,-0.000472389998554,0.826210377471,-0.563361508276,-5,CREATE
300,-4.1215701594,1.54727019509e-16,57.47311601,-0.000472389998554,0.826210377471,-0.563361508276,127,ABSORB
301,6.2871341371,-8232.82704797,5676.55020815,-0.000472389998554,0.826210377471,-0.563361508276,-5,CREATE
301,1.57997326945,-1.77439965243e-16,62.8978145432,-0.000472389998554,0.826210377471,-0.563361508276,127,ABSORB
302,-24.1274502869,-8257.73781245,5640.04227446,-0.000472389998554,0.826210377471,-0.563361508276,-5,CREATE
302,-28.8567244449,13.7653928615,0.0180766125868,0.305662090812,0.215016501861,0.927544387168,112,REFLECT
302,-28.8567244449,13.7653928615,0.0180766125868,0.305662090812,0.215016501861,0.927544387168,-5,EXIT
303,18.6039757323,-8254.4885823,5644.7716742,-0.000472389998554,0.826210377471,-0.563361508276,-5,CREATE
303,13.8701314037,25.007853989,-0.702804570452,-0.234401617436,0.0520433470495,0.970745781228,43,REFLECT
303,13.8701314037,25.007853989,-0.702804570452,-0.234401617436,0.0520433470495,0.970745781228,-5,EXIT
304,29.9952933138,-8256.65473574,5641.58530175,-0.000472389998554,0.826210377471,-0.563361508276,-5,CREATE
304,25.2650746564,16.50039983,0.434715339727,-0.380655226845,0.187186491307,0.905573197344,58,REFLECT
304,25.2650746564,16.50039983,0.434715339727,-0.380655226845,0.187186491307,0.905573197344,-5,EXIT
305,9.13207772063,-8235.71525254,5672.3120618,-0.000472389998554,0.826210377471,-0.563361508276,-5,CREATE
305,4.42326550727,2.02659997129e-16,56.6903110796,-0.000472389998554,0.826210377471,-0.563361508276,127,ABSORB
306,-9.88053381645,-8254.12755673,5645.32502914,-0.000472389998554,0.826210377471,-0.563361508276,-5,CREATE
306,-14.6144739212,25.5363921588,-0.263670118105,0.136288833248,0.0340589442442,0.990083502665,89,REFLECT
306,-14.6144739212,25.5363921588,-0.263670118105,0.136288833248,0.0340589442442,0.990083502665,-5,EXIT
307,-22.7012294062,-8256.13325435,5642.394279,-0.000472389998554,0.826210377471,-0.563361508276,-5,CREATE
307,-27.4315152249,17.1393462021,1.1635976633,0.294275399327,0.160284485236,0.942184097267,104,REFLECT
307,-27.4315152249,17.1393462021,1.1635976633,0.294275399327,0.160284485236,0.942184097267,-5,EXIT
308,17.181701261,-8252.8840242,5647.12606726,-0.000472389998554,0.826210377471,-0.563361508276,-5,CREATE
308,12.4470207938,28.0748191381,0.65442860113,-0.230742112284,0.00529799114258,0.973000518452,32,REFLECT
308,12.4470207938,28.0748191381,0.65442860113,-0.230742112284,0.00529799114258,0.973000518452,-5,EXIT
309,2.93789258792,-8253.96710092,5645.54960068,-0.000472389998554,0.826210377471,-0.563361508276,-5,CREATE
309,-1.79716022406,27.6429736096,-1.36608781732,-0.0356667701795,-0.00111895530517,0.999363111909,23,REFLECT
309,-1.79716022406,27.6429736096,-1.36608781732,-0.0356667701795,-0.00111895530517,0.999363111909,-5,EXIT
310,-8.45431293576,-8252.52299863,5647.67703367,-0.000472389998554,0.826210377471,-0.563361508276,-5,CREATE
310,-13.1890556263,28.5446733131,1.13118892205,0.122401859372,-0.0139307065383,0.992382849629,81,REFLECT
310,-13.1890556263,28.5446733131,1.13118892205,0.122401859372,-0.0139307065383,0.992382849629,-5,EXIT
311,31.4179624261,-8257.93838222,5639.70154846,-0.000472389998554,0.826210377471,-0.563361508276,-5,CREATE
311,26.6886276079,13.6709179599,-0.394991453292,-0.000472389998554,0.826210377471,-0.563361508276,70,ABSORB
312,20.0293086708,-8253.60607535,5646.06473928,-0.000472389998554,0.826210377471,-0.563361508276,-5,CREATE
312,15.2951836906,26.3812209036,0.255561722071,-0.252143277672,0.035377983613,0.967043001009,39,REFLECT
312,15.2951836906,26.3812209036,0.255561722071,-0.252143277672,0.035377983613,0.967043001009,-5,EXIT
313,4.86130789736,-8234.11069444,5674.66884338,-0.000472389998554,0.826210377471,-0.563361508276,-5,CREATE
313,0.153413098277,-8.64477809228e-18,60.1411799402,-0.000472389998554,0.826210377471,-0.563361508276,127,ABSORB
314,-11.3921197482,-8252.76368235,5647.32651702,-0.000472389998554,0.826210377471,-0.563361508276,-5,CREATE
314,-16.1266240521,27.8870513089,1.06496666541,0.156474176485,0.00154565967748,0.987680840671,78,REFLECT
314,-16.1266240521,27.8870513089,1.06496666541,0.156474176485,0.00154565967748,0.987680840671,-5,EXIT
315,7.62315561522,-8232.18522473,5677.49036805,-0.000472389998554,0.826210377471,-0.563361508276,-5,CREATE
315,2.91636171328,-2.61805565598e-16,64.2756093558,-0.000472389998554,0.826210377471,-0.563361508276,127,ABSORB
316,-22.7914288088,-8257.09598921,5640.98243436,-0.000472389998554,0.826210377471,-0.563361508276,-5,CREATE
316,-27.5211891145,15.2574888143,0.378467808164,0.294878078738,0.188207803865,0.936816279344,108,REFLECT
316,-27.5211891145,15.2574888143,0.378467808164,0.294878078738,0.188207803865,0.936816279344,-5,EXIT
317,17.0915018584,-8253.84675906,5645.71422262,-0.000472389998554,0.826210377471,-0.563361508276,-5,CREATE
317,12.3572532385,26.3567831109,-0.242404824054,-0.222381930947,0.0272651552133,0.974578312964,37,REFLECT
317,12.3572532385,26.3567831109,-0.242404824054,-0.222381930947,0.0272651552133,0.974578312964,-5,EXIT
318,5.69929633473,-8252.40265677,5647.84165562,-0.000472389998554,0.826210377471,-0.563361508276,-5,CREATE
318,0.963626462837,30.2866558929,0.190075588175,-0.067174181062,-0.0271077335384,0.997372949393,15,REFLECT
318,0.963626462837,30.2866558929,0.190075588175,-0.067174181062,-0.0271077335384,0.997372949393,-5,EXIT
319,-7.12026466234,-8253.48573349,5646.26399478,-0.000472389998554,0.826210377471,-0.563361508276,-5,CREATE
319,-11.854611332,26.8892977735,0.19043542738,0.114405634891,0.0122113733066,0.993359065528,91,REFLECT
319,-11.854611332,26.8892977735,0.19043542738,0.114405634891,0.0122113733066,0.993359065528,-5,EXIT
320,3.34730478986,-8234.71240373,5673.78766273,-0.000472389998554,0.826210377471,-0.563361508276,-5,CREATE
320,-1.36093403958,7.04345465144e-17,58.8497165621,-0.000472389998554,0.826210377471,-0.563361508276,127,ABSORB
321,9.04621936839,-8233.14795959,5676.07725451,-0.000472389998554,0.826210377471,-0.563361508276,-5,CREATE
321,4.33887501788,-1.35081202354e-16,62.2060434478,-0.000472389998554,0.826210377471,-0.563361508276,127,ABSORB
322,-21.3683650556,-8258.05872407,5639.56932083,-0.000472389998554,0.826210377471,-0.563361508276,-5,CREATE
322,-26.0977413109,13.6230494787,-0.576635930939,0.281644652582,0.208011714153,0.936700281012,118,REFLECT
322,-26.0977413109,13.6230494787,-0.576635930939,0.281644652582,0.208011714153,0.936700281012,-5,EXIT
323,-10.681179833,-8253.72641721,5645.91400061,-0.000472389998554,0.826210377471,-0.563361508276,-5,CREATE
323,-15.4152675117,26.1956386048,0.149308034864,0.142195708245,0.0293687404094,0.989402778268,89,REFLECT
323,-15.4152675117,26.1956386048,0.149308034864,0.142195708245,0.0293687404094,0.989402778268,-5,EXIT
324,8.33054376195,-8236.03616416,5671.84209382,-0.000472389998554,0.826210377471,-0.563361508276,-5,CREATE
324,3.62154806573,2.44835941617e-16,56.0015256352,-0.000472389998554,0.826210377471,-0.563361508276,127,ABSORB
325,2.6375487975,-8232.78693401,5676.61209841,-0.000472389998554,0.826210377471,-0.563361508276,-5,CREATE
325,-2.0695891348,-1.82904488934e-16,62.9870569875,-0.000472389998554,0.826210377471,-0.563361508276,127,ABSORB
326,6.41023624991,-8253.36539163,5646.42913921,-0.000472389998554,0.826210377471,-0.563361508276,-5,CREATE
326,1.67498643259,28.5892453411,-0.721493337594,-0.000472389998554,0.826210377471,-0.563361508276,20,ABSORB
327,-0.214498322933,-8235.67513859,5672.37872911,-0.000472389998554,0.826210377471,-0.563361508276,-5,CREATE
327,-4.92328760094,1.96902963996e-16,56.7843305656,-0.000472389998554,0.826210377471,-0.563361508276,127,ABSORB
328,30.6164284674,-8258.25929384,5639.23158047,-0.000472389998554,0.826210377471,-0.563361508276,-5,CREATE
328,25.887162219,13.2300777557,-0.783184688783,-0.377652918477,0.229322429945,0.897100605445,70,REFLECT
328,25.887162219,13.2300777557,-0.783184688783,-0.377652918477,0.229322429945,0.897100605445,-5,EXIT
329,7.83645713059,-8251.76083353,5648.78114375,-0.000472389998554,0.826210377471,-0.563361508276,-5,CREATE
329,3.10055023505,31.3430336316,0.846894730384,-0.0896227227715,-0.0497119144735,0.994734383201,11,REFLECT
329,3.10055023505,31.3430336316,0.846894730384,-0.0896227227715,-0.0497119144735,0.994734383201,-5,EXIT
330,1.21172255775,-8234.07058049,5674.73073364,-0.000472389998554,0.826210377471,-0.563361508276,-5,CREATE
330,-3.49614930597,-1.41093017826e-17,60.2304223845,-0.000472389998554,0.826210377471,-0.563361508276,127,ABSORB
331,21.7190242223,-8254.88972183,5644.18076206,-0.000472389998554,0.826210377471,-0.563361508276,-5,CREATE
331,16.9856076206,23.8586201181,-0.783619562684,-0.271803002991,0.0633011213698,0.960268762169,46,REFLECT
331,16.9856076206,23.8586201181,-0.783619562684,-0.271803002991,0.0633011213698,0.960268762169,-5,EXIT
332,6.55102344884,-8235.39434092,5672.78486616,-0.000472389998554,0.826210377471,-0.563361508276,-5,CREATE
332,1.84239471833,1.6031037516e-16,57.3819328925,-0.000472389998554,0.826210377471,-0.563361508276,127,ABSORB
333,3.70652383637,-8232.14511077,5677.55248223,-0.000472389998554,0.826210377471,-0.563361508276,-5,CREATE
333,-1.00024713022,-2.67283800669e-16,64.365075724,-0.000472389998554,0.826210377471,-0.563361508276,127,ABSORB
334,1.78266455588,-8252.36254282,5647.90376981,-0.000472389998554,0.826210377471,-0.563361508276,-5,CREATE
334,-2.95308679203,30.4692714495,0.155023337109,-0.0199569586598,-0.0325313598466,0.999271449821,12,REFLECT
334,-2.95308679203,30.4692714495,0.155023337109,-0.0199569586598,-0.0325313598466,0.999271449821,-5,EXIT
335,7.97882289328,-8232.50613635,5677.01942973,-0.000472389998554,0.826210377471,-0.563361508276,-5,CREATE
335,3.27184550848,-2.1957020513e-16,63.5858535748,-0.000472389998554,0.826210377471,-0.563361508276,127,ABSORB
336,-22.4357615307,-8257.41690083,5640.51149604,-0.000472389998554,0.826210377471,-0.563361508276,-5,CREATE
336,-27.1653744398,14.6787803741,0.0833113551331,0.290316269016,0.200819220306,0.935621774384,113,REFLECT
336,-27.1653744398,14.6787803741,0.0833113551331,0.290316269016,0.200819220306,0.935621774384,-5,EXIT
337,28.838486718,-8256.33382412,5642.05691185,-0.000472389998554,0.826210377471,-0.563361508276,-5,CREATE
337,24.1079403078,17.3945512403,0.515454971479,-0.000472389998554,0.826210377471,-0.563361508276,57,ABSORB
338,-8.19002898309,-8254.76937997,5644.38233144,-0.000472389998554,0.826210377471,-0.563361508276,-5,CREATE
338,-12.9237594931,24.5279877156,-0.956410005217,0.125019607825,0.0490916538341,0.990939002756,100,REFLECT
338,-12.9237594931,24.5279877156,-0.956410005217,0.125019607825,0.0490916538341,0.990939002756,-5,EXIT
339,4.41391198309,-8235.99605021,5671.904208,-0.000472389998554,0.826210377471,-0.563361508276,-5,CREATE
339,-0.295060777766,2.39357706547e-16,56.0909920034,-0.000472389998554,0.826210377471,-0.563361508276,127,ABSORB
340,19.5859084961,-8252.24220096,5648.06533146,-0.000472389998554,0.826210377471,-0.563361508276,-5,CREATE
340,14.8511268025,28.8936872868,1.4729725973,-0.254506320064,-0.00204102393846,0.967068956832,28,REFLECT
340,14.8511268025,28.8936872868,1.4729725973,-0.254506320064,-0.00204102393846,0.967068956832,-5,EXIT
341,-20.3005739396,-8258.37963569,5639.09778537,-0.000472389998554,0.826210377471,-0.563361508276,-5,CREATE
341,-25.0298790059,13.1776284289,-0.963273128419,0.261086470403,0.218742395226,0.940205094383,124,REFLECT
341,-25.0298790059,13.1776284289,-0.963273128419,0.261086470403,0.218742395226,0.940205094383,-5,EXIT
342,33.8221696612,-8257.29655898,5640.64081266,-0.000472389998554,0.826210377471,-0.563361508276,-5,CREATE
342,29.0928128587,14.3511916886,0.518054819362,-0.000472389998554,0.826210377471,-0.563361508276,61,ABSORB
343,-11.749760231,-8254.04732883,5645.44425655,-0.000472389998554,0.826210377471,-0.563361508276,-5,CREATE
343,-16.4836548977,25.5371490833,-0.0902544654248,0.155507848256,0.0307512738348,0.98735589748,88,REFLECT
343,-16.4836548977,25.5371490833,-0.0902544654248,0.155507848256,0.0307512738348,0.98735589748,-5,EXIT
344,22.433515906,-8252.96425211,5647.00400348,-0.000472389998554,0.826210377471,-0.563361508276,-5,CREATE
344,17.6992743075,27.2270094723,1.05574970529,-0.000472389998554,0.826210377471,-0.563361508276,31,ABSORB
345,7.26551513247,-8233.4688712,5675.60810758,-0.000472389998554,0.826210377471,-0.563361508276,-5,CREATE
345,2.5579872991,-9.29555329269e-17,61.5180790574,-0.000472389998554,0.826210377471,-0.563361508276,127,ABSORB
346,-17.4520128141,-8258.32615042,5639.17383681,-0.000472389998554,0.826210377471,-0.563361508276,-5,CREATE
346,-22.1816104413,13.7428027447,-1.23612303541,0.241605581975,0.205830193293,0.94829355913,126,REFLECT
346,-22.1816104413,13.7428027447,-1.23612303541,0.241605581975,0.205830193293,0.94829355913,-5,EXIT
347,3.91969380476,-8251.82769012,5648.68637801,-0.000472389998554,0.826210377471,-0.563361508276,-5,CREATE
347,-0.816256946539,31.3528807872,0.699827624833,-0.0484547661566,-0.0547640690539,0.997322932844,8,REFLECT
347,-0.816256946539,31.3528807872,0.699827624833,-0.0484547661566,-0.0547640690539,0.997322932844,-5,EXIT
348,0.143010612842,-8234.49846265,5674.10410966,-0.000472389998554,0.826210377471,-0.563361508276,-5,CREATE
348,-4.56510589469,4.21252908675e-17,59.312041792,-0.000472389998554,0.826210377471,-0.563361508276,127,ABSORB
349,-13.1721662492,-8252.54974127,5647.64176968,-0.000472389998554,0.826210377471,-0.563361508276,-5,CREATE
349,-17.9066859489,28.1279194581,1.36185878297,0.177580861504,-0.00597580040994,0.984088068943,77,REFLECT
349,-17.9066859489,28.1279194581,1.36185878297,0.177580861504,-0.00597580040994,0.984088068943,-5,EXIT
350,5.84310911419,-8231.97128365,5677.80562071,-0.000472389998554,0.826210377471,-0.563361508276,-5,CREATE
350,1.13643753415,-2.90041693885e-16,64.7367403252,-0.000472389998554,0.826210377471,-0.563361508276,127,ABSORB
351,-24.5714753098,-8256.88204813,5641.29768703,-0.000472389998554,0.826210377471,-0.563361508276,-5,CREATE
351,-29.3011762105,15.3675303991,0.764565596099,0.309682753876,0.194908846677,0.93064877018,107,REFLECT
351,-29.3011762105,15.3675303991,0.764565596099,0.309682753876,0.194908846677,0.93064877018,-5,EXIT
352,18.1599507094,-8253.63281798,5646.02708677,-0.000472389998554,0.826210377471,-0.563361508276,-5,CREATE
352,13.4256923771,26.5877111191,0.0588765776336,-0.237524707921,0.0330515794028,0.970819038867,38,REFLECT
352,13.4256923771,26.5877111191,0.0588765776336,-0.237524707921,0.0330515794028,0.970819038867,-5,EXIT
353,29.5477165225,-8258.687176,5638.60495649,-0.000472389998554,0.826210377471,-0.563361508276,-5,CREATE
353,24.818541692,12.6423056127,-1.3007857583,-0.365761695297,0.231005109621,0.9015847279,74,REFLECT
353,24.818541692,12.6423056127,-1.3007857583,-0.365761695297,0.231005109621,0.9015847279,-5,EXIT
354,8.68805269772,-8234.85948822,5673.56747437,-0.000472389998554,0.826210377471,-0.563361508276,-5,CREATE
354,3.97972977198,9.00582684881e-17,58.5292368616,-0.000472389998554,0.826210377471,-0.563361508276,127,ABSORB
355,-10.3245588394,-8253.27179241,5646.5804417,-0.000472389998554,0.826210377471,-0.563361508276,-5,CREATE
355,-15.0588752296,27.0502800625,0.542992942411,0.146654453222,0.0117126786981,0.989118438059,84,REFLECT
355,-15.0588752296,27.0502800625,0.542992942411,0.146654453222,0.0117126786981,0.989118438059,-5,EXIT
356,2.8122910825,-8235.46119751,5672.68995114,-0.000472389998554,0.826210377471,-0.563361508276,-5,CREATE
356,-1.89637587359,1.68913640553e-16,57.2414309061,-0.000472389998554,0.826210377471,-0.563361508276,127,ABSORB
357,-19.0536994882,-8257.84478299,5639.88113999,-0.000472389998554,0.826210377471,-0.563361508276,-5,CREATE
357,-23.7834062421,14.4150329942,-0.658961969962,0.256582960621,0.200960294951,0.945399462752,120,REFLECT
357,-23.7834062421,14.4150329942,-0.658961969962,0.256582960621,0.200960294951,0.945399462752,-5,EXIT
358,32.2205487606,-8256.76170628,5641.4265558,-0.000472389998554,0.826210377471,-0.563361508276,-5,CREATE
358,27.4906865222,15.7700520382,0.701026684182,-0.393586074446,0.200056831099,0.897255407525,60,REFLECT
358,27.4906865222,15.7700520382,0.701026684182,-0.393586074446,0.200056831099,0.897255407525,-5,EXIT
359,-13.3513811315,-8253.51247613,5646.22999969,-0.000472389998554,0.826210377471,-0.563361508276,-5,CREATE
359,-18.0854560504,26.3872628287,0.48052412943,-0.000472389998554,0.826210377471,-0.563361508276,82,ABSORB
360,5.66034246343,-8235.82222308,5672.1580929,-0.000472389998554,0.826210377471,-0.563361508276,-5,CREATE
360,0.951469089114,2.1655410873e-16,56.4634030174,-0.000472389998554,0.826210377471,-0.563361508276,127,ABSORB
361,4.24009052695,-8232.57299293,5676.92451471,-0.000472389998554,0.826210377471,-0.563361508276,-5,CREATE
361,-0.46692508345,-2.10966939738e-16,63.4453515885,-0.000472389998554,0.826210377471,-0.563361508276,127,ABSORB
362,8.01277797935,-8253.15145055,5646.74155551,-0.000472389998554,0.826210377471,-0.563361508276,-5,CREATE
362,3.27746572276,28.9123927453,-0.483540690692,-0.0807500114534,-0.00370912725825,0.996727484333,21,REFLECT
362,3.27746572276,28.9123927453,-0.483540690692,-0.0807500114534,-0.00370912725825,0.996727484333,-5,EXIT
363,-23.327626439,-8258.80751785,5638.4728035,-0.000472389998554,0.826210377471,-0.563361508276,-5,CREATE
363,-28.0564070886,11.8325411677,-0.962847644796,0.29082406672,0.235518357541,0.927336220299,122,REFLECT
363,-28.0564070886,11.8325411677,-0.962847644796,0.29082406672,0.235518357541,0.927336220299,-5,EXIT
364,27.9466218098,-8257.72444114,5640.01821931,-0.000472389998554,0.826210377471,-0.563361508276,-5,CREATE
364,23.2167056242,14.9016709523,-0.771646067768,-0.350239365713,0.203559312246,0.914273478289,67,REFLECT
364,23.2167056242,14.9016709523,-0.771646067768,-0.350239365713,0.203559312246,0.914273478289,-5,EXIT
365,5.16665047301,-8251.22598083,5649.56778258,-0.000472389998554,0.826210377471,-0.563361508276,-5,CREATE
365,0.430467227224,32.3612230687,1.30396458356,-0.0574626033309,-0.0648492188518,0.996239242367,4,REFLECT
365,0.430467227224,32.3612230687,1.30396458356,-0.0574626033309,-0.0648492188518,0.996239242367,-5,EXIT
366,-6.94433845452,-8255.19726213,5643.75376678,-0.000472389998554,0.826210377471,-0.563361508276,-5,CREATE
366,-11.6779214734,23.8421434695,-1.40908010183,0.111146714787,0.0524533980638,0.992418787017,101,REFLECT
366,-11.6779214734,23.8421434695,-1.40908010183,0.111146714787,0.0524533980638,0.992418787017,-5,EXIT
367,3.52678276613,-8233.53572779,5675.51319256,-0.000472389998554,0.826210377471,-0.563361508276,-5,CREATE
367,-1.18078329283,-8.43522675346e-17,61.3775770711,-0.000472389998554,0.826210377471,-0.563361508276,127,ABSORB
368,30.0849665285,-8256.11988304,5642.36962671,-0.000472389998554,0.826210377471,-0.563361508276,-5,CREATE
368,25.3544695392,17.5220549942,0.88710816545,-0.000472389998554,0.826210377471,-0.563361508276,53,ABSORB
369,9.22530270373,-8232.29219527,5677.33214459,-0.000472389998554,0.826210377471,-0.563361508276,-5,CREATE
369,4.51844764083,-2.47650937775e-16,64.0444467408,-0.000472389998554,0.826210377471,-0.563361508276,127,ABSORB
370,-21.1892817203,-8257.20295975,5640.8242109,-0.000472389998554,0.826210377471,-0.563361508276,-5,CREATE
370,-25.9191289855,15.3026104887,0.116538435471,0.278384278987,0.192725943701,0.940935122013,114,REFLECT
370,-25.9191289855,15.3026104887,0.116538435471,0.278384278987,0.192725943701,0.940935122013,-5,EXIT
371,7.79750325929,-8235.18039984,5673.09758102,-0.000472389998554,0.826210377471,-0.563361508276,-5,CREATE
371,3.08899685069,1.32229642516e-16,57.8405260585,-0.000472389998554,0.826210377471,-0.563361508276,127,ABSORB
372,2.10450829484,-8231.93116969,5677.86758562,-0.000472389998554,0.826210377471,-0.563361508276,-5,CREATE
372,-2.60214034984,-2.95510788035e-16,64.8260574109,-0.000472389998554,0.826210377471,-0.563361508276,127,ABSORB
373,3.02914436633,-8252.14860174,5648.21648467,-0.000472389998554,0.826210377471,-0.563361508276,-5,CREATE
373,-1.70668417261,30.8182196713,0.375681950544,-0.0411727179324,-0.0507896865211,0.997860318402,8,REFLECT
373,-1.70668417261,30.8182196713,0.375681950544,-0.0411727179324,-0.0507896865211,0.997860318402,-5,EXIT
374,20.1193765264,-8252.75031103,5647.31970399,-0.000472389998554,0.826210377471,-0.563361508276,-5,CREATE
374,15.3848607061,27.920564762,1.04441948524,-0.261321447031,0.0103326428526,0.965196528078,29,REFLECT
374,15.3848607061,27.920564762,1.04441948524,-0.261321447031,0.0103326428526,0.965196528078,-5,EXIT
375,4.95137575294,-8233.25493013,5675.92380809,-0.000472389998554,0.826210377471,-0.563361508276,-5,CREATE
375,0.24397024148,-1.21219083973e-16,61.9796578745,-0.000472389998554,0.826210377471,-0.563361508276,127,ABSORB
376,-10.0600117927,-8255.30423267,5643.59949931,-0.000472389998554,0.826210377471,-0.563361508276,-5,CREATE
376,-14.7934135838,23.4182053581,-1.34721941603,0.134170277583,0.058515217809,0.989229147315,99,REFLECT
376,-14.7934135838,23.4182053581,-1.34721941603,0.134170277583,0.058515217809,0.989229147315,-5,EXIT
377,2.54748094191,-8233.64269833,5675.3571337,-0.000472389998554,0.826210377471,-0.563361508276,-5,CREATE
377,-2.160146278,-7.03301830525e-17,61.1485790532,-0.000472389998554,0.826210377471,-0.563361508276,127,ABSORB
378,29.1060593452,-8255.90594196,5642.6842076,-0.000472389998554,0.826210377471,-0.563361508276,-5,CREATE
378,24.3753152856,18.1681222273,0.907038630311,-0.367541096877,0.164912893851,0.915268965686,52,REFLECT
378,24.3753152856,18.1681222273,0.907038630311,-0.367541096877,0.164912893851,0.915268965686,-5,EXIT
379,31.9510029287,-8258.79414654,5638.44606126,-0.000472389998554,0.826210377471,-0.563361508276,-5,CREATE
379,27.2222002081,11.8845146683,-1.01591125186,-0.387012449773,0.246271647432,0.888578437389,76,REFLECT
379,27.2222002081,11.8845146683,-1.01591125186,-0.387012449773,0.246271647432,0.888578437389,-5,EXIT
380,20.5623491735,-8254.46183967,5644.80925208,-0.000472389998554,0.826210377471,-0.563361508276,-5,CREATE
380,15.8286464191,24.7869834585,-0.496388676065,-0.259253110987,0.0528065411004,0.964364709879,45,REFLECT
380,15.8286464191,24.7869834585,-0.496388676065,-0.259253110987,0.0528065411004,0.964364709879,-5,EXIT
381,5.39434840002,-8234.96645876,5673.41335617,-0.000472389998554,0.826210377471,-0.563361508276,-5,CREATE
381,0.685964313319,1.03961521009e-16,58.3021795169,-0.000472389998554,0.826210377471,-0.563361508276,127,ABSORB
382,2.05023718304,-8251.93466066,5648.53106556,-0.000472389998554,0.826210377471,-0.563361508276,-5,CREATE
382,-2.6857003794,31.2228429271,0.560243902568,-0.0319067207703,-0.0525131151448,0.998110381625,7,REFLECT
382,-2.6857003794,31.2228429271,0.560243902568,-0.0319067207703,-0.0525131151448,0.998110381625,-5,EXIT
383,21.9885700542,-8252.85728157,5647.16125661,-0.000472389998554,0.826210377471,-0.563361508276,-5,CREATE
383,17.2542532461,27.4655217942,1.12330948097,-0.275685992231,0.0126785742308,0.961164131376,30,REFLECT
383,17.2542532461,27.4655217942,1.12330948097,-0.275685992231,0.0126785742308,0.961164131376,-5,EXIT
384,6.8205692807,-8233.36190066,5675.76536071,-0.000472389998554,0.826210377471,-0.563361508276,-5,CREATE
384,2.11310260828,-1.0705074477e-16,61.7482713358,-0.000472389998554,0.826210377471,-0.563361508276,127,ABSORB
385,-23.5940151433,-8258.27266515,5639.25742702,-0.000472389998554,0.826210377471,-0.563361508276,-5,CREATE
385,-28.3230593693,12.8283890344,-0.492559236981,-0.000472389998554,0.826210377471,-0.563361508276,117,ABSORB
386,16.2889155239,-8255.023435,5643.98921528,-0.000472389998554,0.826210377471,-0.563361508276,-5,CREATE
386,11.5551364175,24.3589276725,-1.40748102341,-0.214928774494,0.0589573844018,0.974848526038,47,REFLECT
386,11.5551364175,24.3589276725,-1.40748102341,-0.214928774494,0.0589573844018,0.974848526038,-5,EXIT
387,27.6802331055,-8257.18958844,5640.80284283,-0.000472389998554,0.826210377471,-0.563361508276,-5,CREATE
387,22.9499958005,15.9981615231,-0.369982101297,-0.347427239237,0.19708543304,0.916761498711,67,REFLECT
387,22.9499958005,15.9981615231,-0.369982101297,-0.347427239237,0.19708543304,0.916761498711,-5,EXIT
388,0.945991588302,-8233.00087509,5676.29975676,-0.000472389998554,0.826210377471,-0.563361508276,-5,CREATE
388,-3.7612686659,-1.54846608589e-16,62.5288370279,-0.000472389998554,0.826210377471,-0.563361508276,127,ABSORB
389,-6.67663428037,-8254.66240943,5644.53794246,-0.000472389998554,0.826210377471,-0.563361508276,-5,CREATE
389,-11.4104763118,24.8300092796,-0.933796880162,0.104227987594,0.043936715437,0.993582453367,101,REFLECT
389,-11.4104763118,24.8300092796,-0.933796880162,0.104227987594,0.043936715437,0.993582453367,-5,EXIT
390,3.79093517183,-8235.88907967,5672.06161041,-0.000472389998554,0.826210377471,-0.563361508276,-5,CREATE
390,-0.917976428079,2.25253353784e-16,56.3213335643,-0.000472389998554,0.826210377471,-0.563361508276,127,ABSORB
391,1.87062765979,-8253.21830714,5646.64865581,-0.000472389998554,0.826210377471,-0.563361508276,-5,CREATE
391,-2.86476574346,28.9874617034,-0.673214036807,-0.030389550949,-0.0355864712091,0.998904439003,17,REFLECT
391,-2.86476574346,28.9874617034,-0.673214036807,-0.030389550949,-0.0355864712091,0.998904439003,-5,EXIT
392,-9.52276178672,-8252.73693971,5647.36416953,-0.000472389998554,0.826210377471,-0.563361508276,-5,CREATE
392,-14.2573592774,28.0767775719,0.991486826415,0.137402668704,-0.00593402660899,0.99049749821,80,REFLECT
392,-14.2573592774,28.0767775719,0.991486826415,0.137402668704,-0.00593402660899,0.99049749821,-5,EXIT
393,-10.949673289,-8254.90309315,5644.18854542,-0.000472389998554,0.826210377471,-0.563361508276,-5,CREATE
393,-15.6832275428,24.086002153,-0.939996780306,0.149389719072,0.0567383755845,0.987149162271,98,REFLECT
393,-15.6832275428,24.086002153,-0.939996780306,0.149389719072,0.0567383755845,0.987149162271,-5,EXIT
394,8.06560207437,-8234.32463552,5674.35239645,-0.000472389998554,0.826210377471,-0.563361508276,-5,CREATE
394,3.35758495339,1.96644775546e-17,59.6788547103,-0.000472389998554,0.826210377471,-0.563361508276,127,ABSORB
395,3.29724318141,-8251.29283742,5649.4713001,-0.000472389998554,0.826210377471,-0.563361508276,-5,CREATE
395,-1.43894422268,32.3016393569,1.20252300274,-0.0471121300533,-0.0670742798703,0.996635082757,3,REFLECT
395,-1.43894422268,32.3016393569,1.20252300274,-0.0471121300533,-0.0670742798703,0.996635082757,-5,EXIT
396,-25.1939259332,-8256.34719543,5642.08260911,-0.000472389998554,0.826210377471,-0.563361508276,-5,CREATE
396,-29.9238527049,16.2974318207,1.28011894785,0.309700964623,0.178084457918,0.934008157544,102,REFLECT
396,-29.9238527049,16.2974318207,1.28011894785,0.309700964623,0.178084457918,0.934008157544,-5,EXIT
397,19.6738716,-8253.09796528,5646.81021746,-0.000472389998554,0.826210377471,-0.563361508276,-5,CREATE
397,14.9394823382,27.3515596111,0.685863730995,-0.255675400037,0.0167146721434,0.966618181885,34,REFLECT
397,14.9394823382,27.3515596111,0.685863730995,-0.255675400037,0.0167146721434,0.966618181885,-5,EXIT
398,-8.81182187154,-8253.69967457,5645.95165312,-0.000472389998554,0.826210377471,-0.563361508276,-5,CREATE
398,-13.5460018085,26.3837409776,0.0769354649688,0.123747341946,0.0218351129014,0.992073496877,90,REFLECT
398,-13.5460018085,26.3837409776,0.0769354649688,0.123747341946,0.0218351129014,0.992073496877,-5,EXIT
399,1.65574758066,-8234.92634481,5673.47532108,-0.000472389998554,0.826210377471,-0.563361508276,-5,CREATE
399,-3.05261357068,9.84924268588e-17,58.3914966025,-0.000472389998554,0.826210377471,-0.563361508276,127,ABSORB
400,-18.785995314,-8257.30993029,5640.66531567,-0.000472389998554,0.826210377471,-0.563361508276,-5,CREATE
400,-23.5160171383,15.5009439236,-0.250531995045,0.255017466362,0.181117792482,0.949822318698,116,REFLECT
400,-23.5160171383,15.5009439236,-0.250531995045,0.255017466362,0.181117792482,0.949822318698,-5,EXIT
401,32.4882529347,-8256.22685358,5642.21073147,-0.000472389998554,0.826210377471,-0.563361508276,-5,CREATE
401,27.7581388116,16.745451323,1.1848103565,-0.397491312288,0.176325932187,0.900505314973,54,REFLECT
401,27.7581388116,16.745451323,1.1848103565,-0.397491312288,0.176325932187,0.900505314973,-5,EXIT
402,-13.0836769574,-8252.97762343,5647.01417536,-0.000472389998554,0.826210377471,-0.563361508276,-5,CREATE
402,-17.8180132885,27.3793256565,0.952945563993,0.169404460698,0.00112983013481,0.985545966548,77,REFLECT
402,-17.8180132885,27.3793256565,0.952945563993,0.169404460698,0.00112983013481,0.985545966548,-5,EXIT
403,3.08183691437,-8233.42875725,5675.67044569,-0.000472389998554,0.826210377471,-0.563361508276,-5,CREATE
403,-1.62566798364,-9.84474793775e-17,61.6077693494,-0.000472389998554,0.826210377471,-0.563361508276,127,ABSORB
404,6.85452436677,-8254.00721487,5645.48748649,-0.000472389998554,0.826210377471,-0.563361508276,-5,CREATE
404,2.11954898353,27.4674367479,-1.33586225977,-0.0850320812516,0.00785021192906,0.996347288515,26,REFLECT
404,2.11954898353,27.4674367479,-1.33586225977,-0.0850320812516,0.00785021192906,0.996347288515,-5,EXIT
405,-21.6326490083,-8255.81234273,5642.86402306,-0.000472389998554,0.826210377471,-0.563361508276,-5,CREATE
405,-26.3632090681,17.9399057489,1.30628800369,0.286019075626,0.148973204485,0.94657280371,105,REFLECT
405,-26.3632090681,17.9399057489,1.30628800369,0.286019075626,0.148973204485,0.94657280371,-5,EXIT
406,-21.9922626957,-8258.70054731,5638.6285638,-0.000472389998554,0.826210377471,-0.563361508276,-5,CREATE
406,-26.7212286652,12.2636362154,-1.02809554838,0.274678918403,0.228950304001,0.933880747249,123,REFLECT
406,-26.7212286652,12.2636362154,-1.02809554838,0.274678918403,0.228950304001,0.933880747249,-5,EXIT
407,29.281985553,-8257.6174706,5640.17397961,-0.000472389998554,0.826210377471,-0.563361508276,-5,CREATE
407,24.5521910224,14.7958668297,-0.470802798238,-0.362097003005,0.207947065992,0.908649425334,68,REFLECT
407,24.5521910224,14.7958668297,-0.470802798238,-0.362097003005,0.207947065992,0.908649425334,-5,EXIT
408,6.50201421623,-8251.1190103,5649.72354288,-0.000472389998554,0.826210377471,-0.563361508276,-5,CREATE
408,1.7658122662,32.5009073471,1.43741862682,-0.0766443204456,-0.0713330580796,0.994503515815,5,REFLECT
408,1.7658122662,32.5009073471,1.43741862682,-0.0766443204456,-0.0713330580796,0.994503515815,-5,EXIT
409,4.14883874854,-8234.39149211,5674.25763072,-0.000472389998554,0.826210377471,-0.563361508276,-5,CREATE
409,-0.559216598038,2.82586020268e-17,59.5385020065,-0.000472389998554,0.826210377471,-0.563361508276,127,ABSORB
410,30.7086010747,-8255.69200088,5642.9966239,-0.000472389998554,0.826210377471,-0.563361508276,-5,CREATE
410,25.9779644834,18.1941011708,1.34761917536,-0.387915325636,0.171506224525,0.905597766719,53,REFLECT
410,25.9779644834,18.1941011708,1.34761917536,-0.387915325636,0.171506224525,0.905597766719,-5,EXIT
411,-20.5656471741,-8256.77507759,5641.45120809,-0.000472389998554,0.826210377471,-0.563361508276,-5,CREATE
411,-25.295794182,16.2547427126,0.386069396708,0.280515153003,0.173369209195,0.944062691901,110,REFLECT
411,-25.295794182,16.2547427126,0.386069396708,0.280515153003,0.173369209195,0.944062691901,-5,EXIT
412,-12.018385234,-8255.33097531,5643.56192144,-0.000472389998554,0.826210377471,-0.563361508276,-5,CREATE
412,-16.7516970373,23.234074135,-1.27747998121,0.163631121628,0.066344708503,0.984288187315,97,REFLECT
412,-16.7516970373,23.234074135,-1.27747998121,0.163631121628,0.066344708503,0.984288187315,-5,EXIT
413,22.164890903,-8254.24789859,5645.12166837,-0.000472389998554,0.826210377471,-0.563361508276,-5,CREATE
413,17.4312237308,24.9386910326,-0.141537713791,-0.281639664046,0.0522381637841,0.958097215256,41,REFLECT
413,17.4312237308,24.9386910326,-0.141537713791,-0.281639664046,0.0522381637841,0.958097215256,-5,EXIT
414,6.99689012946,-8234.75251768,5673.72577247,-0.000472389998554,0.826210377471,-0.563361508276,-5,CREATE
414,2.28862836467,7.58990702045e-17,58.7604741178,-0.000472389998554,0.826210377471,-0.563361508276,127,ABSORB
415,4.36371882767,-8252.68345444,5647.43096545,-0.000472389998554,0.826210377471,-0.563361508276,-5,CREATE
415,-0.371853246484,29.8348099221,-0.103983233007,-0.0582091213246,-0.0313030316298,0.997813518853,14,REFLECT
415,-0.371853246484,29.8348099221,-0.103983233007,-0.0582091213246,-0.0313030316298,0.997813518853,-5,EXIT
416,27.1450220776,-8258.09883803,5639.46981136,-0.000472389998554,0.826210377471,-0.563361508276,-5,CREATE
416,22.4152040593,14.3555794396,-1.20298196546,-0.335733602404,0.212327517553,0.917714538136,72,REFLECT
416,22.4152040593,14.3555794396,-1.20298196546,-0.335733602404,0.212327517553,0.917714538136,-5,EXIT
417,0.58703563575,-8235.35422697,5672.8486971,-0.000472389998554,0.826210377471,-0.563361508276,-5,CREATE
417,-4.1215701594,1.54727019509e-16,57.47311601,-0.000472389998554,0.826210377471,-0.563361508276,127,ABSORB
418,6.2871341371,-8232.82704797,5676.55020815,-0.000472389998554,0.826210377471,-0.563361508276,-5,CREATE
418,1.57997326945,-1.77439965243e-16,62.8978145432,-0.000472389998554,0.826210377471,-0.563361508276,127,ABSORB
419,-24.1274502869,-8257.73781245,5640.04227446,-0.000472389998554,0.826210377471,-0.563361508276,-5,CREATE
419,-28.8567244449,13.7653928615,0.0180766125868,-0.000472389998554,0.826210377471,-0.563361508276,112,ABSORB
420,18.6039757323,-8254.4885823,5644.7716742,-0.000472389998554,0.826210377471,-0.563361508276,-5,CREATE
420,13.8701314037,25.007853989,-0.702804570452,-0.238077204836,0.0560876581377,0.969625401453,43,REFLECT
420,13.8701314037,25.007853989,-0.702804570452,-0.238077204836,0.0560876581377,0.969625401453,-5,EXIT
421,29.9952933138,-8256.65473574,5641.58530175,-0.000472389998554,0.826210377471,-0.563361508276,-5,CREATE
421,25.2650746564,16.50039983,0.434715339727,-0.378664301027,0.186220667743,0.9066064251,58,REFLECT
421,25.2650746564,16.50039983,0.434715339727,-0.378664301027,0.186220667743,0.9066064251,-5,EXIT
422,9.13207772063,-8235.71525254,5672.3120618,-0.000472389998554,0.826210377471,-0.563361508276,-5,CREATE
422,4.42326550727,2.02659997129e-16,56.6903110796,-0.000472389998554,0.826210377471,-0.563361508276,127,ABSORB
423,-9.88053381645,-8254.12755673,5645.32502914,-0.000472389998554,0.826210377471,-0.563361508276,-5,CREATE
423,-14.6144739212,25.5363921588,-0.263670118105,0.141525569164,0.0296130952027,0.989491575439,89,REFLECT
423,-14.6144739212,25.5363921588,-0.263670118105,0.141525569164,0.0296130952027,0.989491575439,-5,EXIT
424,-22.7012294062,-8256.13325435,5642.394279,-0.000472389998554,0.826210377471,-0.563361508276,-5,CREATE
424,-27.4315152249,17.1393462021,1.1635976633,0.296223660284,0.16970670326,0.939920836005,104,REFLECT
424,-27.4315152249,17.1393462021,1.1635976633,0.296223660284,0.16970670326,0.939920836005,-5,EXIT
425,17.181701261,-8252.8840242,5647.12606726,-0.000472389998554,0.826210377471,-0.563361508276,-5,CREATE
425,12.4470207938,28.0748191381,0.65442860113,-0.234218781949,0.0110334625863,0.972121301529,32,REFLECT
425,12.4470207938,28.0748191381,0.65442860113,-0.234218781949,0.0110334625863,0.972121301529,-5,EXIT
426,2.93789258792,-8253.96710092,5645.54960068,-0.000472389998554,0.826210377471,-0.563361508276,-5,CREATE
426,-1.79716022406,27.6429736096,-1.36608781732,-0.034325392422,-0.00433150529734,0.999401323542,23,REFLECT
426,-1.79716022406,27.6429736096,-1.36608781732,-0.034325392422,-0.00433150529734,0.999401323542,-5,EXIT
427,-8.45431293576,-8252.52299863,5647.67703367,-0.000472389998554,0.826210377471,-0.563361508276,-5,CREATE
427,-13.1890556263,28.5446733131,1.13118892205,0.122571637931,-0.0166474025493,0.992320037872,81,REFLECT
427,-13.1890556263,28.5446733131,1.13118892205,0.122571637931,-0.0166474025493,0.992320037872,-5,EXIT
428,31.4179624261,-8257.93838222,5639.70154846,-0.000472389998554,0.826210377471,-0.563361508276,-5,CREATE
428,26.6886276079,13.6709179599,-0.394991453292,-0.375602100399,0.224431063597,0.899196174296,70,REFLECT
428,26.6886276079,13.6709179599,-0.394991453292,-0.375602100399,0.224431063597,0.899196174296,-5,EXIT
429,20.0293086708,-8253.60607535,5646.06473928,-0.000472389998554,0.826210377471,-0.563361508276,-5,CREATE
429,15.2951836906,26.3812209036,0.255561722071,-0.250449294819,0.0388862798827,0.967348441856,39,REFLECT
429,15.2951836906,26.3812209036,0.255561722071,-0.250449294819,0.0388862798827,0.967348441856,-5,EXIT
430,4.86130789736,-8234.11069444,5674.66884338,-0.000472389998554,0.826210377471,-0.563361508276,-5,CREATE
430,0.153413098277,-8.64477809228e-18,60.1411799402,-0.000472389998554,0.826210377471,-0.563361508276,127,ABSORB
431,-11.3921197482,-8252.76368235,5647.32651702,-0.000472389998554,0.826210377471,-0.563361508276,-5,CREATE
431,-16.1266240521,27.8870513089,1.06496666541,0.155157034502,0.000293877422139,0.98788977537,78,REFLECT
431,-16.1266240521,27.8870513089,1.06496666541,0.155157034502,0.000293877422139,0.98788977537,-5,EXIT
432,7.62315561522,-8232.18522473,5677.49036805,-0.000472389998554,0.826210377471,-0.563361508276,-5,CREATE
432,2.91636171328,-2.61805565598e-16,64.2756093558,-0.000472389998554,0.826210377471,-0.563361508276,127,ABSORB
433,-22.7914288088,-8257.09598921,5640.98243436,-0.000472389998554,0.826210377471,-0.563361508276,-5,CREATE
433,-27.5211891145,15.2574888143,0.378467808164,-0.000472389998554,0.826210377471,-0.563361508276,108,ABSORB
434,17.0915018584,-8253.84675906,5645.71422262,-0.000472389998554,0.826210377471,-0.563361508276,-5,CREATE
434,12.3572532385,26.3567831109,-0.242404824054,-0.225502801258,0.0287052305828,0.973819539936,37,REFLECT
434,12.3572532385,26.3567831109,-0.242404824054,-0.225502801258,0.0287052305828,0.973819539936,-5,EXIT
435,5.69929633473,-8252.40265677,5647.84165562,-0.000472389998554,0.826210377471,-0.563361508276,-5,CREATE
435,0.963626462837,30.2866558929,0.190075588175,-0.0699213499576,-0.0303761525738,0.997089912784,15,REFLECT
435,0.963626462837,30.2866558929,0.190075588175,-0.0699213499576,-0.0303761525738,0.997089912784,-5,EXIT
436,-7.12026466234,-8253.48573349,5646.26399478,-0.000472389998554,0.826210377471,-0.563361508276,-5,CREATE
436,-11.854611332,26.8892977735,0.19043542738,0.110442810691,0.00800701055366,0.993850226819,91,REFLECT
436,-11.854611332,26.8892977735,0.19043542738,0.110442810691,0.00800701055366,0.993850226819,-5,EXIT
437,3.34730478986,-8234.71240373,5673.78766273,-0.000472389998554,0.826210377471,-0.563361508276,-5,CREATE
437,-1.36093403958,7.04345465144e-17,58.8497165621,-0.000472389998554,0.826210377471,-0.563361508276,127,ABSORB
438,9.04621936839,-8233.14795959,5676.07725451,-0.000472389998554,0.826210377471,-0.563361508276,-5,CREATE
438,4.33887501788,-1.35081202354e-16,62.2060434478,-0.000472389998554,0.826210377471,-0.563361508276,127,ABSORB
439,-21.3683650556,-8258.05872407,5639.56932083,-0.000472389998554,0.826210377471,-0.563361508276,-5,CREATE
439,-26.0977413109,13.6230494787,-0.576635930939,-0.000472389998554,0.826210377471,-0.563361508276,118,ABSORB
440,-10.681179833,-8253.72641721,5645.91400061,-0.000472389998554,0.826210377471,-0.563361508276,-5,CREATE
440,-15.4152675117,26.1956386048,0.149308034864,0.142310430038,0.0281768349317,0.989420945541,89,REFLECT
440,-15.4152675117,26.1956386048,0.149308034864,0.142310430038,0.0281768349317,0.989420945541,-5,EXIT
441,8.33054376195,-8236.03616416,5671.84209382,-0.000472389998554,0.826210377471,-0.563361508276,-5,CREATE
441,3.62154806573,2.44835941617e-16,56.0015256352,-0.000472389998554,0.826210377471,-0.563361508276,127,ABSORB
442,2.6375487975,-8232.78693401,5676.61209841,-0.000472389998554,0.826210377471,-0.563361508276,-5,CREATE
442,-2.0695891348,-1.82904488934e-16,62.9870569875,-0.000472389998554,0.826210377471,-0.563361508276,127,ABSORB
443,6.41023624991,-8253.36539163,5646.42913921,-0.000472389998554,0.826210377471,-0.563361508276,-5,CREATE
443,1.67498643259,28.5892453411,-0.721493337594,-0.0726310177073,-0.0157393871607,0.997234679982,20,REFLECT
443,1.67498643259,28.5892453411,-0.721493337594,-0.0726310177073,-0.0157393871607,0.997234679982,-5,EXIT
444,-0.214498322933,-8235.67513859,5672.37872911,-0.000472389998554,0.826210377471,-0.563361508276,-5,CREATE
444,-4.92328760094,1.96902963996e-16,56.7843305656,-0.000472389998554,0.826210377471,-0.563361508276,127,ABSORB
445,30.6164284674,-8258.25929384,5639.23158047,-0.000472389998554,0.826210377471,-0.563361508276,-5,CREATE
445,25.887162219,13.2300777557,-0.783184688783,-0.377178823568,0.230625883653,0.896965906175,70,REFLECT
445,25.887162219,13.2300777557,-0.783184688783,-0.377178823568,0.230625883653,0.896965906175,-5,EXIT
446,7.83645713059,-8251.76083353,5648.78114375,-0.000472389998554,0.826210377471,-0.563361508276,-5,CREATE
446,3.10055023505,31.3430336316,0.846894730384,-0.0887632586545,-0.0484629024983,0.994873072806,11,REFLECT
446,3.10055023505,31.3430336316,0.846894730384,-0.0887632586545,-0.0484629024983,0.994873072806,-5,EXIT
447,1.21172255775,-8234.07058049,5674.73073364,-0.000472389998554,0.826210377471,-0.563361508276,-5,CREATE
447,-3.49614930597,-1.41093017826e-17,60.2304223845,-0.000472389998554,0.826210377471,-0.563361508276,127,ABSORB
448,21.7190242223,-8254.88972183,5644.18076206,-0.000472389998554,0.826210377471,-0.563361508276,-5,CREATE
448,16.9856076206,23.8586201181,-0.783619562684,-0.272182057621,0.0701520884174,0.959685162957,46,REFLECT
448,16.9856076206,23.8586201181,-0.783619562684,-0.272182057621,0.0701520884174,0.959685162957,-5,EXIT
449,6.55102344884,-8235.39434092,5672.78486616,-0.000472389998554,0.826210377471,-0.563361508276,-5,CREATE
449,1.84239471833,1.6031037516e-16,57.3819328925,-0.000472389998554,0.826210377471,-0.563361508276,127,ABSORB
450,3.70652383637,-8232.14511077,5677.55248223,-0.000472389998554,0.826210377471,-0.563361508276,-5,CREATE
450,-1.00024713022,-2.67283800669e-16,64.365075724,-0.000472389998554,0.826210377471,-0.563361508276,127,ABSORB
451,1.78266455588,-8252.36254282,5647.90376981,-0.000472389998554,0.826210377471,-0.563361508276,-5,CREATE
451,-2.95308679203,30.4692714495,0.155023337109,-0.0278546702246,-0.033839256447,0.999039049322,12,REFLECT
451,-2.95308679203,30.4692714495,0.155023337109,-0.0278546702246,-0.033839256447,0.999039049322,-5,EXIT
452,7.97882289328,-8232.50613635,5677.01942973,-0.000472389998554,0.826210377471,-0.563361508276,-5,CREATE
452,3.27184550848,-2.1957020513e-16,63.5858535748,-0.000472389998554,0.826210377471,-0.563361508276,127,ABSORB
453,-22.4357615307,-8257.41690083,5640.51149604,-0.000472389998554,0.826210377471,-0.563361508276,-5,CREATE
453,-27.1653744398,14.6787803741,0.0833113551331,0.291261312042,0.199075392145,0.935700719434,113,REFLECT
453,-27.1653744398,14.6787803741,0.0833113551331,0.291261312042,0.199075392145,0.935700719434,-5,EXIT
454,28.838486718,-8256.33382412,5642.05691185,-0.000472389998554,0.826210377471,-0.563361508276,-5,CREATE
454,24.1079403078,17.3945512403,0.515454971479,-0.000472389998554,0.826210377471,-0.563361508276,57,ABSORB
455,-8.19002898309,-8254.76937997,5644.38233144,-0.000472389998554,0.826210377471,-0.563361508276,-5,CREATE
455,-12.9237594931,24.5279877156,-0.956410005217,0.119621002433,0.049715417082,0.991574098634,100,REFLECT
455,-12.9237594931,24.5279877156,-0.956410005217,0.119621002433,0.049715417082,0.991574098634,-5,EXIT
456,4.41391198309,-8235.99605021,5671.904208,-0.000472389998554,0.826210377471,-0.563361508276,-5,CREATE
456,-0.295060777766,2.39357706547e-16,56.0909920034,-0.000472389998554,0.826210377471,-0.563361508276,127,ABSORB
457,19.5859084961,-8252.24220096,5648.06533146,-0.000472389998554,0.826210377471,-0.563361508276,-5,CREATE
457,14.8511268025,28.8936872868,1.4729725973,-0.000472389998554,0.826210377471,-0.563361508276,28,ABSORB
458,-20.3005739396,-8258.37963569,5639.09778537,-0.000472389998554,0.826210377471,-0.563361508276,-5,CREATE
458,-25.0298790059,13.1776284289,-0.963273128419,0.263693020402,0.216081141844,0.940093043869,124,REFLECT
458,-25.0298790059,13.1776284289,-0.963273128419,0.263693020402,0.216081141844,0.940093043869,-5,EXIT
459,33.8221696612,-8257.29655898,5640.64081266,-0.000472389998554,0.826210377471,-0.563361508276,-5,CREATE
459,29.0928128587,14.3511916886,0.518054819362,-0.407213791519,0.226762460294,0.884734827278,61,REFLECT
459,29.0928128587,14.3511916886,0.518054819362,-0.407213791519,0.226762460294,0.884734827278,-5,EXIT
460,-11.749760231,-8254.04732883,5645.44425655,-0.000472389998554,0.826210377471,-0.563361508276,-5,CREATE
460,-16.4836548977,25.5371490833,-0.0902544654248,0.132573107879,0.00802730732334,0.99114072331,88,REFLECT
460,-16.4836548977,25.5371490833,-0.0902544654248,0.132573107879,0.00802730732334,0.99114072331,-5,EXIT
461,22.433515906,-8252.96425211,5647.00400348,-0.000472389998554,0.826210377471,-0.563361508276,-5,CREATE
461,17.6992743075,27.2270094723,1.05574970529,-0.289517940512,0.0240357238765,0.95687075726,31,REFLECT
461,17.6992743075,27.2270094723,1.05574970529,-0.289517940512,0.0240357238765,0.95687075726,-5,EXIT
462,7.26551513247,-8233.4688712,5675.60810758,-0.000472389998554,0.826210377471,-0.563361508276,-5,CREATE
462,2.5579872991,-9.29555329269e-17,61.5180790574,-0.000472389998554,0.826210377471,-0.563361508276,127,ABSORB
463,-17.4520128141,-8258.32615042,5639.17383681,-0.000472389998554,0.826210377471,-0.563361508276,-5,CREATE
463,-22.1816104413,13.7428027447,-1.23612303541,0.239088941538,0.202536030883,0.949639739179,126,REFLECT
463,-22.1816104413,13.7428027447,-1.23612303541,0.239088941538,0.202536030883,0.949639739179,-5,EXIT
464,3.91969380476,-8251.82769012,5648.68637801,-0.000472389998554,0.826210377471,-0.563361508276,-5,CREATE
464,-0.816256946539,31.3528807872,0.699827624833,-0.0475965585897,-0.0495211688868,0.99763832196,8,REFLECT
464,-0.816256946539,31.3528807872,0.699827624833,-0.0475965585897,-0.0495211688868,0.99763832196,-5,EXIT
465,0.143010612842,-8234.49846265,5674.10410966,-0.000472389998554,0.826210377471,-0.563361508276,-5,CREATE
465,-4.56510589469,4.21252908675e-17,59.312041792,-0.000472389998554,0.826210377471,-0.563361508276,127,ABSORB
466,-13.1721662492,-8252.54974127,5647.64176968,-0.000472389998554,0.826210377471,-0.563361508276,-5,CREATE
466,-17.9066859489,28.1279194581,1.36185878297,0.173135673834,-1.94964086842e-05,0.984897983583,77,REFLECT
466,-17.9066859489,28.1279194581,1.36185878297,0.173135673834,-1.94964086842e-05,0.984897983583,-5,EXIT
467,5.84310911419,-8231.97128365,5677.80562071,-0.000472389998554,0.826210377471,-0.563361508276,-5,CREATE
467,1.13643753415,-2.90041693885e-16,64.7367403252,-0.000472389998554,0.826210377471,-0.563361508276,127,ABSORB
468,-24.5714753098,-8256.88204813,5641.29768703,-0.000472389998554,0.826210377471,-0.563361508276,-5,CREATE
468,-29.3011762105,15.3675303991,0.764565596099,0.305374002748,0.188742845063,0.93333962569,107,REFLECT
468,-29.3011762105,15.3675303991,0.764565596099,0.305374002748,0.188742845063,0.93333962569,-5,EXIT
469,18.1599507094,-8253.63281798,5646.02708677,-0.000472389998554,0.826210377471,-0.563361508276,-5,CREATE
469,13.4256923771,26.5877111191,0.0588765776336,-0.000472389998554,0.826210377471,-0.563361508276,38,ABSORB
470,29.5477165225,-8258.687176,5638.60495649,-0.000472389998554,0.826210377471,-0.563361508276,-5,CREATE
470,24.818541692,12.6423056127,-1.3007857583,-0.367925868751,0.234599924455,0.899774099733,74,REFLECT
470,24.818541692,12.6423056127,-1.3007857583,-0.367925868751,0.234599924455,0.899774099733,-5,EXIT
471,8.68805269772,-8234.85948822,5673.56747437,-0.000472389998554,0.826210377471,-0.563361508276,-5,CREATE
471,3.97972977198,9.00582684881e-17,58.5292368616,-0.000472389998554,0.826210377471,-0.563361508276,127,ABSORB
472,-10.3245588394,-8253.27179241,5646.5804417,-0.000472389998554,0.826210377471,-0.563361508276,-5,CREATE
472,-15.0588752296,27.0502800625,0.542992942411,0.144113145592,0.00620427647834,0.98954176679,84,REFLECT
472,-15.0588752296,27.0502800625,0.542992942411,0.144113145592,0.00620427647834,0.98954176679,-5,EXIT
473,2.8122910825,-8235.46119751,5672.68995114,-0.000472389998554,0.826210377471,-0.563361508276,-5,CREATE
473,-1.89637587359,1.68913640553e-16,57.2414309061,-0.000472389998554,0.826210377471,-0.563361508276,127,ABSORB
474,-19.0536994882,-8257.84478299,5639.88113999,-0.000472389998554,0.826210377471,-0.563361508276,-5,CREATE
474,-23.7834062421,14.4150329942,-0.658961969962,0.257742594153,0.197218838461,0.945871812095,120,REFLECT
474,-23.7834062421,14.4150329942,-0.658961969962,0.257742594153,0.197218838461,0.945871812095,-5,EXIT
475,32.2205487606,-8256.76170628,5641.4265558,-0.000472389998554,0.826210377471,-0.563361508276,-5,CREATE
475,27.4906865222,15.7700520382,0.701026684182,-0.394342684831,0.20179455447,0.896533772206,60,REFLECT
475,27.4906865222,15.7700520382,0.701026684182,-0.394342684831,0.20179455447,0.896533772206,-5,EXIT
476,-13.3513811315,-8253.51247613,5646.22999969,-0.000472389998554,0.826210377471,-0.563361508276,-5,CREATE
476,-18.0854560504,26.3872628287,0.48052412943,0.178551552062,0.0234548299898,0.983650961575,82,REFLECT
476,-18.0854560504,26.3872628287,0.48052412943,0.178551552062,0.0234548299898,0.983650961575,-5,EXIT
477,5.66034246343,-8235.82222308,5672.1580929,-0.000472389998554,0.826210377471,-0.563361508276,-5,CREATE
477,0.951469089114,2.1655410873e-16,56.4634030174,-0.000472389998554,0.826210377471,-0.563361508276,127,ABSORB
478,4.24009052695,-8232.57299293,5676.92451471,-0.000472389998554,0.826210377471,-0.563361508276,-5,CREATE
478,-0.46692508345,-2.10966939738e-16,63.4453515885,-0.000472389998554,0.826210377471,-0.563361508276,127,ABSORB
479,8.01277797935,-8253.15145055,5646.74155551,-0.000472389998554,0.826210377471,-0.563361508276,-5,CREATE
479,3.27746572276,28.9123927453,-0.483540690692,-0.0924114878384,-0.0126173518791,0.995640959055,21,REFLECT
479,3.27746572276,28.9123927453,-0.483540690692,-0.0924114878384,-0.0126173518791,0.995640959055,-5,EXIT
480,-23.327626439,-8258.80751785,5638.4728035,-0.000472389998554,0.826210377471,-0.563361508276,-5,CREATE
480,-28.0564070886,11.8325411677,-0.962847644796,0.292670224732,0.235897382713,0.92665881768,122,REFLECT
480,-28.0564070886,11.8325411677,-0.962847644796,0.292670224732,0.235897382713,0.92665881768,-5,EXIT
481,27.9466218098,-8257.72444114,5640.01821931,-0.000472389998554,0.826210377471,-0.563361508276,-5,CREATE
481,23.2167056242,14.9016709523,-0.771646067768,-0.346471238962,0.207088785299,0.914916343485,67,REFLECT
481,23.2167056242,14.9016709523,-0.771646067768,-0.346471238962,0.207088785299,0.914916343485,-5,EXIT
482,5.16665047301,-8251.22598083,5649.56778258,-0.000472389998554,0.826210377471,-0.563361508276,-5,CREATE
482,0.430467227224,32.3612230687,1.30396458356,-0.0600215122366,-0.0622887739782,0.996251738621,4,REFLECT
482,0.430467227224,32.3612230687,1.30396458356,-0.0600215122366,-0.0622887739782,0.996251738621,-5,EXIT
483,-6.94433845452,-8255.19726213,5643.75376678,-0.000472389998554,0.826210377471,-0.563361508276,-5,CREATE
483,-11.6779214734,23.8421434695,-1.40908010183,-0.000472389998554,0.826210377471,-0.563361508276,101,ABSORB
484,3.52678276613,-8233.53572779,5675.51319256,-0.000472389998554,0.826210377471,-0.563361508276,-5,CREATE
484,-1.18078329283,-8.43522675346e-17,61.3775770711,-0.000472389998554,0.826210377471,-0.563361508276,127,ABSORB
485,30.0849665285,-8256.11988304,5642.36962671,-0.000472389998554,0.826210377471,-0.563361508276,-5,CREATE
485,25.3544695392,17.5220549942,0.88710816545,-0.379671504416,0.172431536703,0.90890973913,53,REFLECT
485,25.3544695392,17.5220549942,0.88710816545,-0.379671504416,0.172431536703,0.90890973913,-5,EXIT
486,9.22530270373,-8232.29219527,5677.33214459,-0.000472389998554,0.826210377471,-0.563361508276,-5,CREATE
486,4.51844764083,-2.47650937775e-16,64.0444467408,-0.000472389998554,0.826210377471,-0.563361508276,127,ABSORB
487,-21.1892817203,-8257.20295975,5640.8242109,-0.000472389998554,0.826210377471,-0.563361508276,-5,CREATE
487,-25.9191289855,15.3026104887,0.116538435471,0.277791554804,0.184972977853,0.942664759893,114,REFLECT
487,-25.9191289855,15.3026104887,0.116538435471,0.277791554804,0.184972977853,0.942664759893,-5,EXIT
488,7.79750325929,-8235.18039984,5673.09758102,-0.000472389998554,0.826210377471,-0.563361508276,-5,CREATE
488,3.08899685069,1.32229642516e-16,57.8405260585,-0.000472389998554,0.826210377471,-0.563361508276,127,ABSORB
489,2.10450829484,-8231.93116969,5677.86758562,-0.000472389998554,0.826210377471,-0.563361508276,-5,CREATE
489,-2.60214034984,-2.95510788035e-16,64.8260574109,-0.000472389998554,0.826210377471,-0.563361508276,127,ABSORB
490,3.02914436633,-8252.14860174,5648.21648467,-0.000472389998554,0.826210377471,-0.563361508276,-5,CREATE
490,-1.70668417261,30.8182196713,0.375681950544,-0.0437692105671,-0.0418600839132,0.998164309912,8,REFLECT
490,-1.70668417261,30.8182196713,0.375681950544,-0.0437692105671,-0.0418600839132,0.998164309912,-5,EXIT
491,20.1193765264,-8252.75031103,5647.31970399,-0.000472389998554,0.826210377471,-0.563361508276,-5,CREATE
491,15.3848607061,27.920564762,1.04441948524,-0.258478135818,0.0148670900032,0.965902698484,29,REFLECT
491,15.3848607061,27.920564762,1.04441948524,-0.258478135818,0.0148670900032,0.965902698484,-5,EXIT
492,4.95137575294,-8233.25493013,5675.92380809,-0.000472389998554,0.826210377471,-0.563361508276,-5,CREATE
492,0.24397024148,-1.21219083973e-16,61.9796578745,-0.000472389998554,0.826210377471,-0.563361508276,127,ABSORB
493,19.7606507811,-8254.91646446,5644.14318419,-0.000472389998554,0.826210377471,-0.563361508276,-5,CREATE
493,15.0270890491,24.0857103435,-0.994276430992,-0.248238796733,0.0714461830762,0.966060527462,49,REFLECT
493,15.0270890491,24.0857103435,-0.994276430992,-0.248238796733,0.0714461830762,0.966060527462,-5,EXIT
494,-8.72385876763,-8254.55543889,5644.69653913,-0.000472389998554,0.826210377471,-0.563361508276,-5,CREATE
494,-13.457659949,24.8655329558,-0.726483305819,0.11609222114,0.0450964061431,0.992214145406,95,REFLECT
494,-13.457659949,24.8655329558,-0.726483305819,0.11609222114,0.0450964061431,0.992214145406,-5,EXIT
495,1.74371068457,-8235.78210913,5672.22020708,-0.000472389998554,0.826210377471,-0.563361508276,-5,CREATE
495,-2.96513975438,2.1107587366e-16,56.5528693856,-0.000472389998554,0.826210377471,-0.563361508276,127,ABSORB
496,4.0961462005,-8253.1113366,5646.8036697,-0.000472389998554,0.826210377471,-0.563361508276,-5,CREATE
496,-0.639255366752,29.1087110985,-0.527936358895,-0.050545258796,-0.0160095602217,0.998593446201,19,REFLECT
496,-0.639255366752,29.1087110985,-0.527936358895,-0.050545258796,-0.0160095602217,0.998593446201,-5,EXIT
497,-7.297243246,-8252.62996917,5647.51918342,-0.000472389998554,0.826210377471,-0.563361508276,-5,CREATE
497,-12.031979749,28.4268808426,0.980717729839,0.117476910248,-0.0113281595347,0.993011001128,81,REFLECT
497,-12.031979749,28.4268808426,0.980717729839,0.117476910248,-0.0113281595347,0.993011001128,-5,EXIT
498,-12.9968977763,-8254.79612261,5644.34714209,-0.000472389998554,0.826210377471,-0.563361508276,-5,CREATE
498,-17.7304026787,24.1066571904,-0.72254484529,-0.000472389998554,0.826210377471,-0.563361508276,92,ABSORB
499,21.1863783606,-8253.71304589,5645.90688902,-0.000472389998554,0.826210377471,-0.563361508276,-5,CREATE
499,16.4523934836,26.0292096884,0.264795405122,-0.000472389998554,0.826210377471,-0.563361508276,40,ABSORB
500,6.01837758712,-8234.21766498,5674.51099312,-0.000472389998554,0.826210377471,-0.563361508276,-5,CREATE
500,1.31042162709,5.48699743093e-18,59.9103905316,-0.000472389998554,0.826210377471,-0.563361508276,127,ABSORB
501,27.6802331055,-8257.18958844,5640.80284283,-0.000472389998554,0.826210377471,-0.563361508276,-5,CREATE
501,22.9499958005,15.9981615231,-0.369982101297,-0.352572675885,0.194716085103,0.915302220265,67,REFLECT
501,22.9499958005,15.9981615231,-0.369982101297,-0.352572675885,0.194716085103,0.915302220265,-5,EXIT
502,0.945991588302,-8233.00087509,5676.29975676,-0.000472389998554,0.826210377471,-0.563361508276,-5,CREATE
502,-3.7612686659,-1.54846608589e-16,62.5288370279,-0.000472389998554,0.826210377471,-0.563361508276,127,ABSORB
503,-6.67663428037,-8254.66240943,5644.53794246,-0.000472389998554,0.826210377471,-0.563361508276,-5,CREATE
503,-11.4104763118,24.8300092796,-0.933796880162,0.102525519111,0.0438781138838,0.993762159198,101,REFLECT
503,-11.4104763118,24.8300092796,-0.933796880162,0.102525519111,0.0438781138838,0.993762159198,-5,EXIT
504,3.79093517183,-8235.88907967,5672.06161041,-0.000472389998554,0.826210377471,-0.563361508276,-5,CREATE
504,-0.917976428079,2.25253353784e-16,56.3213335643,-0.000472389998554,0.826210377471,-0.563361508276,127,ABSORB
505,1.87062765979,-8253.21830714,5646.64865581,-0.000472389998554,0.826210377471,-0.563361508276,-5,CREATE
505,-2.86476574346,28.9874617034,-0.673214036807,-0.0211917102456,-0.017768892298,0.999617515795,17,REFLECT
505,-2.86476574346,28.9874617034,-0.673214036807,-0.0211917102456,-0.017768892298,0.999617515795,-5,EXIT
506,-9.52276178672,-8252.73693971,5647.36416953,-0.000472389998554,0.826210377471,-0.563361508276,-5,CREATE
506,-14.2573592774,28.0767775719,0.991486826415,0.127416102736,-0.00971829356295,0.991801740034,80,REFLECT
506,-14.2573592774,28.0767775719,0.991486826415,0.127416102736,-0.00971829356295,0.991801740034,-5,EXIT
507,-10.949673289,-8254.90309315,5644.18854542,-0.000472389998554,0.826210377471,-0.563361508276,-5,CREATE
507,-15.6832275428,24.086002153,-0.939996780306,0.150569721306,0.0538653041186,0.987130836332,98,REFLECT
507,-15.6832275428,24.086002153,-0.939996780306,0.150569721306,0.0538653041186,0.987130836332,-5,EXIT
508,8.06560207437,-8234.32463552,5674.35239645,-0.000472389998554,0.826210377471,-0.563361508276,-5,CREATE
508,3.35758495339,1.96644775546e-17,59.6788547103,-0.000472389998554,0.826210377471,-0.563361508276,127,ABSORB
509,3.29724318141,-8251.29283742,5649.4713001,-0.000472389998554,0.826210377471,-0.563361508276,-5,CREATE
509,-1.43894422268,32.3016393569,1.20252300274,-0.0470028110134,-0.0654446515429,0.996748580807,3,REFLECT
509,-1.43894422268,32.3016393569,1.20252300274,-0.0470028110134,-0.0654446515429,0.996748580807,-5,EXIT
510,-25.1939259332,-8256.34719543,5642.08260911,-0.000472389998554,0.826210377471,-0.563361508276,-5,CREATE
510,-29.9238527049,16.2974318207,1.28011894785,0.317663669303,0.183361667866,0.930305483141,102,REFLECT
510,-29.9238527049,16.2974318207,1.28011894785,0.317663669303,0.183361667866,0.930305483141,-5,EXIT
511,19.6738716,-8253.09796528,5646.81021746,-0.000472389998554,0.826210377471,-0.563361508276,-5,CREATE
511,14.9394823382,27.3515596111,0.685863730995,-0.257697176244,0.0166489538737,0.966082283085,34,REFLECT
511,14.9394823382,27.3515596111,0.685863730995,-0.257697176244,0.0166489538737,0.966082283085,-5,EXIT
512,-8.81182187154,-8253.69967457,5645.95165312,-0.000472389998554,0.826210377471,-0.563361508276,-5,CREATE
512,-13.5460018085,26.3837409776,0.0769354649688,0.137160676582,0.0253037010848,0.990225565975,90,REFLECT
512,-13.5460018085,26.3837409776,0.0769354649688,0.137160676582,0.0253037010848,0.990225565975,-5,EXIT
513,1.65574758066,-8234.92634481,5673.47532108,-0.000472389998554,0.826210377471,-0.563361508276,-5,CREATE
513,-3.05261357068,9.84924268588e-17,58.3914966025,-0.000472389998554,0.826210377471,-0.563361508276,127,ABSORB
514,-18.785995314,-8257.30993029,5640.66531567,-0.000472389998554,0.826210377471,-0.563361508276,-5,CREATE
514,-23.5160171383,15.5009439236,-0.250531995045,0.25057441702,0.177760471668,0.951637365937,116,REFLECT
514,-23.5160171383,15.5009439236,-0.250531995045,0.25057441702,0.177760471668,0.951637365937,-5,EXIT
515,32.4882529347,-8256.22685358,5642.21073147,-0.000472389998554,0.826210377471,-0.563361508276,-5,CREATE
515,27.7581388116,16.745451323,1.1848103565,-0.000472389998554,0.826210377471,-0.563361508276,54,ABSORB
516,-13.0836769574,-8252.97762343,5647.01417536,-0.000472389998554,0.826210377471,-0.563361508276,-5,CREATE
516,-17.8180132885,27.3793256565,0.952945563993,0.175850128956,0.00590840025139,0.984399219297,77,REFLECT
516,-17.8180132885,27.3793256565,0.952945563993,0.175850128956,0.00590840025139,0.984399219297,-5,EXIT
517,3.08183691437,-8233.42875725,5675.67044569,-0.000472389998554,0.826210377471,-0.563361508276,-5,CREATE
517,-1.62566798364,-9.84474793775e-17,61.6077693494,-0.000472389998554,0.826210377471,-0.563361508276,127,ABSORB
518,6.85452436677,-8254.00721487,5645.48748649,-0.000472389998554,0.826210377471,-0.563361508276,-5,CREATE
518,2.11954898353,27.4674367479,-1.33586225977,-0.0856213469954,0.00156931740645,0.996326513841,26,REFLECT
518,2.11954898353,27.4674367479,-1.33586225977,-0.0856213469954,0.00156931740645,0.996326513841,-5,EXIT
519,-21.6326490083,-8255.81234273,5642.86402306,-0.000472389998554,0.826210377471,-0.563361508276,-5,CREATE
519,-26.3632090681,17.9399057489,1.30628800369,0.279834165048,0.148717538096,0.948459769276,105,REFLECT
519,-26.3632090681,17.9399057489,1.30628800369,0.279834165048,0.148717538096,0.948459769276,-5,EXIT
520,-21.9922626957,-8258.70054731,5638.6285638,-0.000472389998554,0.826210377471,-0.563361508276,-5,CREATE
520,-26.7212286652,12.2636362154,-1.02809554838,0.263941792181,0.213705467883,0.940566161063,123,REFLECT
520,-26.7212286652,12.2636362154,-1.02809554838,0.263941792181,0.213705467883,0.940566161063,-5,EXIT
521,29.281985553,-8257.6174706,5640.17397961,-0.000472389998554,0.826210377471,-0.563361508276,-5,CREATE
521,24.5521910224,14.7958668297,-0.470802798238,-0.360725604251,0.209651468597,0.90880322411,68,REFLECT
521,24.5521910224,14.7958668297,-0.470802798238,-0.360725604251,0.209651468597,0.90880322411,-5,EXIT
522,6.50201421623,-8251.1190103,5649.72354288,-0.000472389998554,0.826210377471,-0.563361508276,-5,CREATE
522,1.7658122662,32.5009073471,1.43741862682,-0.0767759820181,-0.0610623355757,0.995176788194,5,REFLECT
522,1.7658122662,32.5009073471,1.43741862682,-0.0767759820181,-0.0610623355757,0.995176788194,-5,EXIT
523,4.14883874854,-8234.39149211,5674.25763072,-0.000472389998554,0.826210377471,-0.563361508276,-5,CREATE
523,-0.559216598038,2.82586020268e-17,59.5385020065,-0.000472389998554,0.826210377471,-0.563361508276,127,ABSORB
524,30.7086010747,-8255.69200088,5642.9966239,-0.000472389998554,0.826210377471,-0.563361508276,-5,CREATE
524,25.9779644834,18.1941011708,1.34761917536,-0.000472389998554,0.826210377471,-0.563361508276,53,ABSORB
525,-20.5656471741,-8256.77507759,5641.45120809,-0.000472389998554,0.826210377471,-0.563361508276,-5,CREATE
525,-25.295794182,16.2547427126,0.386069396708,0.26459198314,0.188533316811,0.945751696224,110,REFLECT
525,-25.295794182,16.2547427126,0.386069396708,0.26459198314,0.188533316811,0.945751696224,-5,EXIT
526,-12.018385234,-8255.33097531,5643.56192144,-0.000472389998554,0.826210377471,-0.563361508276,-5,CREATE
526,-16.7516970373,23.234074135,-1.27747998121,0.163787499686,0.0570962758028,0.984841951907,97,REFLECT
526,-16.7516970373,23.234074135,-1.27747998121,0.163787499686,0.0570962758028,0.984841951907,-5,EXIT
527,22.164890903,-8254.24789859,5645.12166837,-0.000472389998554,0.826210377471,-0.563361508276,-5,CREATE
527,17.4312237308,24.9386910326,-0.141537713791,-0.280010071474,0.0525943471951,0.958555264195,41,REFLECT
527,17.4312237308,24.9386910326,-0.141537713791,-0.280010071474,0.0525943471951,0.958555264195,-5,EXIT
528,6.99689012946,-8234.75251768,5673.72577247,-0.000472389998554,0.826210377471,-0.563361508276,-5,CREATE
528,2.28862836467,7.58990702045e-17,58.7604741178,-0.000472389998554,0.826210377471,-0.563361508276,127,ABSORB
529,4.36371882767,-8252.68345444,5647.43096545,-0.000472389998554,0.826210377471,-0.563361508276,-5,CREATE
529,-0.371853246484,29.8348099221,-0.103983233007,-0.000472389998554,0.826210377471,-0.563361508276,14,ABSORB
530,27.1450220776,-8258.09883803,5639.46981136,-0.000472389998554,0.826210377471,-0.563361508276,-5,CREATE
530,22.4152040593,14.3555794396,-1.20298196546,-0.339758981583,0.218138405351,0.914865821061,72,REFLECT
530,22.4152040593,14.3555794396,-1.20298196546,-0.339758981583,0.218138405351,0.914865821061,-5,EXIT
531,0.58703563575,-8235.35422697,5672.8486971,-0.000472389998554,0.826210377471,-0.563361508276,-5,CREATE
531,-4.1215701594,1.54727019509e-16,57.47311601,-0.000472389998554,0.826210377471,-0.563361508276,127,ABSORB
532,6.2871341371,-8232.82704797,5676.55020815,-0.000472389998554,0.826210377471,-0.563361508276,-5,CREATE
532,1.57997326945,-1.77439965243e-16,62.8978145432,-0.000472389998554,0.826210377471,-0.563361508276,127,ABSORB
533,-24.1274502869,-8257.73781245,5640.04227446,-0.000472389998554,0.826210377471,-0.563361508276,-5,CREATE
533,-28.8567244449,13.7653928615,0.0180766125868,0.301973072125,0.208041113136,0.930339270888,112,REFLECT
533,-28.8567244449,13.7653928615,0.0180766125868,0.301973072125,0.208041113136,0.930339270888,-5,EXIT
534,18.6039757323,-8254.4885823,5644.7716742,-0.000472389998554,0.826210377471,-0.563361508276,-5,CREATE
534,13.8701314037,25.007853989,-0.702804570452,-0.233343303434,0.0478875970301,0.971214539015,43,REFLECT
534,13.8701314037,25.007853989,-0.702804570452,-0.233343303434,0.0478875970301,0.971214539015,-5,EXIT
535,29.9952933138,-8256.65473574,5641.58530175,-0.000472389998554,0.826210377471,-0.563361508276,-5,CREATE
535,25.2650746564,16.50039983,0.434715339727,-0.378295802411,0.181024704931,0.907811842885,58,REFLECT
535,25.2650746564,16.50039983,0.434715339727,-0.378295802411,0.181024704931,0.907811842885,-5,EXIT
536,9.13207772063,-8235.71525254,5672.3120618,-0.000472389998554,0.826210377471,-0.563361508276,-5,CREATE
536,4.42326550727,2.02659997129e-16,56.6903110796,-0.000472389998554,0.826210377471,-0.563361508276,127,ABSORB
537,-9.88053381645,-8254.12755673,5645.32502914,-0.000472389998554,0.826210377471,-0.563361508276,-5,CREATE
537,-14.6144739212,25.5363921588,-0.263670118105,0.143751866694,0.0247429729064,0.989304395075,89,REFLECT
537,-14.6144739212,25.5363921588,-0.263670118105,0.143751866694,0.0247429729064,0.989304395075,-5,EXIT
538,-22.7012294062,-8256.13325435,5642.394279,-0.000472389998554,0.826210377471,-0.563361508276,-5,CREATE
538,-27.4315152249,17.1393462021,1.1635976633,0.29071592627,0.167460934665,0.942040915021,104,REFLECT
538,-27.4315152249,17.1393462021,1.1635976633,0.29071592627,0.167460934665,0.942040915021,-5,EXIT
539,17.181701261,-8252.8840242,5647.12606726,-0.000472389998554,0.826210377471,-0.563361508276,-5,CREATE
539,12.4470207938,28.0748191381,0.65442860113,-0.229686667882,0.012922168844,0.973178838729,32,REFLECT
539,12.4470207938,28.0748191381,0.65442860113,-0.229686667882,0.012922168844,0.973178838729,-5,EXIT
540,2.93789258792,-8253.96710092,5645.54960068,-0.000472389998554,0.826210377471,-0.563361508276,-5,CREATE
540,-1.79716022406,27.6429736096,-1.36608781732,-0.0405369811188,0.00142078323511,0.999177028627,23,REFLECT
540,-1.79716022406,27.6429736096,-1.36608781732,-0.0405369811188,0.00142078323511,0.999177028627,-5,EXIT
541,-8.45431293576,-8252.52299863,5647.67703367,-0.000472389998554,0.826210377471,-0.563361508276,-5,CREATE
541,-13.1890556263,28.5446733131,1.13118892205,0.125388604287,-0.00805447106866,0.992075008964,81,REFLECT
541,-13.1890556263,28.5446733131,1.13118892205,0.125388604287,-0.00805447106866,0.992075008964,-5,EXIT
542,31.4179624261,-8257.93838222,5639.70154846,-0.000472389998554,0.826210377471,-0.563361508276,-5,CREATE
542,26.6886276079,13.6709179599,-0.394991453292,-0.380234943506,0.226940292747,0.896615576077,70,REFLECT
542,26.6886276079,13.6709179599,-0.394991453292,-0.380234943506,0.226940292747,0.896615576077,-5,EXIT
543,20.0293086708,-8253.60607535,5646.06473928,-0.000472389998554,0.826210377471,-0.563361508276,-5,CREATE
543,15.2951836906,26.3812209036,0.255561722071,-0.000472389998554,0.826210377471,-0.563361508276,39,ABSORB
544,4.86130789736,-8234.11069444,5674.66884338,-0.000472389998554,0.826210377471,-0.563361508276,-5,CREATE
544,0.153413098277,-8.64477809228e-18,60.1411799402,-0.000472389998554,0.826210377471,-0.563361508276,127,ABSORB
545,-11.3921197482,-8252.76368235,5647.32651702,-0.000472389998554,0.826210377471,-0.563361508276,-5,CREATE
545,-16.1266240521,27.8870513089,1.06496666541,0.15817256718,0.00305760205151,0.987406750059,78,REFLECT
545,-16.1266240521,27.8870513089,1.06496666541,0.15817256718,0.00305760205151,0.987406750059,-5,EXIT
546,7.62315561522,-8232.18522473,5677.49036805,-0.000472389998554,0.826210377471,-0.563361508276,-5,CREATE
546,2.91636171328,-2.61805565598e-16,64.2756093558,-0.000472389998554,0.826210377471,-0.563361508276,127,ABSORB
547,-22.7914288088,-8257.09598921,5640.98243436,-0.000472389998554,0.826210377471,-0.563361508276,-5,CREATE
547,-27.5211891145,15.2574888143,0.378467808164,0.293246129619,0.183941585568,0.938174930683,108,REFLECT
547,-27.5211891145,15.2574888143,0.378467808164,0.293246129619,0.183941585568,0.938174930683,-5,EXIT
548,17.0915018584,-8253.84675906,5645.71422262,-0.000472389998554,0.826210377471,-0.563361508276,-5,CREATE
548,12.3572532385,26.3567831109,-0.242404824054,-0.221204206146,0.0271313246269,0.97485003483,37,REFLECT
548,12.3572532385,26.3567831109,-0.242404824054,-0.221204206146,0.0271313246269,0.97485003483,-5,EXIT
549,5.69929633473,-8252.40265677,5647.84165562,-0.000472389998554,0.826210377471,-0.563361508276,-5,CREATE
549,0.963626462837,30.2866558929,0.190075588175,-0.0660428614536,-0.0333070405342,0.997260738975,15,REFLECT
549,0.963626462837,30.2866558929,0.190075588175,-0.0660428614536,-0.0333070405342,0.997260738975,-5,EXIT
550,-7.12026466234,-8253.48573349,5646.26399478,-0.000472389998554,0.826210377471,-0.563361508276,-5,CREATE
550,-11.854611332,26.8892977735,0.19043542738,0.109566133413,0.0165538834179,0.993841653058,91,REFLECT
550,-11.854611332,26.8892977735,0.19043542738,0.109566133413,0.0165538834179,0.993841653058,-5,EXIT
551,3.34730478986,-8234.71240373,5673.78766273,-0.000472389998554,0.826210377471,-0.563361508276,-5,CREATE
551,-1.36093403958,7.04345465144e-17,58.8497165621,-0.000472389998554,0.826210377471,-0.563361508276,127,ABSORB
552,9.04621936839,-8233.14795959,5676.07725451,-0.000472389998554,0.826210377471,-0.563361508276,-5,CREATE
552,4.33887501788,-1.35081202354e-16,62.2060434478,-0.000472389998554,0.826210377471,-0.563361508276,127,ABSORB
553,-21.3683650556,-8258.05872407,5639.56932083,-0.000472389998554,0.826210377471,-0.563361508276,-5,CREATE
553,-26.0977413109,13.6230494787,-0.576635930939,0.283101037815,0.207360688569,0.936405546344,118,REFLECT
553,-26.0977413109,13.6230494787,-0.576635930939,0.283101037815,0.207360688569,0.936405546344,-5,EXIT
554,-10.681179833,-8253.72641721,5645.91400061,-0.000472389998554,0.826210377471,-0.563361508276,-5,CREATE
554,-15.4152675117,26.1956386048,0.149308034864,0.139181697565,0.0256790496294,0.98993385712,89,REFLECT
554,-15.4152675117,26.1956386048,0.149308034864,0.139181697565,0.0256790496294,0.98993385712,-5,EXIT
555,8.33054376195,-8236.03616416,5671.84209382,-0.000472389998554,0.826210377471,-0.563361508276,-5,CREATE
555,3.62154806573,2.44835941617e-16,56.0015256352,-0.000472389998554,0.826210377471,-0.563361508276,127,ABSORB
556,2.6375487975,-8232.78693401,5676.61209841,-0.000472389998554,0.826210377471,-0.563361508276,-5,CREATE
556,-2.0695891348,-1.82904488934e-16,62.9870569875,-0.000472389998554,0.826210377471,-0.563361508276,127,ABSORB
557,6.41023624991,-8253.36539163,5646.42913921,-0.000472389998554,0.826210377471,-0.563361508276,-5,CREATE
557,1.67498643259,28.5892453411,-0.721493337594,-0.0716303769671,-0.0101930940518,0.997379160565,20,REFLECT
557,1.67498643259,28.5892453411,-0.721493337594,-0.0716303769671,-0.0101930940518,0.997379160565,-5,EXIT
558,-0.214498322933,-8235.67513859,5672.37872911,-0.000472389998554,0.826210377471,-0.563361508276,-5,CREATE
558,-4.92328760094,1.96902963996e-16,56.7843305656,-0.000472389998554,0.826210377471,-0.563361508276,127,ABSORB
559,30.6164284674,-8258.25929384,5639.23158047,-0.000472389998554,0.826210377471,-0.563361508276,-5,CREATE
559,25.887162219,13.2300777557,-0.783184688783,-0.377496445426,0.22877883913,0.897305230374,70,REFLECT
559,25.887162219,13.2300777557,-0.783184688783,-0.377496445426,0.22877883913,0.897305230374,-5,EXIT
560,7.83645713059,-8251.76083353,5648.78114375,-0.000472389998554,0.826210377471,-0.563361508276,-5,CREATE
560,3.10055023505,31.3430336316,0.846894730384,-0.0914478305307,-0.0508172463756,0.994512393971,11,REFLECT
560,3.10055023505,31.3430336316,0.846894730384,-0.0914478305307,-0.0508172463756,0.994512393971,-5,EXIT
561,1.21172255775,-8234.07058049,5674.73073364,-0.000472389998554,0.826210377471,-0.563361508276,-5,CREATE
561,-3.49614930597,-1.41093017826e-17,60.2304223845,-0.000472389998554,0.826210377471,-0.563361508276,127,ABSORB
562,21.7190242223,-8254.88972183,5644.18076206,-0.000472389998554,0.826210377471,-0.563361508276,-5,CREATE
562,16.9856076206,23.8586201181,-0.783619562684,-0.262528081311,0.0494393287122,0.963656971801,46,REFLECT
562,16.9856076206,23.8586201181,-0.783619562684,-0.262528081311,0.0494393287122,0.963656971801,-5,EXIT
563,6.55102344884,-8235.39434092,5672.78486616,-0.000472389998554,0.826210377471,-0.563361508276,-5,CREATE
563,1.84239471833,1.6031037516e-16,57.3819328925,-0.000472389998554,0.826210377471,-0.563361508276,127,ABSORB
564,3.70652383637,-8232.14511077,5677.55248223,-0.000472389998554,0.826210377471,-0.563361508276,-5,CREATE
564,-1.00024713022,-2.67283800669e-16,64.365075724,-0.000472389998554,0.826210377471,-0.563361508276,127,ABSORB
565,1.78266455588,-8252.36254282,5647.90376981,-0.000472389998554,0.826210377471,-0.563361508276,-5,CREATE
565,-2.95308679203,30.4692714495,0.155023337109,-0.0477150058406,-0.0298246258495,0.998415629841,12,REFLECT
565,-2.95308679203,30.4692714495,0.155023337109,-0.0477150058406,-0.0298246258495,0.998415629841,-5,EXIT
566,7.97882289328,-8232.50613635,5677.01942973,-0.000472389998554,0.826210377471,-0.563361508276,-5,CREATE
566,3.27184550848,-2.1957020513e-16,63.5858535748,-0.000472389998554,0.826210377471,-0.563361508276,127,ABSORB
567,-22.4357615307,-8257.41690083,5640.51149604,-0.000472389998554,0.826210377471,-0.563361508276,-5,CREATE
567,-27.1653744398,14.6787803741,0.0833113551331,0.29437975713,0.197075437578,0.935148025981,113,REFLECT
567,-27.1653744398,14.6787803741,0.0833113551331,0.29437975713,0.197075437578,0.935148025981,-5,EXIT
568,28.838486718,-8256.33382412,5642.05691185,-0.000472389998554,0.826210377471,-0.563361508276,-5,CREATE
568,24.1079403078,17.3945512403,0.515454971479,-0.3617953805,0.174852972429,0.915713132308,57,REFLECT
568,24.1079403078,17.3945512403,0.515454971479,-0.3617953805,0.174852972429,0.915713132308,-5,EXIT
569,-8.19002898309,-8254.76937997,5644.38233144,-0.000472389998554,0.826210377471,-0.563361508276,-5,CREATE
569,-12.9237594931,24.5279877156,-0.956410005217,0.118038009817,0.0430852879918,0.99207393182,100,REFLECT
569,-12.9237594931,24.5279877156,-0.956410005217,0.118038009817,0.0430852879918,0.99207393182,-5,EXIT
570,4.41391198309,-8235.99605021,5671.904208,-0.000472389998554,0.826210377471,-0.563361508276,-5,CREATE
570,-0.295060777766,2.39357706547e-16,56.0909920034,-0.000472389998554,0.826210377471,-0.563361508276,127,ABSORB
571,19.5859084961,-8252.24220096,5648.06533146,-0.000472389998554,0.826210377471,-0.563361508276,-5,CREATE
571,14.8511268025,28.8936872868,1.4729725973,-0.25083031392,-0.00520286139334,0.968017088616,28,REFLECT
571,14.8511268025,28.8936872868,1.4729725973,-0.25083031392,-0.00520286139334,0.968017088616,-5,EXIT
572,-20.3005739396,-8258.37963569,5639.09778537,-0.000472389998554,0.826210377471,-0.563361508276,-5,CREATE
572,-25.0298790059,13.1776284289,-0.963273128419,0.260206728607,0.220498326005,0.940038800591,124,REFLECT
572,-25.0298790059,13.1776284289,-0.963273128419,0.260206728607,0.220498326005,0.940038800591,-5,EXIT
573,33.8221696612,-8257.29655898,5640.64081266,-0.000472389998554,0.826210377471,-0.563361508276,-5,CREATE
573,29.0928128587,14.3511916886,0.518054819362,-0.406078633945,0.22067254934,0.886794096181,61,REFLECT
573,29.0928128587,14.3511916886,0.518054819362,-0.406078633945,0.22067254934,0.886794096181,-5,EXIT
574,-11.749760231,-8254.04732883,5645.44425655,-0.000472389998554,0.826210377471,-0.563361508276,-5,CREATE
574,-16.4836548977,25.5371490833,-0.0902544654248,0.158543315672,0.025634187272,0.987019202193,88,REFLECT
574,-16.4836548977,25.5371490833,-0.0902544654248,0.158543315672,0.025634187272,0.987019202193,-5,EXIT
575,22.433515906,-8252.96425211,5647.00400348,-0.000472389998554,0.826210377471,-0.563361508276,-5,CREATE
575,17.6992743075,27.2270094723,1.05574970529,-0.000472389998554,0.826210377471,-0.563361508276,31,ABSORB
576,7.26551513247,-8233.4688712,5675.60810758,-0.000472389998554,0.826210377471,-0.563361508276,-5,CREATE
576,2.5579872991,-9.29555329269e-17,61.5180790574,-0.000472389998554,0.826210377471,-0.563361508276,127,ABSORB
577,-17.4520128141,-8258.32615042,5639.17383681,-0.000472389998554,0.826210377471,-0.563361508276,-5,CREATE
577,-22.1816104413,13.7428027447,-1.23612303541,0.237021914176,0.213942618716,0.947654561587,126,REFLECT
577,-22.1816104413,13.7428027447,-1.23612303541,0.237021914176,0.213942618716,0.947654561587,-5,EXIT
578,3.91969380476,-8251.82769012,5648.68637801,-0.000472389998554,0.826210377471,-0.563361508276,-5,CREATE
578,-0.816256946539,31.3528807872,0.699827624833,-0.0419634776541,-0.0519875412071,0.997765684969,8,REFLECT
578,-0.816256946539,31.3528807872,0.699827624833,-0.0419634776541,-0.0519875412071,0.997765684969,-5,EXIT
579,0.143010612842,-8234.49846265,5674.10410966,-0.000472389998554,0.826210377471,-0.563361508276,-5,CREATE
579,-4.56510589469,4.21252908675e-17,59.312041792,-0.000472389998554,0.826210377471,-0.563361508276,127,ABSORB
580,-13.1721662492,-8252.54974127,5647.64176968,-0.000472389998554,0.826210377471,-0.563361508276,-5,CREATE
580,-17.9066859489,28.1279194581,1.36185878297,-0.000472389998554,0.826210377471,-0.563361508276,77,ABSORB
581,5.84310911419,-8231.97128365,5677.80562071,-0.000472389998554,0.826210377471,-0.563361508276,-5,CREATE
581,1.13643753415,-2.90041693885e-16,64.7367403252,-0.000472389998554,0.826210377471,-0.563361508276,127,ABSORB
582,-24.5714753098,-8256.88204813,5641.29768703,-0.000472389998554,0.826210377471,-0.563361508276,-5,CREATE
582,-29.3011762105,15.3675303991,0.764565596099,0.312609172337,0.195921566838,0.929456962435,107,REFLECT
582,-29.3011762105,15.3675303991,0.764565596099,0.312609172337,0.195921566838,0.929456962435,-5,EXIT
583,18.1599507094,-8253.63281798,5646.02708677,-0.000472389998554,0.826210377471,-0.563361508276,-5,CREATE
583,13.4256923771,26.5877111191,0.0588765776336,-0.237748472289,0.0236470730294,0.971038866298,38,REFLECT
583,13.4256923771,26.5877111191,0.0588765776336,-0.237748472289,0.0236470730294,0.971038866298,-5,EXIT
584,29.5477165225,-8258.687176,5638.60495649,-0.000472389998554,0.826210377471,-0.563361508276,-5,CREATE
584,24.818541692,12.6423056127,-1.3007857583,-0.362753561921,0.228427865552,0.903454793309,74,REFLECT
584,24.818541692,12.6423056127,-1.3007857583,-0.362753561921,0.228427865552,0.903454793309,-5,EXIT
585,8.68805269772,-8234.85948822,5673.56747437,-0.000472389998554,0.826210377471,-0.563361508276,-5,CREATE
585,3.97972977198,9.00582684881e-17,58.5292368616,-0.000472389998554,0.826210377471,-0.563361508276,127,ABSORB
586,-10.3245588394,-8253.27179241,5646.5804417,-0.000472389998554,0.826210377471,-0.563361508276,-5,CREATE
586,-15.0588752296,27.0502800625,0.542992942411,0.147398931783,0.0095541254211,0.989030977066,84,REFLECT
586,-15.0588752296,27.0502800625,0.542992942411,0.147398931783,0.0095541254211,0.989030977066,-5,EXIT
587,2.8122910825,-8235.46119751,5672.68995114,-0.000472389998554,0.826210377471,-0.563361508276,-5,CREATE
587,-1.89637587359,1.68913640553e-16,57.2414309061,-0.000472389998554,0.826210377471,-0.563361508276,127,ABSORB
588,-19.0536994882,-8257.84478299,5639.88113999,-0.000472389998554,0.826210377471,-0.563361508276,-5,CREATE
588,-23.7834062421,14.4150329942,-0.658961969962,-0.000472389998554,0.826210377471,-0.563361508276,120,ABSORB
589,32.2205487606,-8256.76170628,5641.4265558,-0.000472389998554,0.826210377471,-0.563361508276,-5,CREATE
589,27.4906865222,15.7700520382,0.701026684182,-0.394956437414,0.200319311913,0.896594437759,60,REFLECT
589,27.4906865222,15.7700520382,0.701026684182,-0.394956437414,0.200319311913,0.896594437759,-5,EXIT
590,-13.3513811315,-8253.51247613,5646.22999969,-0.000472389998554,0.826210377471,-0.563361508276,-5,CREATE
590,-18.0854560504,26.3872628287,0.48052412943,0.175608669683,0.015571942606,0.984336888334,82,REFLECT
590,-18.0854560504,26.3872628287,0.48052412943,0.175608669683,0.015571942606,0.984336888334,-5,EXIT
591,5.66034246343,-8235.82222308,5672.1580929,-0.000472389998554,0.826210377471,-0.563361508276,-5,CREATE
591,0.951469089114,2.1655410873e-16,56.4634030174,-0.000472389998554,0.826210377471,-0.563361508276,127,ABSORB
592,4.24009052695,-8232.57299293,5676.92451471,-0.000472389998554,0.826210377471,-0.563361508276,-5,CREATE
592,-0.46692508345,-2.10966939738e-16,63.4453515885,-0.000472389998554,0.826210377471,-0.563361508276,127,ABSORB
593,8.01277797935,-8253.15145055,5646.74155551,-0.000472389998554,0.826210377471,-0.563361508276,-5,CREATE
593,3.27746572276,28.9123927453,-0.483540690692,-0.0865738432399,-0.0172872341742,0.996095437798,21,REFLECT
593,3.27746572276,28.9123927453,-0.483540690692,-0.0865738432399,-0.0172872341742,0.996095437798,-5,EXIT
594,-23.327626439,-8258.80751785,5638.4728035,-0.000472389998554,0.826210377471,-0.563361508276,-5,CREATE
594,-28.0564070886,11.8325411677,-0.962847644796,0.287257085103,0.23642900564,0.928215865168,122,REFLECT
594,-28.0564070886,11.8325411677,-0.962847644796,0.287257085103,0.23642900564,0.928215865168,-5,EXIT
595,27.9466218098,-8257.72444114,5640.01821931,-0.000472389998554,0.826210377471,-0.563361508276,-5,CREATE
595,23.2167056242,14.9016709523,-0.771646067768,-0.35238106882,0.201685067951,0.913865808367,67,REFLECT
595,23.2167056242,14.9016709523,-0.771646067768,-0.35238106882,0.201685067951,0.913865808367,-5,EXIT
596,5.16665047301,-8251.22598083,5649.56778258,-0.000472389998554,0.826210377471,-0.563361508276,-5,CREATE
596,0.430467227224,32.3612230687,1.30396458356,-0.0632998790813,-0.0676969300838,0.995695862684,4,REFLECT
596,0.430467227224,32.3612230687,1.30396458356,-0.0632998790813,-0.0676969300838,0.995695862684,-5,EXIT
597,-6.94433845452,-8255.19726213,5643.75376678,-0.000472389998554,0.826210377471,-0.563361508276,-5,CREATE
597,-11.6779214734,23.8421434695,-1.40908010183,0.110454607886,0.0528806931276,0.992473380948,101,REFLECT
597,-11.6779214734,23.8421434695,-1.40908010183,0.110454607886,0.0528806931276,0.992473380948,-5,EXIT
598,3.52678276613,-8233.53572779,5675.51319256,-0.000472389998554,0.826210377471,-0.563361508276,-5,CREATE
598,-1.18078329283,-8.43522675346e-17,61.3775770711,-0.000472389998554,0.826210377471,-0.563361508276,127,ABSORB
599,30.0849665285,-8256.11988304,5642.36962671,-0.000472389998554,0.826210377471,-0.563361508276,-5,CREATE
599,25.3544695392,17.5220549942,0.88710816545,-0.381093161889,0.168523104544,0.909047834383,53,REFLECT
599,25.3544695392,17.5220549942,0.88710816545,-0.381093161889,0.168523104544,0.909047834383,-5,EXIT
600,9.22530270373,-8232.29219527,5677.33214459,-0.000472389998554,0.826210377471,-0.563361508276,-5,CREATE
600,4.51844764083,-2.47650937775e-16,64.0444467408,-0.000472389998554,0.826210377471,-0.563361508276,127,ABSORB
601,-21.1892817203,-8257.20295975,5640.8242109,-0.000472389998554,0.826210377471,-0.563361508276,-5,CREATE
601,-25.9191289855,15.3026104887,0.116538435471,0.280358361339,0.188490656948,0.941206917458,114,REFLECT
601,-25.9191289855,15.3026104887,0.116538435471,0.280358361339,0.188490656948,0.941206917458,-5,EXIT
602,7.79750325929,-8235.18039984,5673.09758102,-0.000472389998554,0.826210377471,-0.563361508276,-5,CREATE
602,3.08899685069,1.32229642516e-16,57.8405260585,-0.000472389998554,0.826210377471,-0.563361508276,127,ABSORB
603,2.10450829484,-8231.93116969,5677.86758562,-0.000472389998554,0.826210377471,-0.563361508276,-5,CREATE
603,-2.60214034984,-2.95510788035e-16,64.8260574109,-0.000472389998554,0.826210377471,-0.563361508276,127,ABSORB
604,3.02914436633,-8252.14860174,5648.21648467,-0.000472389998554,0.826210377471,-0.563361508276,-5,CREATE
604,-1.70668417261,30.8182196713,0.375681950544,-0.0391867292395,-0.0491354129615,0.998023101659,8,REFLECT
604,-1.70668417261,30.8182196713,0.375681950544,-0.0391867292395,-0.0491354129615,0.998023101659,-5,EXIT
605,20.1193765264,-8252.75031103,5647.31970399,-0.000472389998554,0.826210377471,-0.563361508276,-5,CREATE
605,15.3848607061,27.920564762,1.04441948524,-0.000472389998554,0.826210377471,-0.563361508276,29,ABSORB
606,4.95137575294,-8233.25493013,5675.92380809,-0.000472389998554,0.826210377471,-0.563361508276,-5,CREATE
606,0.24397024148,-1.21219083973e-16,61.9796578745,-0.000472389998554,0.826210377471,-0.563361508276,127,ABSORB
607,19.7606507811,-8254.91646446,5644.14318419,-0.000472389998554,0.826210377471,-0.563361508276,-5,CREATE
607,15.0270890491,24.0857103435,-0.994276430992,-0.000472389998554,0.826210377471,-0.563361508276,49,ABSORB
608,-8.72385876763,-8254.55543889,5644.69653913,-0.000472389998554,0.826210377471,-0.563361508276,-5,CREATE
608,-13.457659949,24.8655329558,-0.726483305819,0.130980228532,0.0399915106679,0.990578042765,95,REFLECT
608,-13.457659949,24.8655329558,-0.726483305819,0.130980228532,0.0399915106679,0.990578042765,-5,EXIT
609,1.74371068457,-8235.78210913,5672.22020708,-0.000472389998554,0.826210377471,-0.563361508276,-5,CREATE
609,-2.96513975438,2.1107587366e-16,56.5528693856,-0.000472389998554,0.826210377471,-0.563361508276,127,ABSORB
610,4.0961462005,-8253.1113366,5646.8036697,-0.000472389998554,0.826210377471,-0.563361508276,-5,CREATE
610,-0.639255366752,29.1087110985,-0.527936358895,-0.0524687188402,-0.0239792422008,0.998334628011,19,REFLECT
610,-0.639255366752,29.1087110985,-0.527936358895,-0.0524687188402,-0.0239792422008,0.998334628011,-5,EXIT
611,-7.297243246,-8252.62996917,5647.51918342,-0.000472389998554,0.826210377471,-0.563361508276,-5,CREATE
611,-12.031979749,28.4268808426,0.980717729839,0.108771233761,-0.0166885992234,0.993926712269,81,REFLECT
611,-12.031979749,28.4268808426,0.980717729839,0.108771233761,-0.0166885992234,0.993926712269,-5,EXIT
612,-12.9968977763,-8254.79612261,5644.34714209,-0.000472389998554,0.826210377471,-0.563361508276,-5,CREATE
612,-17.7304026787,24.1066571904,-0.72254484529,0.173862225689,0.0481527491751,0.98359200852,92,REFLECT
612,-17.7304026787,24.1066571904,-0.72254484529,0.173862225689,0.0481527491751,0.98359200852,-5,EXIT
613,21.1863783606,-8253.71304589,5645.90688902,-0.000472389998554,0.826210377471,-0.563361508276,-5,CREATE
613,16.4523934836,26.0292096884,0.264795405122,-0.269645652973,0.0410864454811,0.962082702178,40,REFLECT
613,16.4523934836,26.0292096884,0.264795405122,-0.269645652973,0.0410864454811,0.962082702178,-5,EXIT
614,6.01837758712,-8234.21766498,5674.51099312,-0.000472389998554,0.826210377471,-0.563361508276,-5,CREATE
614,1.31042162709,5.48699743093e-18,59.9103905316,-0.000472389998554,0.826210377471,-0.563361508276,127,ABSORB
615,-22.2562835545,-8256.24022489,5642.23702587,-0.000472389998554,0.826210377471,-0.563361508276,-5,CREATE
615,-26.9865572754,17.0112166521,1.02077206357,-0.000472389998554,0.826210377471,-0.563361508276,104,ABSORB
616,17.6266471127,-8252.99099474,5646.96881413,-0.000472389998554,0.826210377471,-0.563361508276,-5,CREATE
616,12.8920448931,27.8309935459,0.590491742875,-0.000472389998554,0.826210377471,-0.563361508276,32,ABSORB
617,6.23286302531,-8252.83053893,5647.21368809,-0.000472389998554,0.826210377471,-0.563361508276,-5,CREATE
617,1.49738687026,29.5199628665,-0.206869662474,-0.0803770527964,-0.0293805673581,0.996331426607,15,REFLECT
617,1.49738687026,29.5199628665,-0.206869662474,-0.0803770527964,-0.0293805673581,0.996331426607,-5,EXIT
618,-8.01094564775,-8253.91361565,5645.63722151,-0.000472389998554,0.826210377471,-0.563361508276,-5,CREATE
618,-12.7450691632,26.0711186695,-0.170209160058,0.112848986852,0.026161724839,0.993267673047,91,REFLECT
618,-12.7450691632,26.0711186695,-0.170209160058,0.112848986852,0.026161724839,0.993267673047,-5,EXIT
619,3.88087148043,-8235.14028589,5673.15969521,-0.000472389998554,0.826210377471,-0.563361508276,-5,CREATE
619,-0.827611992808,1.26751407445e-16,57.9299924267,-0.000472389998554,0.826210377471,-0.563361508276,127,ABSORB
620,9.58096998179,-8232.61310689,5676.86120626,-0.000472389998554,0.826210377471,-0.563361508276,-5,CREATE
620,4.87393143604,-2.05415577307e-16,63.3546909599,-0.000472389998554,0.826210377471,-0.563361508276,127,ABSORB
621,-20.8336144422,-8257.52387137,5640.35327258,-0.000472389998554,0.826210377471,-0.563361508276,-5,CREATE
621,-25.5633219227,14.7372153691,-0.187695865742,0.274803784721,0.199217927649,0.940635475201,114,REFLECT
621,-25.5633219227,14.7372153691,-0.187695865742,0.274803784721,0.199217927649,0.940635475201,-5,EXIT
622,33.2891291585,-8256.44079466,5641.89629986,-0.000472389998554,0.826210377471,-0.563361508276,-5,CREATE
622,28.5592382715,16.1410701335,1.13660504272,-0.406364064358,0.193130558304,0.893067094147,55,REFLECT
622,28.5592382715,16.1410701335,1.13660504272,-0.406364064358,0.193130558304,0.893067094147,-5,EXIT
623,-12.2828007336,-8253.19156451,5646.69974375,-0.000472389998554,0.826210377471,-0.563361508276,-5,CREATE
623,-17.0170644278,27.0383425959,0.725139059992,0.15950883249,0.0154562638504,0.98707549674,83,REFLECT
623,-17.0170644278,27.0383425959,0.725139059992,0.15950883249,0.0154562638504,0.98707549674,-5,EXIT
624,6.72773893854,-8236.46404632,5671.21591768,-0.000472389998554,0.826210377471,-0.563361508276,-5,CREATE
624,2.01849859852,3.01043111507e-16,55.0835928904,-0.000472389998554,0.826210377471,-0.563361508276,127,ABSORB
625,1.03474397409,-8233.21481617,5675.98592228,-0.000472389998554,0.826210377471,-0.563361508276,-5,CREATE
625,-3.67263860202,-1.26697319044e-16,62.0691242427,-0.000472389998554,0.826210377471,-0.563361508276,127,ABSORB
626,-25.1939259332,-8256.34719543,5642.08260911,-0.000472389998554,0.826210377471,-0.563361508276,-5,CREATE
626,-29.9238527049,16.2974318207,1.28011894785,0.315172156188,0.181809127617,0.931456898133,102,REFLECT
626,-29.9238527049,16.2974318207,1.28011894785,0.315172156188,0.181809127617,0.931456898133,-5,EXIT
627,19.6738716,-8253.09796528,5646.81021746,-0.000472389998554,0.826210377471,-0.563361508276,-5,CREATE
627,14.9394823382,27.3515596111,0.685863730995,-0.255750714582,0.0215221901725,0.966503164672,34,REFLECT
627,14.9394823382,27.3515596111,0.685863730995,-0.255750714582,0.0215221901725,0.966503164672,-5,EXIT
628,-8.81182187154,-8253.69967457,5645.95165312,-0.000472389998554,0.826210377471,-0.563361508276,-5,CREATE
628,-13.5460018085,26.3837409776,0.0769354649688,0.12707756641,0.0164210484402,0.991756845846,90,REFLECT
628,-13.5460018085,26.3837409776,0.0769354649688,0.12707756641,0.0164210484402,0.991756845846,-5,EXIT
629,1.65574758066,-8234.92634481,5673.47532108,-0.000472389998554,0.826210377471,-0.563361508276,-5,CREATE
629,-3.05261357068,9.84924268588e-17,58.3914966025,-0.000472389998554,0.826210377471,-0.563361508276,127,ABSORB
630,-18.785995314,-8257.30993029,5640.66531567,-0.000472389998554,0.826210377471,-0.563361508276,-5,CREATE
630,-23.5160171383,15.5009439236,-0.250531995045,0.253741514302,0.183299907539,0.949745433164,116,REFLECT
630,-23.5160171383,15.5009439236,-0.250531995045,0.253741514302,0.183299907539,0.949745433164,-5,EXIT
631,32.4882529347,-8256.22685358,5642.21073147,-0.000472389998554,0.826210377471,-0.563361508276,-5,CREATE
631,27.7581388116,16.745451323,1.1848103565,-0.400850356538,0.182047126106,0.89787406441,54,REFLECT
631,27.7581388116,16.745451323,1.1848103565,-0.400850356538,0.182047126106,0.89787406441,-5,EXIT
632,-13.0836769574,-8252.97762343,5647.01417536,-0.000472389998554,0.826210377471,-0.563361508276,-5,CREATE
632,-17.8180132885,27.3793256565,0.952945563993,0.17858040622,0.00636489417201,0.983904734533,77,REFLECT
632,-17.8180132885,27.3793256565,0.952945563993,0.17858040622,0.00636489417201,0.983904734533,-5,EXIT
633,3.08183691437,-8233.42875725,5675.67044569,-0.000472389998554,0.826210377471,-0.563361508276,-5,CREATE
633,-1.62566798364,-9.84474793775e-17,61.6077693494,-0.000472389998554,0.826210377471,-0.563361508276,127,ABSORB
634,6.85452436677,-8254.00721487,5645.48748649,-0.000472389998554,0.826210377471,-0.563361508276,-5,CREATE
634,2.11954898353,27.4674367479,-1.33586225977,-0.0875784711521,0.00553276971891,0.996142258842,26,REFLECT
634,2.11954898353,27.4674367479,-1.33586225977,-0.0875784711521,0.00553276971891,0.996142258842,-5,EXIT
635,-21.6326490083,-8255.81234273,5642.86402306,-0.000472389998554,0.826210377471,-0.563361508276,-5,CREATE
635,-26.3632090681,17.9399057489,1.30628800369,0.283408716388,0.149575054247,0.947262794911,105,REFLECT
635,-26.3632090681,17.9399057489,1.30628800369,0.283408716388,0.149575054247,0.947262794911,-5,EXIT
636,-21.9922626957,-8258.70054731,5638.6285638,-0.000472389998554,0.826210377471,-0.563361508276,-5,CREATE
636,-26.7212286652,12.2636362154,-1.02809554838,0.280647398024,0.23075608184,0.931659094667,123,REFLECT
636,-26.7212286652,12.2636362154,-1.02809554838,0.280647398024,0.23075608184,0.931659094667,-5,EXIT
637,29.281985553,-8257.6174706,5640.17397961,-0.000472389998554,0.826210377471,-0.563361508276,-5,CREATE
637,24.5521910224,14.7958668297,-0.470802798238,-0.361738023236,0.210890251852,0.908113926894,68,REFLECT
637,24.5521910224,14.7958668297,-0.470802798238,-0.361738023236,0.210890251852,0.908113926894,-5,EXIT
638,6.50201421623,-8251.1190103,5649.72354288,-0.000472389998554,0.826210377471,-0.563361508276,-5,CREATE
638,1.7658122662,32.5009073471,1.43741862682,-0.000472389998554,0.826210377471,-0.563361508276,5,ABSORB
639,4.14883874854,-8234.39149211,5674.25763072,-0.000472389998554,0.826210377471,-0.563361508276,-5,CREATE
639,-0.559216598038,2.82586020268e-17,59.5385020065,-0.000472389998554,0.826210377471,-0.563361508276,127,ABSORB
640,30.7086010747,-8255.69200088,5642.9966239,-0.000472389998554,0.826210377471,-0.563361508276,-5,CREATE
640,25.9779644834,18.1941011708,1.34761917536,-0.000472389998554,0.826210377471,-0.563361508276,53,ABSORB
641,-20.5656471741,-8256.77507759,5641.45120809,-0.000472389998554,0.826210377471,-0.563361508276,-5,CREATE
641,-25.295794182,16.2547427126,0.386069396708,0.269914283592,0.169364291403,0.947872362879,110,REFLECT
641,-25.295794182,16.2547427126,0.386069396708,0.269914283592,0.169364291403,0.947872362879,-5,EXIT
642,-12.018385234,-8255.33097531,5643.56192144,-0.000472389998554,0.826210377471,-0.563361508276,-5,CREATE
642,-16.7516970373,23.234074135,-1.27747998121,0.163877302332,0.0629889348941,0.984467685534,97,REFLECT
642,-16.7516970373,23.234074135,-1.27747998121,0.163877302332,0.0629889348941,0.984467685534,-5,EXIT
643,22.164890903,-8254.24789859,5645.12166837,-0.000472389998554,0.826210377471,-0.563361508276,-5,CREATE
643,17.4312237308,24.9386910326,-0.141537713791,-0.273460714856,0.052569749551,0.960445552263,41,REFLECT
643,17.4312237308,24.9386910326,-0.141537713791,-0.273460714856,0.052569749551,0.960445552263,-5,EXIT
644,6.99689012946,-8234.75251768,5673.72577247,-0.000472389998554,0.826210377471,-0.563361508276,-5,CREATE
644,2.28862836467,7.58990702045e-17,58.7604741178,-0.000472389998554,0.826210377471,-0.563361508276,127,ABSORB
645,4.36371882767,-8252.68345444,5647.43096545,-0.000472389998554,0.826210377471,-0.563361508276,-5,CREATE
645,-0.371853246484,29.8348099221,-0.103983233007,-0.0534149624382,-0.0297500322874,0.998129138622,14,REFLECT
645,-0.371853246484,29.8348099221,-0.103983233007,-0.0534149624382,-0.0297500322874,0.998129138622,-5,EXIT
646,27.1450220776,-8258.09883803,5639.46981136,-0.000472389998554,0.826210377471,-0.563361508276,-5,CREATE
646,22.4152040593,14.3555794396,-1.20298196546,-0.346660392967,0.207062146328,0.914850719793,72,REFLECT
646,22.4152040593,14.3555794396,-1.20298196546,-0.346660392967,0.207062146328,0.914850719793,-5,EXIT
647,0.58703563575,-8235.35422697,5672.8486971,-0.000472389998554,0.826210377471,-0.563361508276,-5,CREATE
647,-4.1215701594,1.54727019509e-16,57.47311601,-0.000472389998554,0.826210377471,-0.563361508276,127,ABSORB
648,6.2871341371,-8232.82704797,5676.55020815,-0.000472389998554,0.826210377471,-0.563361508276,-5,CREATE
648,1.57997326945,-1.77439965243e-16,62.8978145432,-0.000472389998554,0.826210377471,-0.563361508276,127,ABSORB
649,-24.1274502869,-8257.73781245,5640.04227446,-0.000472389998554,0.826210377471,-0.563361508276,-5,CREATE
649,-28.8567244449,13.7653928615,0.0180766125868,0.302792189239,0.198388752315,0.932179592724,112,REFLECT
649,-28.8567244449,13.7653928615,0.0180766125868,0.302792189239,0.198388752315,0.932179592724,-5,EXIT
650,18.6039757323,-8254.4885823,5644.7716742,-0.000472389998554,0.826210377471,-0.563361508276,-5,CREATE
650,13.8701314037,25.007853989,-0.702804570452,-0.241910106916,0.0485760898593,0.969081969529,43,REFLECT
650,13.8701314037,25.007853989,-0.702804570452,-0.241910106916,0.0485760898593,0.969081969529,-5,EXIT
651,29.9952933138,-8256.65473574,5641.58530175,-0.000472389998554,0.826210377471,-0.563361508276,-5,CREATE
651,25.2650746564,16.50039983,0.434715339727,-0.377054021638,0.184641618831,0.907599987529,58,REFLECT
651,25.2650746564,16.50039983,0.434715339727,-0.377054021638,0.184641618831,0.907599987529,-5,EXIT
652,9.13207772063,-8235.71525254,5672.3120618,-0.000472389998554,0.826210377471,-0.563361508276,-5,CREATE
652,4.42326550727,2.02659997129e-16,56.6903110796,-0.000472389998554,0.826210377471,-0.563361508276,127,ABSORB
653,-9.88053381645,-8254.12755673,5645.32502914,-0.000472389998554,0.826210377471,-0.563361508276,-5,CREATE
653,-14.6144739212,25.5363921588,-0.263670118105,0.141417716067,0.0321459059842,0.989427951046,89,REFLECT
653,-14.6144739212,25.5363921588,-0.263670118105,0.141417716067,0.0321459059842,0.989427951046,-5,EXIT
654,-22.7012294062,-8256.13325435,5642.394279,-0.000472389998554,0.826210377471,-0.563361508276,-5,CREATE
654,-27.4315152249,17.1393462021,1.1635976633,0.292345621037,0.16387277287,0.942167581788,104,REFLECT
654,-27.4315152249,17.1393462021,1.1635976633,0.292345621037,0.16387277287,0.942167581788,-5,EXIT
655,17.181701261,-8252.8840242,5647.12606726,-0.000472389998554,0.826210377471,-0.563361508276,-5,CREATE
655,12.4470207938,28.0748191381,0.65442860113,-0.221973371996,0.00770863936128,0.975022255645,32,REFLECT
655,12.4470207938,28.0748191381,0.65442860113,-0.221973371996,0.00770863936128,0.975022255645,-5,EXIT
656,2.93789258792,-8253.96710092,5645.54960068,-0.000472389998554,0.826210377471,-0.563361508276,-5,CREATE
656,-1.79716022406,27.6429736096,-1.36608781732,-0.0400533482359,-0.0025943594167,0.99919417462,23,REFLECT
656,-1.79716022406,27.6429736096,-1.36608781732,-0.0400533482359,-0.0025943594167,0.99919417462,-5,EXIT
657,-8.45431293576,-8252.52299863,5647.67703367,-0.000472389998554,0.826210377471,-0.563361508276,-5,CREATE
657,-13.1890556263,28.5446733131,1.13118892205,0.118351099256,-0.0125435577829,0.992892580526,81,REFLECT
657,-13.1890556263,28.5446733131,1.13118892205,0.118351099256,-0.0125435577829,0.992892580526,-5,EXIT
658,31.4179624261,-8257.93838222,5639.70154846,-0.000472389998554,0.826210377471,-0.563361508276,-5,CREATE
658,26.6886276079,13.6709179599,-0.394991453292,-0.383032974912,0.232941800112,0.893881344414,70,REFLECT
658,26.6886276079,13.6709179599,-0.394991453292,-0.383032974912,0.232941800112,0.893881344414,-5,EXIT
659,20.0293086708,-8253.60607535,5646.06473928,-0.000472389998554,0.826210377471,-0.563361508276,-5,CREATE
659,15.2951836906,26.3812209036,0.255561722071,-0.257490167269,0.0341212535102,0.965678286915,39,REFLECT
659,15.2951836906,26.3812209036,0.255561722071,-0.257490167269,0.0341212535102,0.965678286915,-5,EXIT
660,4.86130789736,-8234.11069444,5674.66884338,-0.000472389998554,0.826210377471,-0.563361508276,-5,CREATE
660,0.153413098277,-8.64477809228e-18,60.1411799402,-0.000472389998554,0.826210377471,-0.563361508276,127,ABSORB
661,-11.3921197482,-8252.76368235,5647.32651702,-0.000472389998554,0.826210377471,-0.563361508276,-5,CREATE
661,-16.1266240521,27.8870513089,1.06496666541,-0.000472389998554,0.826210377471,-0.563361508276,78,ABSORB
662,7.62315561522,-8232.18522473,5677.49036805,-0.000472389998554,0.826210377471,-0.563361508276,-5,CREATE
662,2.91636171328,-2.61805565598e-16,64.2756093558,-0.000472389998554,0.826210377471,-0.563361508276,127,ABSORB
663,-22.7914288088,-8257.09598921,5640.98243436,-0.000472389998554,0.826210377471,-0.563361508276,-5,CREATE
663,-27.5211891145,15.2574888143,0.378467808164,0.293811765804,0.182167648788,0.938344070163,108,REFLECT
663,-27.5211891145,15.2574888143,0.378467808164,0.293811765804,0.182167648788,0.938344070163,-5,EXIT
664,17.0915018584,-8253.84675906,5645.71422262,-0.000472389998554,0.826210377471,-0.563361508276,-5,CREATE
664,12.3572532385,26.3567831109,-0.242404824054,-0.228266775945,0.0264813754921,0.973238416706,37,REFLECT
664,12.3572532385,26.3567831109,-0.242404824054,-0.228266775945,0.0264813754921,0.973238416706,-5,EXIT
665,5.69929633473,-8252.40265677,5647.84165562,-0.000472389998554,0.826210377471,-0.563361508276,-5,CREATE
665,0.963626462837,30.2866558929,0.190075588175,-0.0636083065523,-0.0300754268102,0.997521654923,15,REFLECT
665,0.963626462837,30.2866558929,0.190075588175,-0.0636083065523,-0.0300754268102,0.997521654923,-5,EXIT
666,-7.12026466234,-8253.48573349,5646.26399478,-0.000472389998554,0.826210377471,-0.563361508276,-5,CREATE
666,-11.854611332,26.8892977735,0.19043542738,0.101496556508,0.0362021521254,0.994176972776,91,REFLECT
666,-11.854611332,26.8892977735,0.19043542738,0.101496556508,0.0362021521254,0.994176972776,-5,EXIT
667,3.34730478986,-8234.71240373,5673.78766273,-0.000472389998554,0.826210377471,-0.563361508276,-5,CREATE
667,-1.36093403958,7.04345465144e-17,58.8497165621,-0.000472389998554,0.826210377471,-0.563361508276,127,ABSORB
668,9.04621936839,-8233.14795959,5676.07725451,-0.000472389998554,0.826210377471,-0.563361508276,-5,CREATE
668,4.33887501788,-1.35081202354e-16,62.2060434478,-0.000472389998554,0.826210377471,-0.563361508276,127,ABSORB
669,-21.3683650556,-8258.05872407,5639.56932083,-0.000472389998554,0.826210377471,-0.563361508276,-5,CREATE
669,-26.0977413109,13.6230494787,-0.576635930939,-0.000472389998554,0.826210377471,-0.563361508276,118,ABSORB
670,-10.681179833,-8253.72641721,5645.91400061,-0.000472389998554,0.826210377471,-0.563361508276,-5,CREATE
670,-15.4152675117,26.1956386048,0.149308034864,0.141914610089,0.0231292876446,0.989608649667,89,REFLECT
670,-15.4152675117,26.1956386048,0.149308034864,0.141914610089,0.0231292876446,0.989608649667,-5,EXIT
671,8.33054376195,-8236.03616416,5671.84209382,-0.000472389998554,0.826210377471,-0.563361508276,-5,CREATE
671,3.62154806573,2.44835941617e-16,56.0015256352,-0.000472389998554,0.826210377471,-0.563361508276,127,ABSORB
672,2.6375487975,-8232.78693401,5676.61209841,-0.000472389998554,0.826210377471,-0.563361508276,-5,CREATE
672,-2.0695891348,-1.82904488934e-16,62.9870569875,-0.000472389998554,0.826210377471,-0.563361508276,127,ABSORB
673,6.41023624991,-8253.36539163,5646.42913921,-0.000472389998554,0.826210377471,-0.563361508276,-5,CREATE
673,1.67498643259,28.5892453411,-0.721493337594,-0.0770222063088,-0.0137984689521,0.996933890481,20,REFLECT
673,1.67498643259,28.5892453411,-0.721493337594,-0.0770222063088,-0.0137984689521,0.996933890481,-5,EXIT
674,-0.214498322933,-8235.67513859,5672.37872911,-0.000472389998554,0.826210377471,-0.563361508276,-5,CREATE
674,-4.92328760094,1.96902963996e-16,56.7843305656,-0.000472389998554,0.826210377471,-0.563361508276,127,ABSORB
675,30.6164284674,-8258.25929384,5639.23158047,-0.000472389998554,0.826210377471,-0.563361508276,-5,CREATE
675,25.887162219,13.2300777557,-0.783184688783,-0.37782492968,0.228114955713,0.897335995875,70,REFLECT
675,25.887162219,13.2300777557,-0.783184688783,-0.37782492968,0.228114955713,0.897335995875,-5,EXIT
676,7.83645713059,-8251.76083353,5648.78114375,-0.000472389998554,0.826210377471,-0.563361508276,-5,CREATE
676,3.10055023505,31.3430336316,0.846894730384,-0.0885648630487,-0.0460013637839,0.995007607792,11,REFLECT
676,3.10055023505,31.3430336316,0.846894730384,-0.0885648630487,-0.0460013637839,0.995007607792,-5,EXIT
677,1.21172255775,-8234.07058049,5674.73073364,-0.000472389998554,0.826210377471,-0.563361508276,-5,CREATE
677,-3.49614930597,-1.41093017826e-17,60.2304223845,-0.000472389998554,0.826210377471,-0.563361508276,127,ABSORB
678,21.7190242223,-8254.88972183,5644.18076206,-0.000472389998554,0.826210377471,-0.563361508276,-5,CREATE
678,16.9856076206,23.8586201181,-0.783619562684,-0.269558759915,0.0707578097764,0.960380865755,46,REFLECT
678,16.9856076206,23.8586201181,-0.783619562684,-0.269558759915,0.0707578097764,0.960380865755,-5,EXIT
679,6.55102344884,-8235.39434092,5672.78486616,-0.000472389998554,0.826210377471,-0.563361508276,-5,CREATE
679,1.84239471833,1.6031037516e-16,57.3819328925,-0.000472389998554,0.826210377471,-0.563361508276,127,ABSORB
680,3.70652383637,-8232.14511077,5677.55248223,-0.000472389998554,0.826210377471,-0.563361508276,-5,CREATE
680,-1.00024713022,-2.67283800669e-16,64.365075724,-0.000472389998554,0.826210377471,-0.563361508276,127,ABSORB
681,1.78266455588,-8252.36254282,5647.90376981,-0.000472389998554,0.826210377471,-0.563361508276,-5,CREATE
681,-2.95308679203,30.4692714495,0.155023337109,-0.0191695354009,-0.0351721051596,0.999197403885,12,REFLECT
681,-2.95308679203,30.4692714495,0.155023337109,-0.0191695354009,-0.0351721051596,0.999197403885,-5,EXIT
682,7.97882289328,-8232.50613635,5677.01942973,-0.000472389998554,0.826210377471,-0.563361508276,-5,CREATE
682,3.27184550848,-2.1957020513e-16,63.5858535748,-0.000472389998554,0.826210377471,-0.563361508276,127,ABSORB
683,-22.4357615307,-8257.41690083,5640.51149604,-0.000472389998554,0.826210377471,-0.563361508276,-5,CREATE
683,-27.1653744398,14.6787803741,0.0833113551331,0.288129573739,0.19682046426,0.937146228497,113,REFLECT
683,-27.1653744398,14.6787803741,0.0833113551331,0.288129573739,0.19682046426,0.937146228497,-5,EXIT
684,28.838486718,-8256.33382412,5642.05691185,-0.000472389998554,0.826210377471,-0.563361508276,-5,CREATE
684,24.1079403078,17.3945512403,0.515454971479,-0.363464928508,0.173550485165,0.915299663959,57,REFLECT
684,24.1079403078,17.3945512403,0.515454971479,-0.363464928508,0.173550485165,0.915299663959,-5,EXIT
685,-8.19002898309,-8254.76937997,5644.38233144,-0.000472389998554,0.826210377471,-0.563361508276,-5,CREATE
685,-12.9237594931,24.5279877156,-0.956410005217,0.120129571072,0.0492637480757,0.991535157864,100,REFLECT
685,-12.9237594931,24.5279877156,-0.956410005217,0.120129571072,0.0492637480757,0.991535157864,-5,EXIT
686,4.41391198309,-8235.99605021,5671.904208,-0.000472389998554,0.826210377471,-0.563361508276,-5,CREATE
686,-0.295060777766,2.39357706547e-16,56.0909920034,-0.000472389998554,0.826210377471,-0.563361508276,127,ABSORB
687,19.5859084961,-8252.24220096,5648.06533146,-0.000472389998554,0.826210377471,-0.563361508276,-5,CREATE
687,14.8511268025,28.8936872868,1.4729725973,-0.253917331663,-0.00388180672181,0.967218134785,28,REFLECT
687,14.8511268025,28.8936872868,1.4729725973,-0.253917331663,-0.00388180672181,0.967218134785,-5,EXIT
688,-20.3005739396,-8258.37963569,5639.09778537,-0.000472389998554,0.826210377471,-0.563361508276,-5,CREATE
688,-25.0298790059,13.1776284289,-0.963273128419,0.262719610416,0.212044519333,0.94128397847,124,REFLECT
688,-25.0298790059,13.1776284289,-0.963273128419,0.262719610416,0.212044519333,0.94128397847,-5,EXIT
689,33.8221696612,-8257.29655898,5640.64081266,-0.000472389998554,0.826210377471,-0.563361508276,-5,CREATE
689,29.0928128587,14.3511916886,0.518054819362,-0.403643008894,0.212312648609,0.889941380435,61,REFLECT
689,29.0928128587,14.3511916886,0.518054819362,-0.403643008894,0.212312648609,0.889941380435,-5,EXIT
690,-11.749760231,-8254.04732883,5645.44425655,-0.000472389998554,0.826210377471,-0.563361508276,-5,CREATE
690,-16.4836548977,25.5371490833,-0.0902544654248,0.161455250183,0.031500583454,0.986377166925,88,REFLECT
690,-16.4836548977,25.5371490833,-0.0902544654248,0.161455250183,0.031500583454,0.986377166925,-5,EXIT
691,22.433515906,-8252.96425211,5647.00400348,-0.000472389998554,0.826210377471,-0.563361508276,-5,CREATE
691,17.6992743075,27.2270094723,1.05574970529,-0.287638978054,0.0208316769044,0.957512328663,31,REFLECT
691,17.6992743075,27.2270094723,1.05574970529,-0.287638978054,0.0208316769044,0.957512328663,-5,EXIT
692,7.26551513247,-8233.4688712,5675.60810758,-0.000472389998554,0.826210377471,-0.563361508276,-5,CREATE
692,2.5579872991,-9.29555329269e-17,61.5180790574,-0.000472389998554,0.826210377471,-0.563361508276,127,ABSORB
693,-17.4520128141,-8258.32615042,5639.17383681,-0.000472389998554,0.826210377471,-0.563361508276,-5,CREATE
693,-22.1816104413,13.7428027447,-1.23612303541,0.237456962528,0.203103694889,0.949927934145,126,REFLECT
693,-22.1816104413,13.7428027447,-1.23612303541,0.237456962528,0.203103694889,0.949927934145,-5,EXIT
694,3.91969380476,-8251.82769012,5648.68637801,-0.000472389998554,0.826210377471,-0.563361508276,-5,CREATE
694,-0.816256946539,31.3528807872,0.699827624833,-0.0385657548018,-0.0477475265614,0.998114650861,8,REFLECT
694,-0.816256946539,31.3528807872,0.699827624833,-0.0385657548018,-0.0477475265614,0.998114650861,-5,EXIT
695,0.143010612842,-8234.49846265,5674.10410966,-0.000472389998554,0.826210377471,-0.563361508276,-5,CREATE
695,-4.56510589469,4.21252908675e-17,59.312041792,-0.000472389998554,0.826210377471,-0.563361508276,127,ABSORB
696,-13.1721662492,-8252.54974127,5647.64176968,-0.000472389998554,0.826210377471,-0.563361508276,-5,CREATE
696,-17.9066859489,28.1279194581,1.36185878297,0.175523202869,-0.000464976347568,0.984475184579,77,REFLECT
696,-17.9066859489,28.1279194581,1.36185878297,0.175523202869,-0.000464976347568,0.984475184579,-5,EXIT
697,5.84310911419,-8231.97128365,5677.80562071,-0.000472389998554,0.826210377471,-0.563361508276,-5,CREATE
697,1.13643753415,-2.90041693885e-16,64.7367403252,-0.000472389998554,0.826210377471,-0.563361508276,127,ABSORB
698,-24.5714753098,-8256.88204813,5641.29768703,-0.000472389998554,0.826210377471,-0.563361508276,-5,CREATE
698,-29.3011762105,15.3675303991,0.764565596099,0.309966701,0.191641656468,0.931232580926,107,REFLECT
698,-29.3011762105,15.3675303991,0.764565596099,0.309966701,0.191641656468,0.931232580926,-5,EXIT
699,18.1599507094,-8253.63281798,5646.02708677,-0.000472389998554,0.826210377471,-0.563361508276,-5,CREATE
699,13.4256923771,26.5877111191,0.0588765776336,-0.241159807967,0.0312926941542,0.969980780384,38,REFLECT
699,13.4256923771,26.5877111191,0.0588765776336,-0.241159807967,0.0312926941542,0.969980780384,-5,EXIT
700,29.5477165225,-8258.687176,5638.60495649,-0.000472389998554,0.826210377471,-0.563361508276,-5,CREATE
700,24.818541692,12.6423056127,-1.3007857583,-0.354189452939,0.237809866748,0.90443147817,74,REFLECT
700,24.818541692,12.6423056127,-1.3007857583,-0.354189452939,0.237809866748,0.90443147817,-5,EXIT
701,8.68805269772,-8234.85948822,5673.56747437,-0.000472389998554,0.826210377471,-0.563361508276,-5,CREATE
701,3.97972977198,9.00582684881e-17,58.5292368616,-0.000472389998554,0.826210377471,-0.563361508276,127,ABSORB
702,-10.3245588394,-8253.27179241,5646.5804417,-0.000472389998554,0.826210377471,-0.563361508276,-5,CREATE
702,-15.0588752296,27.0502800625,0.542992942411,0.14017069862,0.00820620557465,0.990093345821,84,REFLECT
702,-15.0588752296,27.0502800625,0.542992942411,0.14017069862,0.00820620557465,0.990093345821,-5,EXIT
703,2.8122910825,-8235.46119751,5672.68995114,-0.000472389998554,0.826210377471,-0.563361508276,-5,CREATE
703,-1.89637587359,1.68913640553e-16,57.2414309061,-0.000472389998554,0.826210377471,-0.563361508276,127,ABSORB
704,-19.0536994882,-8257.84478299,5639.88113999,-0.000472389998554,0.826210377471,-0.563361508276,-5,CREATE
704,-23.7834062421,14.4150329942,-0.658961969962,0.262694341441,0.19862630079,0.944213575209,120,REFLECT
704,-23.7834062421,14.4150329942,-0.658961969962,0.262694341441,0.19862630079,0.944213575209,-5,EXIT
705,32.2205487606,-8256.76170628,5641.4265558,-0.000472389998554,0.826210377471,-0.563361508276,-5,CREATE
705,27.4906865222,15.7700520382,0.701026684182,-0.395748640506,0.194726988284,0.897476692495,60,REFLECT
705,27.4906865222,15.7700520382,0.701026684182,-0.395748640506,0.194726988284,0.897476692495,-5,EXIT
706,-13.3513811315,-8253.51247613,5646.22999969,-0.000472389998554,0.826210377471,-0.563361508276,-5,CREATE
706,-18.0854560504,26.3872628287,0.48052412943,0.173760728292,0.0167439991258,0.984645544243,82,REFLECT
706,-18.0854560504,26.3872628287,0.48052412943,0.173760728292,0.0167439991258,0.984645544243,-5,EXIT
707,5.66034246343,-8235.82222308,5672.1580929,-0.000472389998554,0.826210377471,-0.563361508276,-5,CREATE
707,0.951469089114,2.1655410873e-16,56.4634030174,-0.000472389998554,0.826210377471,-0.563361508276,127,ABSORB
708,4.24009052695,-8232.57299293,5676.92451471,-0.000472389998554,0.826210377471,-0.563361508276,-5,CREATE
708,-0.46692508345,-2.10966939738e-16,63.4453515885,-0.000472389998554,0.826210377471,-0.563361508276,127,ABSORB
709,8.01277797935,-8253.15145055,5646.74155551,-0.000472389998554,0.826210377471,-0.563361508276,-5,CREATE
709,3.27746572276,28.9123927453,-0.483540690692,-0.0908086405092,-0.0125832060864,0.995788860017,21,REFLECT
709,3.27746572276,28.9123927453,-0.483540690692,-0.0908086405092,-0.0125832060864,0.995788860017,-5,EXIT
710,-23.327626439,-8258.80751785,5638.4728035,-0.000472389998554,0.826210377471,-0.563361508276,-5,CREATE
710,-28.0564070886,11.8325411677,-0.962847644796,0.290616042143,0.232130228318,0.928255284472,122,REFLECT
710,-28.0564070886,11.8325411677,-0.962847644796,0.290616042143,0.232130228318,0.928255284472,-5,EXIT
711,27.9466218098,-8257.72444114,5640.01821931,-0.000472389998554,0.826210377471,-0.563361508276,-5,CREATE
711,23.2167056242,14.9016709523,-0.771646067768,-0.348634291245,0.205836726619,0.91437704091,67,REFLECT
711,23.2167056242,14.9016709523,-0.771646067768,-0.348634291245,0.205836726619,0.91437704091,-5,EXIT
712,5.16665047301,-8251.22598083,5649.56778258,-0.000472389998554,0.826210377471,-0.563361508276,-5,CREATE
712,0.430467227224,32.3612230687,1.30396458356,-0.0629954664579,-0.0670392805661,0.995759662804,4,REFLECT
712,0.430467227224,32.3612230687,1.30396458356,-0.0629954664579,-0.0670392805661,0.995759662804,-5,EXIT
713,-6.94433845452,-8255.19726213,5643.75376678,-0.000472389998554,0.826210377471,-0.563361508276,-5,CREATE
713,-11.6779214734,23.8421434695,-1.40908010183,0.106848788888,0.0518995056733,0.992919824369,101,REFLECT
713,-11.6779214734,23.8421434695,-1.40908010183,0.106848788888,0.0518995056733,0.992919824369,-5,EXIT
714,3.52678276613,-8233.53572779,5675.51319256,-0.000472389998554,0.826210377471,-0.563361508276,-5,CREATE
714,-1.18078329283,-8.43522675346e-17,61.3775770711,-0.000472389998554,0.826210377471,-0.563361508276,127,ABSORB
715,30.0849665285,-8256.11988304,5642.36962671,-0.000472389998554,0.826210377471,-0.563361508276,-5,CREATE
715,25.3544695392,17.5220549942,0.88710816545,-0.377313633779,0.174600393684,0.909477390752,53,REFLECT
715,25.3544695392,17.5220549942,0.88710816545,-0.377313633779,0.174600393684,0.909477390752,-5,EXIT
716,9.22530270373,-8232.29219527,5677.33214459,-0.000472389998554,0.826210377471,-0.563361508276,-5,CREATE
716,4.51844764083,-2.47650937775e-16,64.0444467408,-0.000472389998554,0.826210377471,-0.563361508276,127,ABSORB
717,-21.1892817203,-8257.20295975,5640.8242109,-0.000472389998554,0.826210377471,-0.563361508276,-5,CREATE
717,-25.9191289855,15.3026104887,0.116538435471,-0.000472389998554,0.826210377471,-0.563361508276,114,ABSORB
718,7.79750325929,-8235.18039984,5673.09758102,-0.000472389998554,0.826210377471,-0.563361508276,-5,CREATE
718,3.08899685069,1.32229642516e-16,57.8405260585,-0.000472389998554,0.826210377471,-0.563361508276,127,ABSORB
719,2.10450829484,-8231.93116969,5677.86758562,-0.000472389998554,0.826210377471,-0.563361508276,-5,CREATE
719,-2.60214034984,-2.95510788035e-16,64.8260574109,-0.000472389998554,0.826210377471,-0.563361508276,127,ABSORB
720,3.02914436633,-8252.14860174,5648.21648467,-0.000472389998554,0.826210377471,-0.563361508276,-5,CREATE
720,-1.70668417261,30.8182196713,0.375681950544,-0.0405092716039,-0.0492599495132,0.997964155813,8,REFLECT
720,-1.70668417261,30.8182196713,0.375681950544,-0.0405092716039,-0.0492599495132,0.997964155813,-5,EXIT
721,20.1193765264,-8252.75031103,5647.31970399,-0.000472389998554,0.826210377471,-0.563361508276,-5,CREATE
721,15.3848607061,27.920564762,1.04441948524,-0.247073489318,0.0213595645915,0.968761301806,29,REFLECT
721,15.3848607061,27.920564762,1.04441948524,-0.247073489318,0.0213595645915,0.968761301806,-5,EXIT
722,4.95137575294,-8233.25493013,5675.92380809,-0.000472389998554,0.826210377471,-0.563361508276,-5,CREATE
722,0.24397024148,-1.21219083973e-16,61.9796578745,-0.000472389998554,0.826210377471,-0.563361508276,127,ABSORB
723,19.7606507811,-8254.91646446,5644.14318419,-0.000472389998554,0.826210377471,-0.563361508276,-5,CREATE
723,15.0270890491,24.0857103435,-0.994276430992,-0.24253733407,0.0655700166741,0.967923661502,49,REFLECT
723,15.0270890491,24.0857103435,-0.994276430992,-0.24253733407,0.0655700166741,0.967923661502,-5,EXIT
724,-8.72385876763,-8254.55543889,5644.69653913,-0.000472389998554,0.826210377471,-0.563361508276,-5,CREATE
724,-13.457659949,24.8655329558,-0.726483305819,0.123078605031,0.0390800281693,0.991627151898,95,REFLECT
724,-13.457659949,24.8655329558,-0.726483305819,0.123078605031,0.0390800281693,0.991627151898,-5,EXIT
725,1.74371068457,-8235.78210913,5672.22020708,-0.000472389998554,0.826210377471,-0.563361508276,-5,CREATE
725,-2.96513975438,2.1107587366e-16,56.5528693856,-0.000472389998554,0.826210377471,-0.563361508276,127,ABSORB
726,4.0961462005,-8253.1113366,5646.8036697,-0.000472389998554,0.826210377471,-0.563361508276,-5,CREATE
726,-0.639255366752,29.1087110985,-0.527936358895,-0.0575996578649,-0.0184005646722,0.998170175187,19,REFLECT
726,-0.639255366752,29.1087110985,-0.527936358895,-0.0575996578649,-0.0184005646722,0.998170175187,-5,EXIT
727,-7.297243246,-8252.62996917,5647.51918342,-0.000472389998554,0.826210377471,-0.563361508276,-5,CREATE
727,-12.031979749,28.4268808426,0.980717729839,0.108636972149,-0.013011088548,0.99399633795,81,REFLECT
727,-12.031979749,28.4268808426,0.980717729839,0.108636972149,-0.013011088548,0.99399633795,-5,EXIT
728,-12.9968977763,-8254.79612261,5644.34714209,-0.000472389998554,0.826210377471,-0.563361508276,-5,CREATE
728,-17.7304026787,24.1066571904,-0.72254484529,0.170965293296,0.0503640324869,0.983988990142,92,REFLECT
728,-17.7304026787,24.1066571904,-0.72254484529,0.170965293296,0.0503640324869,0.983988990142,-5,EXIT
729,21.1863783606,-8253.71304589,5645.90688902,-0.000472389998554,0.826210377471,-0.563361508276,-5,CREATE
729,16.4523934836,26.0292096884,0.264795405122,-0.261989510817,0.0441851686173,0.96405869484,40,REFLECT
729,16.4523934836,26.0292096884,0.264795405122,-0.261989510817,0.0441851686173,0.96405869484,-5,EXIT
730,6.01837758712,-8234.21766498,5674.51099312,-0.000472389998554,0.826210377471,-0.563361508276,-5,CREATE
730,1.31042162709,5.48699743093e-18,59.9103905316,-0.000472389998554,0.826210377471,-0.563361508276,127,ABSORB
731,-22.2562835545,-8256.24022489,5642.23702587,-0.000472389998554,0.826210377471,-0.563361508276,-5,CREATE
731,-26.9865572754,17.0112166521,1.02077206357,0.292713275894,0.168153061352,0.941298829317,104,REFLECT
731,-26.9865572754,17.0112166521,1.02077206357,0.292713275894,0.168153061352,0.941298829317,-5,EXIT
732,17.6266471127,-8252.99099474,5646.96881413,-0.000472389998554,0.826210377471,-0.563361508276,-5,CREATE
732,12.8920448931,27.8309935459,0.590491742875,-0.231635196664,0.0142650404364,0.972698125981,32,REFLECT
732,12.8920448931,27.8309935459,0.590491742875,-0.231635196664,0.0142650404364,0.972698125981,-5,EXIT
733,6.23286302531,-8252.83053893,5647.21368809,-0.000472389998554,0.826210377471,-0.563361508276,-5,CREATE
733,1.49738687026,29.5199628665,-0.206869662474,-0.0715324539444,-0.029594414456,0.996999136743,15,REFLECT
733,1.49738687026,29.5199628665,-0.206869662474,-0.0715324539444,-0.029594414456,0.996999136743,-5,EXIT
734,-8.01094564775,-8253.91361565,5645.63722151,-0.000472389998554,0.826210377471,-0.563361508276,-5,CREATE
734,-12.7450691632,26.0711186695,-0.170209160058,0.11009813753,0.0199817658742,0.993719844395,91,REFLECT
734,-12.7450691632,26.0711186695,-0.170209160058,0.11009813753,0.0199817658742,0.993719844395,-5,EXIT
735,3.88087148043,-8235.14028589,5673.15969521,-0.000472389998554,0.826210377471,-0.563361508276,-5,CREATE
735,-0.827611992808,1.26751407445e-16,57.9299924267,-0.000472389998554,0.826210377471,-0.563361508276,127,ABSORB
736,9.58096998179,-8232.61310689,5676.86120626,-0.000472389998554,0.826210377471,-0.563361508276,-5,CREATE
736,4.87393143604,-2.05415577307e-16,63.3546909599,-0.000472389998554,0.826210377471,-0.563361508276,127,ABSORB
737,-20.8336144422,-8257.52387137,5640.35327258,-0.000472389998554,0.826210377471,-0.563361508276,-5,CREATE
737,-25.5633219227,14.7372153691,-0.187695865742,0.276820053738,0.189960861871,0.941958347702,114,REFLECT
737,-25.5633219227,14.7372153691,-0.187695865742,0.276820053738,0.189960861871,0.941958347702,-5,EXIT
738,33.2891291585,-8256.44079466,5641.89629986,-0.000472389998554,0.826210377471,-0.563361508276,-5,CREATE
738,28.5592382715,16.1410701335,1.13660504272,-0.40646666184,0.192003108527,0.893263488075,55,REFLECT
738,28.5592382715,16.1410701335,1.13660504272,-0.40646666184,0.192003108527,0.893263488075,-5,EXIT
739,-12.2828007336,-8253.19156451,5646.69974375,-0.000472389998554,0.826210377471,-0.563361508276,-5,CREATE
739,-17.0170644278,27.0383425959,0.725139059992,0.157906022166,0.0136479485389,0.987359823805,83,REFLECT
739,-17.0170644278,27.0383425959,0.725139059992,0.157906022166,0.0136479485389,0.987359823805,-5,EXIT
740,6.72773893854,-8236.46404632,5671.21591768,-0.000472389998554,0.826210377471,-0.563361508276,-5,CREATE
740,2.01849859852,3.01043111507e-16,55.0835928904,-0.000472389998554,0.826210377471,-0.563361508276,127,ABSORB
741,1.03474397409,-8233.21481617,5675.98592228,-0.000472389998554,0.826210377471,-0.563361508276,-5,CREATE
741,-3.67263860202,-1.26697319044e-16,62.0691242427,-0.000472389998554,0.826210377471,-0.563361508276,127,ABSORB
742,-6.58788189458,-8254.87635051,5644.22410798,-0.000472389998554,0.826210377471,-0.563361508276,-5,CREATE
742,-11.3216268506,24.4462831173,-1.13186135465,0.101522313897,0.0497669947058,0.993587674047,101,REFLECT
742,-11.3216268506,24.4462831173,-1.13186135465,0.101522313897,0.0497669947058,0.993587674047,-5,EXIT
743,4.8074314265,-8253.79327379,5645.80296308,-0.000472389998554,0.826210377471,-0.563361508276,-5,CREATE
743,0.0723314721799,27.8992527142,-1.16894628989,-0.0559257263768,-0.00513777834972,0.998421712686,24,REFLECT
743,0.0723314721799,27.8992527142,-1.16894628989,-0.0559257263768,-0.00513777834972,0.998421712686,-5,EXIT
744,0.986684465764,-8236.10302075,5671.75020177,-0.000472389998554,0.826210377471,-0.563361508276,-5,CREATE
744,-3.72234945605,2.53254103377e-16,55.8640466206,-0.000472389998554,0.826210377471,-0.563361508276,127,ABSORB
745,-23.7278014569,-8258.48660623,5638.94377914,-0.000472389998554,0.826210377471,-0.563361508276,-5,CREATE
745,-28.4567120632,12.3807470766,-0.646855352393,0.299891052921,0.221961966928,0.927792132762,117,REFLECT
745,-28.4567120632,12.3807470766,-0.646855352393,0.299891052921,0.221961966928,0.927792132762,-5,EXIT
746,19.0036245623,-8255.23737608,5643.67317888,-0.000472389998554,0.826210377471,-0.563361508276,-5,CREATE
746,14.2701552745,23.6031138151,-1.35403493402,-0.238190428341,0.0693387345601,0.968740140459,49,REFLECT
746,14.2701552745,23.6031138151,-1.35403493402,-0.238190428341,0.0693387345601,0.968740140459,-5,EXIT
747,30.3949421439,-8257.40352952,5640.48680643,-0.000472389998554,0.826210377471,-0.563361508276,-5,CREATE
747,25.6651895786,14.9364105551,-0.107929104102,-0.378144318386,0.216455589296,0.900085469461,64,REFLECT
747,25.6651895786,14.9364105551,-0.107929104102,-0.378144318386,0.216455589296,0.900085469461,-5,EXIT
748,9.5352783191,-8233.57584174,5675.44932431,-0.000472389998554,0.826210377471,-0.563361508276,-5,CREATE
748,4.82768932477,-7.87666266532e-17,61.2863566329,-0.000472389998554,0.826210377471,-0.563361508276,127,ABSORB
749,2.41329998739,-8234.17755103,5674.57284606,-0.000472389998554,0.826210377471,-0.563361508276,-5,CREATE
749,-2.29463303729,2.47589706111e-20,59.9995956553,-0.000472389998554,0.826210377471,-0.563361508276,127,ABSORB
750,-19.4526905833,-8256.56113651,5641.76403491,-0.000472389998554,0.826210377471,-0.563361508276,-5,CREATE
750,-24.1830623,16.8616997666,0.430913538745,0.257379055629,0.164534362882,0.952199803169,111,REFLECT
750,-24.1830623,16.8616997666,0.430913538745,0.257379055629,0.164534362882,0.952199803169,-5,EXIT
751,-21.6326490083,-8255.81234273,5642.86402306,-0.000472389998554,0.826210377471,-0.563361508276,-5,CREATE
751,-26.3632090681,17.9399057489,1.30628800369,0.286228394812,0.155339391859,0.9454855786,105,REFLECT
751,-26.3632090681,17.9399057489,1.30628800369,0.286228394812,0.155339391859,0.9454855786,-5,EXIT
752,-21.9922626957,-8258.70054731,5638.6285638,-0.000472389998554,0.826210377471,-0.563361508276,-5,CREATE
752,-26.7212286652,12.2636362154,-1.02809554838,0.278071305206,0.231112215997,0.932343012436,123,REFLECT
752,-26.7212286652,12.2636362154,-1.02809554838,0.278071305206,0.231112215997,0.932343012436,-5,EXIT
753,29.281985553,-8257.6174706,5640.17397961,-0.000472389998554,0.826210377471,-0.563361508276,-5,CREATE
753,24.5521910224,14.7958668297,-0.470802798238,-0.361855903069,0.20990736197,0.908294668489,68,REFLECT
753,24.5521910224,14.7958668297,-0.470802798238,-0.361855903069,0.20990736197,0.908294668489,-5,EXIT
754,6.50201421623,-8251.1190103,5649.72354288,-0.000472389998554,0.826210377471,-0.563361508276,-5,CREATE
754,1.7658122662,32.5009073471,1.43741862682,-0.0745755752463,-0.0681117551758,0.994886562571,5,REFLECT
754,1.7658122662,32.5009073471,1.43741862682,-0.0745755752463,-0.0681117551758,0.994886562571,-5,EXIT
755,4.14883874854,-8234.39149211,5674.25763072,-0.000472389998554,0.826210377471,-0.563361508276,-5,CREATE
755,-0.559216598038,2.82586020268e-17,59.5385020065,-0.000472389998554,0.826210377471,-0.563361508276,127,ABSORB
756,30.7086010747,-8255.69200088,5642.9966239,-0.000472389998554,0.826210377471,-0.563361508276,-5,CREATE
756,25.9779644834,18.1941011708,1.34761917536,-0.385456310096,0.170826701073,0.906775424903,53,REFLECT
756,25.9779644834,18.1941011708,1.34761917536,-0.385456310096,0.170826701073,0.906775424903,-5,EXIT
757,-20.5656471741,-8256.77507759,5641.45120809,-0.000472389998554,0.826210377471,-0.563361508276,-5,CREATE
757,-25.295794182,16.2547427126,0.386069396708,0.258808811284,0.138694942756,0.955919302063,110,REFLECT
757,-25.295794182,16.2547427126,0.386069396708,0.258808811284,0.138694942756,0.955919302063,-5,EXIT
758,-12.018385234,-8255.33097531,5643.56192144,-0.000472389998554,0.826210377471,-0.563361508276,-5,CREATE
758,-16.7516970373,23.234074135,-1.27747998121,0.160675933867,0.0718001101461,0.984392192401,97,REFLECT
758,-16.7516970373,23.234074135,-1.27747998121,0.160675933867,0.0718001101461,0.984392192401,-5,EXIT
759,22.164890903,-8254.24789859,5645.12166837,-0.000472389998554,0.826210377471,-0.563361508276,-5,CREATE
759,17.4312237308,24.9386910326,-0.141537713791,-0.277212436857,0.053256854725,0.959331523654,41,REFLECT
759,17.4312237308,24.9386910326,-0.141537713791,-0.277212436857,0.053256854725,0.959331523654,-5,EXIT
760,6.99689012946,-8234.75251768,5673.72577247,-0.000472389998554,0.826210377471,-0.563361508276,-5,CREATE
760,2.28862836467,7.58990702045e-17,58.7604741178,-0.000472389998554,0.826210377471,-0.563361508276,127,ABSORB
761,4.36371882767,-8252.68345444,5647.43096545,-0.000472389998554,0.826210377471,-0.563361508276,-5,CREATE
761,-0.371853246484,29.8348099221,-0.103983233007,-0.0515122555905,-0.0343602008571,0.998081090955,14,REFLECT
761,-0.371853246484,29.8348099221,-0.103983233007,-0.0515122555905,-0.0343602008571,0.998081090955,-5,EXIT
762,27.1450220776,-8258.09883803,5639.46981136,-0.000472389998554,0.826210377471,-0.563361508276,-5,CREATE
762,22.4152040593,14.3555794396,-1.20298196546,-0.343101502623,0.21517926485,0.914319004985,72,REFLECT
762,22.4152040593,14.3555794396,-1.20298196546,-0.343101502623,0.21517926485,0.914319004985,-5,EXIT
763,0.58703563575,-8235.35422697,5672.8486971,-0.000472389998554,0.826210377471,-0.563361508276,-5,CREATE
763,-4.1215701594,1.54727019509e-16,57.47311601,-0.000472389998554,0.826210377471,-0.563361508276,127,ABSORB
764,6.2871341371,-8232.82704797,5676.55020815,-0.000472389998554,0.826210377471,-0.563361508276,-5,CREATE
764,1.57997326945,-1.77439965243e-16,62.8978145432,-0.000472389998554,0.826210377471,-0.563361508276,127,ABSORB
765,-24.1274502869,-8257.73781245,5640.04227446,-0.000472389998554,0.826210377471,-0.563361508276,-5,CREATE
765,-28.8567244449,13.7653928615,0.0180766125868,0.301937462812,0.208547237414,0.930237506402,112,REFLECT
765,-28.8567244449,13.7653928615,0.0180766125868,0.301937462812,0.208547237414,0.930237506402,-5,EXIT
766,18.6039757323,-8254.4885823,5644.7716742,-0.000472389998554,0.826210377471,-0.563361508276,-5,CREATE
766,13.8701314037,25.007853989,-0.702804570452,-0.236894581438,0.0460179714687,0.97044489982,43,REFLECT
766,13.8701314037,25.007853989,-0.702804570452,-0.236894581438,0.0460179714687,0.97044489982,-5,EXIT
767,29.9952933138,-8256.65473574,5641.58530175,-0.000472389998554,0.826210377471,-0.563361508276,-5,CREATE
767,25.2650746564,16.50039983,0.434715339727,-0.000472389998554,0.826210377471,-0.563361508276,58,ABSORB
768,9.13207772063,-8235.71525254,5672.3120618,-0.000472389998554,0.826210377471,-0.563361508276,-5,CREATE
768,4.42326550727,2.02659997129e-16,56.6903110796,-0.000472389998554,0.826210377471,-0.563361508276,127,ABSORB
769,-9.88053381645,-8254.12755673,5645.32502914,-0.000472389998554,0.826210377471,-0.563361508276,-5,CREATE
769,-14.6144739212,25.5363921588,-0.263670118105,0.135063240847,0.0276780796381,0.990450324287,89,REFLECT
769,-14.6144739212,25.5363921588,-0.263670118105,0.135063240847,0.0276780796381,0.990450324287,-5,EXIT
770,-22.7012294062,-8256.13325435,5642.394279,-0.000472389998554,0.826210377471,-0.563361508276,-5,CREATE
770,-27.4315152249,17.1393462021,1.1635976633,0.290313178329,0.166604672619,0.942316900809,104,REFLECT
770,-27.4315152249,17.1393462021,1.1635976633,0.290313178329,0.166604672619,0.942316900809,-5,EXIT
771,17.181701261,-8252.8840242,5647.12606726,-0.000472389998554,0.826210377471,-0.563361508276,-5,CREATE
771,12.4470207938,28.0748191381,0.65442860113,-0.225430321931,0.00444304557933,0.974249161816,32,REFLECT
771,12.4470207938,28.0748191381,0.65442860113,-0.225430321931,0.00444304557933,0.974249161816,-5,EXIT
772,2.93789258792,-8253.96710092,5645.54960068,-0.000472389998554,0.826210377471,-0.563361508276,-5,CREATE
772,-1.79716022406,27.6429736096,-1.36608781732,-0.0391763414165,-0.00111752913052,0.999231687549,23,REFLECT
772,-1.79716022406,27.6429736096,-1.36608781732,-0.0391763414165,-0.00111752913052,0.999231687549,-5,EXIT
773,-8.45431293576,-8252.52299863,5647.67703367,-0.000472389998554,0.826210377471,-0.563361508276,-5,CREATE
773,-13.1890556263,28.5446733131,1.13118892205,0.12268883084,-0.0185769903954,0.992271306758,81,REFLECT
773,-13.1890556263,28.5446733131,1.13118892205,0.12268883084,-0.0185769903954,0.992271306758,-5,EXIT
774,31.4179624261,-8257.93838222,5639.70154846,-0.000472389998554,0.826210377471,-0.563361508276,-5,CREATE
774,26.6886276079,13.6709179599,-0.394991453292,-0.381756981858,0.229191002244,0.895395494345,70,REFLECT
774,26.6886276079,13.6709179599,-0.394991453292,-0.381756981858,0.229191002244,0.895395494345,-5,EXIT
775,20.0293086708,-8253.60607535,5646.06473928,-0.000472389998554,0.826210377471,-0.563361508276,-5,CREATE
775,15.2951836906,26.3812209036,0.255561722071,-0.253146511101,0.0332392351093,0.966856761453,39,REFLECT
775,15.2951836906,26.3812209036,0.255561722071,-0.253146511101,0.0332392351093,0.966856761453,-5,EXIT
776,4.86130789736,-8234.11069444,5674.66884338,-0.000472389998554,0.826210377471,-0.563361508276,-5,CREATE
776,0.153413098277,-8.64477809228e-18,60.1411799402,-0.000472389998554,0.826210377471,-0.563361508276,127,ABSORB
777,-11.3921197482,-8252.76368235,5647.32651702,-0.000472389998554,0.826210377471,-0.563361508276,-5,CREATE
777,-16.1266240521,27.8870513089,1.06496666541,0.156548934415,-0.0072812246715,0.987643364227,78,REFLECT
777,-16.1266240521,27.8870513089,1.06496666541,0.156548934415,-0.0072812246715,0.987643364227,-5,EXIT
778,7.62315561522,-8232.18522473,5677.49036805,-0.000472389998554,0.826210377471,-0.563361508276,-5,CREATE
778,2.91636171328,-2.61805565598e-16,64.2756093558,-0.000472389998554,0.826210377471,-0.563361508276,127,ABSORB
779,-22.7914288088,-8257.09598921,5640.98243436,-0.000472389998554,0.826210377471,-0.563361508276,-5,CREATE
779,-27.5211891145,15.2574888143,0.378467808164,0.293002898639,0.196895344359,0.93561825803,108,REFLECT
779,-27.5211891145,15.2574888143,0.378467808164,0.293002898639,0.196895344359,0.93561825803,-5,EXIT
780,17.0915018584,-8253.84675906,5645.71422262,-0.000472389998554,0.826210377471,-0.563361508276,-5,CREATE
780,12.3572532385,26.3567831109,-0.242404824054,-0.222817113413,0.0283056088214,0.974449242639,37,REFLECT
780,12.3572532385,26.3567831109,-0.242404824054,-0.222817113413,0.0283056088214,0.974449242639,-5,EXIT
781,5.69929633473,-8252.40265677,5647.84165562,-0.000472389998554,0.826210377471,-0.563361508276,-5,CREATE
781,0.963626462837,30.2866558929,0.190075588175,-0.0703286437179,-0.0355716369775,0.996889432443,15,REFLECT
781,0.963626462837,30.2866558929,0.190075588175,-0.0703286437179,-0.0355716369775,0.996889432443,-5,EXIT
782,-7.12026466234,-8253.48573349,5646.26399478,-0.000472389998554,0.826210377471,-0.563361508276,-5,CREATE
782,-11.854611332,26.8892977735,0.19043542738,0.105980087555,0.00850761324325,0.994331856856,91,REFLECT
782,-11.854611332,26.8892977735,0.19043542738,0.105980087555,0.00850761324325,0.994331856856,-5,EXIT
783,3.34730478986,-8234.71240373,5673.78766273,-0.000472389998554,0.826210377471,-0.563361508276,-5,CREATE
783,-1.36093403958,7.04345465144e-17,58.8497165621,-0.000472389998554,0.826210377471,-0.563361508276,127,ABSORB
784,9.04621936839,-8233.14795959,5676.07725451,-0.000472389998554,0.826210377471,-0.563361508276,-5,CREATE
784,4.33887501788,-1.35081202354e-16,62.2060434478,-0.000472389998554,0.826210377471,-0.563361508276,127,ABSORB
785,-21.3683650556,-8258.05872407,5639.56932083,-0.000472389998554,0.826210377471,-0.563361508276,-5,CREATE
785,-26.0977413109,13.6230494787,-0.576635930939,0.27714012278,0.210697662709,0.937443250162,118,REFLECT
785,-26.0977413109,13.6230494787,-0.576635930939,0.27714012278,0.210697662709,0.937443250162,-5,EXIT
786,-10.681179833,-8253.72641721,5645.91400061,-0.000472389998554,0.826210377471,-0.563361508276,-5,CREATE
786,-15.4152675117,26.1956386048,0.149308034864,0.150530876124,0.0244730701023,0.988302344515,89,REFLECT
786,-15.4152675117,26.1956386048,0.149308034864,0.150530876124,0.0244730701023,0.988302344515,-5,EXIT
787,8.33054376195,-8236.03616416,5671.84209382,-0.000472389998554,0.826210377471,-0.563361508276,-5,CREATE
787,3.62154806573,2.44835941617e-16,56.0015256352,-0.000472389998554,0.826210377471,-0.563361508276,127,ABSORB
788,2.6375487975,-8232.78693401,5676.61209841,-0.000472389998554,0.826210377471,-0.563361508276,-5,CREATE
788,-2.0695891348,-1.82904488934e-16,62.9870569875,-0.000472389998554,0.826210377471,-0.563361508276,127,ABSORB
789,6.41023624991,-8253.36539163,5646.42913921,-0.000472389998554,0.826210377471,-0.563361508276,-5,CREATE
789,1.67498643259,28.5892453411,-0.721493337594,-0.0751683956472,-0.0119287907264,0.997099501679,20,REFLECT
789,1.67498643259,28.5892453411,-0.721493337594,-0.0751683956472,-0.0119287907264,0.997099501679,-5,EXIT
790,-0.214498322933,-8235.67513859,5672.37872911,-0.000472389998554,0.826210377471,-0.563361508276,-5,CREATE
790,-4.92328760094,1.96902963996e-16,56.7843305656,-0.000472389998554,0.826210377471,-0.563361508276,127,ABSORB
791,30.6164284674,-8258.25929384,5639.23158047,-0.000472389998554,0.826210377471,-0.563361508276,-5,CREATE
791,25.887162219,13.2300777557,-0.783184688783,-0.373663928489,0.230719955754,0.898411693247,70,REFLECT
791,25.887162219,13.2300777557,-0.783184688783,-0.373663928489,0.230719955754,0.898411693247,-5,EXIT
792,7.83645713059,-8251.76083353,5648.78114375,-0.000472389998554,0.826210377471,-0.563361508276,-5,CREATE
792,3.10055023505,31.3430336316,0.846894730384,-0.0876483129235,-0.0498902635894,0.994901369403,11,REFLECT
792,3.10055023505,31.3430336316,0.846894730384,-0.0876483129235,-0.0498902635894,0.994901369403,-5,EXIT
793,1.21172255775,-8234.07058049,5674.73073364,-0.000472389998554,0.826210377471,-0.563361508276,-5,CREATE
793,-3.49614930597,-1.41093017826e-17,60.2304223845,-0.000472389998554,0.826210377471,-0.563361508276,127,ABSORB
794,21.7190242223,-8254.88972183,5644.18076206,-0.000472389998554,0.826210377471,-0.563361508276,-5,CREATE
794,16.9856076206,23.8586201181,-0.783619562684,-0.000472389998554,0.826210377471,-0.563361508276,46,ABSORB
795,6.55102344884,-8235.39434092,5672.78486616,-0.000472389998554,0.826210377471,-0.563361508276,-5,CREATE
795,1.84239471833,1.6031037516e-16,57.3819328925,-0.000472389998554,0.826210377471,-0.563361508276,127,ABSORB
796,3.70652383637,-8232.14511077,5677.55248223,-0.000472389998554,0.826210377471,-0.563361508276,-5,CREATE
796,-1.00024713022,-2.67283800669e-16,64.365075724,-0.000472389998554,0.826210377471,-0.563361508276,127,ABSORB
797,1.78266455588,-8252.36254282,5647.90376981,-0.000472389998554,0.826210377471,-0.563361508276,-5,CREATE
797,-2.95308679203,30.4692714495,0.155023337109,-0.0271373215326,-0.0406210297532,0.998806036086,12,REFLECT
797,-2.95308679203,30.4692714495,0.155023337109,-0.0271373215326,-0.0406210297532,0.998806036086,-5,EXIT
798,7.97882289328,-8232.50613635,5677.01942973,-0.000472389998554,0.826210377471,-0.563361508276,-5,CREATE
798,3.27184550848,-2.1957020513e-16,63.5858535748,-0.000472389998554,0.826210377471,-0.563361508276,127,ABSORB
799,-22.4357615307,-8257.41690083,5640.51149604,-0.000472389998554,0.826210377471,-0.563361508276,-5,CREATE
799,-27.1653744398,14.6787803741,0.0833113551331,0.286274871206,0.194495962868,0.938199349043,113,REFLECT
799,-27.1653744398,14.6787803741,0.0833113551331,0.286274871206,0.194495962868,0.938199349043,-5,EXIT
800,28.838486718,-8256.33382412,5642.05691185,-0.000472389998554,0.826210377471,-0.563361508276,-5,CREATE
800,24.1079403078,17.3945512403,0.515454971479,-0.36243293312,0.1712076759,0.916149715223,57,REFLECT
800,24.1079403078,17.3945512403,0.515454971479,-0.36243293312,0.1712076759,0.916149715223,-5,EXIT
801,-8.19002898309,-8254.76937997,5644.38233144,-0.000472389998554,0.826210377471,-0.563361508276,-5,CREATE
801,-12.9237594931,24.5279877156,-0.956410005217,0.123034569504,0.0517808251118,0.991050574319,100,REFLECT
801,-12.9237594931,24.5279877156,-0.956410005217,0.123034569504,0.0517808251118,0.991050574319,-5,EXIT
802,4.41391198309,-8235.99605021,5671.904208,-0.000472389998554,0.826210377471,-0.563361508276,-5,CREATE
802,-0.295060777766,2.39357706547e-16,56.0909920034,-0.000472389998554,0.826210377471,-0.563361508276,127,ABSORB
803,19.5859084961,-8252.24220096,5648.06533146,-0.000472389998554,0.826210377471,-0.563361508276,-5,CREATE
803,14.8511268025,28.8936872868,1.4729725973,-0.254594225376,0.00656722759477,0.967025672838,28,REFLECT
803,14.8511268025,28.8936872868,1.4729725973,-0.254594225376,0.00656722759477,0.967025672838,-5,EXIT
804,-20.3005739396,-8258.37963569,5639.09778537,-0.000472389998554,0.826210377471,-0.563361508276,-5,CREATE
804,-25.0298790059,13.1776284289,-0.963273128419,-0.000472389998554,0.826210377471,-0.563361508276,124,ABSORB
805,33.8221696612,-8257.29655898,5640.64081266,-0.000472389998554,0.826210377471,-0.563361508276,-5,CREATE
805,29.0928128587,14.3511916886,0.518054819362,-0.410212986815,0.213716086476,0.886595025832,61,REFLECT
805,29.0928128587,14.3511916886,0.518054819362,-0.410212986815,0.213716086476,0.886595025832,-5,EXIT
806,-11.749760231,-8254.04732883,5645.44425655,-0.000472389998554,0.826210377471,-0.563361508276,-5,CREATE
806,-16.4836548977,25.5371490833,-0.0902544654248,0.161378428556,0.0267981203233,0.986528693726,88,REFLECT
806,-16.4836548977,25.5371490833,-0.0902544654248,0.161378428556,0.0267981203233,0.986528693726,-5,EXIT
807,22.433515906,-8252.96425211,5647.00400348,-0.000472389998554,0.826210377471,-0.563361508276,-5,CREATE
807,17.6992743075,27.2270094723,1.05574970529,-0.287351865877,0.0244042568114,0.957514144766,31,REFLECT
807,17.6992743075,27.2270094723,1.05574970529,-0.287351865877,0.0244042568114,0.957514144766,-5,EXIT
808,7.26551513247,-8233.4688712,5675.60810758,-0.000472389998554,0.826210377471,-0.563361508276,-5,CREATE
808,2.5579872991,-9.29555329269e-17,61.5180790574,-0.000472389998554,0.826210377471,-0.563361508276,127,ABSORB
809,-17.4520128141,-8258.32615042,5639.17383681,-0.000472389998554,0.826210377471,-0.563361508276,-5,CREATE
809,-22.1816104413,13.7428027447,-1.23612303541,0.241966321845,0.212897068369,0.946639919596,126,REFLECT
809,-22.1816104413,13.7428027447,-1.23612303541,0.241966321845,0.212897068369,0.946639919596,-5,EXIT
810,3.91969380476,-8251.82769012,5648.68637801,-0.000472389998554,0.826210377471,-0.563361508276,-5,CREATE
810,-0.816256946539,31.3528807872,0.699827624833,-0.0484039962535,-0.0494554145975,0.997602734115,8,REFLECT
810,-0.816256946539,31.3528807872,0.699827624833,-0.0484039962535,-0.0494554145975,0.997602734115,-5,EXIT
811,0.143010612842,-8234.49846265,5674.10410966,-0.000472389998554,0.826210377471,-0.563361508276,-5,CREATE
811,-4.56510589469,4.21252908675e-17,59.312041792,-0.000472389998554,0.826210377471,-0.563361508276,127,ABSORB
812,-13.1721662492,-8252.54974127,5647.64176968,-0.000472389998554,0.826210377471,-0.563361508276,-5,CREATE
812,-17.9066859489,28.1279194581,1.36185878297,0.179219200663,0.00222018836249,0.983806662346,77,REFLECT
812,-17.9066859489,28.1279194581,1.36185878297,0.179219200663,0.00222018836249,0.983806662346,-5,EXIT
813,5.84310911419,-8231.97128365,5677.80562071,-0.000472389998554,0.826210377471,-0.563361508276,-5,CREATE
813,1.13643753415,-2.90041693885e-16,64.7367403252,-0.000472389998554,0.826210377471,-0.563361508276,127,ABSORB
814,-24.5714753098,-8256.88204813,5641.29768703,-0.000472389998554,0.826210377471,-0.563361508276,-5,CREATE
814,-29.3011762105,15.3675303991,0.764565596099,-0.000472389998554,0.826210377471,-0.563361508276,107,ABSORB
815,18.1599507094,-8253.63281798,5646.02708677,-0.000472389998554,0.826210377471,-0.563361508276,-5,CREATE
815,13.4256923771,26.5877111191,0.0588765776336,-0.239146702745,0.0288329353242,0.970555261903,38,REFLECT
815,13.4256923771,26.5877111191,0.0588765776336,-0.239146702745,0.0288329353242,0.970555261903,-5,EXIT
816,29.5477165225,-8258.687176,5638.60495649,-0.000472389998554,0.826210377471,-0.563361508276,-5,CREATE
816,24.818541692,12.6423056127,-1.3007857583,-0.363333941093,0.234780570194,0.90159111082,74,REFLECT
816,24.818541692,12.6423056127,-1.3007857583,-0.363333941093,0.234780570194,0.90159111082,-5,EXIT
817,8.68805269772,-8234.85948822,5673.56747437,-0.000472389998554,0.826210377471,-0.563361508276,-5,CREATE
817,3.97972977198,9.00582684881e-17,58.5292368616,-0.000472389998554,0.826210377471,-0.563361508276,127,ABSORB
818,-10.3245588394,-8253.27179241,5646.5804417,-0.000472389998554,0.826210377471,-0.563361508276,-5,CREATE
818,-15.0588752296,27.0502800625,0.542992942411,0.139553352936,0.0118794201652,0.990143293196,84,REFLECT
818,-15.0588752296,27.0502800625,0.542992942411,0.139553352936,0.0118794201652,0.990143293196,-5,EXIT
819,2.8122910825,-8235.46119751,5672.68995114,-0.000472389998554,0.826210377471,-0.563361508276,-5,CREATE
819,-1.89637587359,1.68913640553e-16,57.2414309061,-0.000472389998554,0.826210377471,-0.563361508276,127,ABSORB
820,-19.0536994882,-8257.84478299,5639.88113999,-0.000472389998554,0.826210377471,-0.563361508276,-5,CREATE
820,-23.7834062421,14.4150329942,-0.658961969962,0.254123607748,0.198712764951,0.946538128672,120,REFLECT
820,-23.7834062421,14.4150329942,-0.658961969962,0.254123607748,0.198712764951,0.946538128672,-5,EXIT
821,32.2205487606,-8256.76170628,5641.4265558,-0.000472389998554,0.826210377471,-0.563361508276,-5,CREATE
821,27.4906865222,15.7700520382,0.701026684182,-0.395617866853,0.195152784052,0.897441861239,60,REFLECT
821,27.4906865222,15.7700520382,0.701026684182,-0.395617866853,0.195152784052,0.897441861239,-5,EXIT
822,-13.3513811315,-8253.51247613,5646.22999969,-0.000472389998554,0.826210377471,-0.563361508276,-5,CREATE
822,-18.0854560504,26.3872628287,0.48052412943,0.178774750533,0.0209111816139,0.983667784903,82,REFLECT
822,-18.0854560504,26.3872628287,0.48052412943,0.178774750533,0.0209111816139,0.983667784903,-5,EXIT
823,5.66034246343,-8235.82222308,5672.1580929,-0.000472389998554,0.826210377471,-0.563361508276,-5,CREATE
823,0.951469089114,2.1655410873e-16,56.4634030174,-0.000472389998554,0.826210377471,-0.563361508276,127,ABSORB
824,4.24009052695,-8232.57299293,5676.92451471,-0.000472389998554,0.826210377471,-0.563361508276,-5,CREATE
824,-0.46692508345,-2.10966939738e-16,63.4453515885,-0.000472389998554,0.826210377471,-0.563361508276,127,ABSORB
825,8.01277797935,-8253.15145055,5646.74155551,-0.000472389998554,0.826210377471,-0.563361508276,-5,CREATE
825,3.27746572276,28.9123927453,-0.483540690692,-0.0884967206134,-0.0131399639251,0.995989795022,21,REFLECT
825,3.27746572276,28.9123927453,-0.483540690692,-0.0884967206134,-0.0131399639251,0.995989795022,-5,EXIT
826,-23.327626439,-8258.80751785,5638.4728035,-0.000472389998554,0.826210377471,-0.563361508276,-5,CREATE
826,-28.0564070886,11.8325411677,-0.962847644796,0.292954415726,0.228309285318,0.928467867265,122,REFLECT
826,-28.0564070886,11.8325411677,-0.962847644796,0.292954415726,0.228309285318,0.928467867265,-5,EXIT
827,27.9466218098,-8257.72444114,5640.01821931,-0.000472389998554,0.826210377471,-0.563361508276,-5,CREATE
827,23.2167056242,14.9016709523,-0.771646067768,-0.349265763578,0.198792188355,0.915693776457,67,REFLECT
827,23.2167056242,14.9016709523,-0.771646067768,-0.349265763578,0.198792188355,0.915693776457,-5,EXIT
828,5.16665047301,-8251.22598083,5649.56778258,-0.000472389998554,0.826210377471,-0.563361508276,-5,CREATE
828,0.430467227224,32.3612230687,1.30396458356,-0.0626646955856,-0.0625867848946,0.996070293847,4,REFLECT
828,0.430467227224,32.3612230687,1.30396458356,-0.0626646955856,-0.0625867848946,0.996070293847,-5,EXIT
829,-6.94433845452,-8255.19726213,5643.75376678,-0.000472389998554,0.826210377471,-0.563361508276,-5,CREATE
829,-11.6779214734,23.8421434695,-1.40908010183,-0.000472389998554,0.826210377471,-0.563361508276,101,ABSORB
830,3.52678276613,-8233.53572779,5675.51319256,-0.000472389998554,0.826210377471,-0.563361508276,-5,CREATE
830,-1.18078329283,-8.43522675346e-17,61.3775770711,-0.000472389998554,0.826210377471,-0.563361508276,127,ABSORB
831,30.0849665285,-8256.11988304,5642.36962671,-0.000472389998554,0.826210377471,-0.563361508276,-5,CREATE
831,25.3544695392,17.5220549942,0.88710816545,-0.377938637018,0.175049638891,0.909131459457,53,REFLECT
831,25.3544695392,17.5220549942,0.88710816545,-0.377938637018,0.175049638891,0.909131459457,-5,EXIT
832,9.22530270373,-8232.29219527,5677.33214459,-0.000472389998554,0.826210377471,-0.563361508276,-5,CREATE
832,4.51844764083,-2.47650937775e-16,64.0444467408,-0.000472389998554,0.826210377471,-0.563361508276,127,ABSORB
833,-21.1892817203,-8257.20295975,5640.8242109,-0.000472389998554,0.826210377471,-0.563361508276,-5,CREATE
833,-25.9191289855,15.3026104887,0.116538435471,0.274803150393,0.188496452349,0.94284267828,114,REFLECT
833,-25.9191289855,15.3026104887,0.116538435471,0.274803150393,0.188496452349,0.94284267828,-5,EXIT
834,7.79750325929,-8235.18039984,5673.09758102,-0.000472389998554,0.826210377471,-0.563361508276,-5,CREATE
834,3.08899685069,1.32229642516e-16,57.8405260585,-0.000472389998554,0.826210377471,-0.563361508276,127,ABSORB
835,2.10450829484,-8231.93116969,5677.86758562,-0.000472389998554,0.826210377471,-0.563361508276,-5,CREATE
835,-2.60214034984,-2.95510788035e-16,64.8260574109,-0.000472389998554,0.826210377471,-0.563361508276,127,ABSORB
836,3.02914436633,-8252.14860174,5648.21648467,-0.000472389998554,0.826210377471,-0.563361508276,-5,CREATE
836,-1.70668417261,30.8182196713,0.375681950544,-0.0411622509068,-0.0410369447,0.998309390054,8,REFLECT
836,-1.70668417261,30.8182196713,0.375681950544,-0.0411622509068,-0.0410369447,0.998309390054,-5,EXIT
837,20.1193765264,-8252.75031103,5647.31970399,-0.000472389998554,0.826210377471,-0.563361508276,-5,CREATE
837,15.3848607061,27.920564762,1.04441948524,-0.261340773402,0.00528489414792,0.965232132728,29,REFLECT
837,15.3848607061,27.920564762,1.04441948524,-0.261340773402,0.00528489414792,0.965232132728,-5,EXIT
838,4.95137575294,-8233.25493013,5675.92380809,-0.000472389998554,0.826210377471,-0.563361508276,-5,CREATE
838,0.24397024148,-1.21219083973e-16,61.9796578745,-0.000472389998554,0.826210377471,-0.563361508276,127,ABSORB
839,19.7606507811,-8254.91646446,5644.14318419,-0.000472389998554,0.826210377471,-0.563361508276,-5,CREATE
839,15.0270890491,24.0857103435,-0.994276430992,-0.000472389998554,0.826210377471,-0.563361508276,49,ABSORB
840,-8.72385876763,-8254.55543889,5644.69653913,-0.000472389998554,0.826210377471,-0.563361508276,-5,CREATE
840,-13.457659949,24.8655329558,-0.726483305819,0.12292165905,0.0387329315391,0.991660237052,95,REFLECT
840,-13.457659949,24.8655329558,-0.726483305819,0.12292165905,0.0387329315391,0.991660237052,-5,EXIT
841,1.74371068457,-8235.78210913,5672.22020708,-0.000472389998554,0.826210377471,-0.563361508276,-5,CREATE
841,-2.96513975438,2.1107587366e-16,56.5528693856,-0.000472389998554,0.826210377471,-0.563361508276,127,ABSORB
842,4.0961462005,-8253.1113366,5646.8036697,-0.000472389998554,0.826210377471,-0.563361508276,-5,CREATE
842,-0.639255366752,29.1087110985,-0.527936358895,-0.053441753863,-0.0212651543464,0.998344515763,19,REFLECT
842,-0.639255366752,29.1087110985,-0.527936358895,-0.053441753863,-0.0212651543464,0.998344515763,-5,EXIT
843,-7.297243246,-8252.62996917,5647.51918342,-0.000472389998554,0.826210377471,-0.563361508276,-5,CREATE
843,-12.031979749,28.4268808426,0.980717729839,0.112284187784,0.0067072334139,0.993653498053,81,REFLECT
843,-12.031979749,28.4268808426,0.980717729839,0.112284187784,0.0067072334139,0.993653498053,-5,EXIT
844,-12.9968977763,-8254.79612261,5644.34714209,-0.000472389998554,0.826210377471,-0.563361508276,-5,CREATE
844,-17.7304026787,24.1066571904,-0.72254484529,0.174873329776,0.0518617638095,0.983224122969,92,REFLECT
844,-17.7304026787,24.1066571904,-0.72254484529,0.174873329776,0.0518617638095,0.983224122969,-5,EXIT
845,21.1863783606,-8253.71304589,5645.90688902,-0.000472389998554,0.826210377471,-0.563361508276,-5,CREATE
845,16.4523934836,26.0292096884,0.264795405122,-0.266351143902,0.0450037450078,0.962824870409,40,REFLECT
845,16.4523934836,26.0292096884,0.264795405122,-0.266351143902,0.0450037450078,0.962824870409,-5,EXIT
846,6.01837758712,-8234.21766498,5674.51099312,-0.000472389998554,0.826210377471,-0.563361508276,-5,CREATE
846,1.31042162709,5.48699743093e-18,59.9103905316,-0.000472389998554,0.826210377471,-0.563361508276,127,ABSORB
847,-22.2562835545,-8256.24022489,5642.23702587,-0.000472389998554,0.826210377471,-0.563361508276,-5,CREATE
847,-26.9865572754,17.0112166521,1.02077206357,0.295484030937,0.161214063562,0.941647074636,104,REFLECT
847,-26.9865572754,17.0112166521,1.02077206357,0.295484030937,0.161214063562,0.941647074636,-5,EXIT
848,17.6266471127,-8252.99099474,5646.96881413,-0.000472389998554,0.826210377471,-0.563361508276,-5,CREATE
848,12.8920448931,27.8309935459,0.590491742875,-0.230344511234,0.0118573777191,0.973036899988,32,REFLECT
848,12.8920448931,27.8309935459,0.590491742875,-0.230344511234,0.0118573777191,0.973036899988,-5,EXIT
849,6.23286302531,-8252.83053893,5647.21368809,-0.000472389998554,0.826210377471,-0.563361508276,-5,CREATE
849,1.49738687026,29.5199628665,-0.206869662474,-0.000472389998554,0.826210377471,-0.563361508276,15,ABSORB
850,-8.01094564775,-8253.91361565,5645.63722151,-0.000472389998554,0.826210377471,-0.563361508276,-5,CREATE
850,-12.7450691632,26.0711186695,-0.170209160058,-0.000472389998554,0.826210377471,-0.563361508276,91,ABSORB
851,3.88087148043,-8235.14028589,5673.15969521,-0.000472389998554,0.826210377471,-0.563361508276,-5,CREATE
851,-0.827611992808,1.26751407445e-16,57.9299924267,-0.000472389998554,0.826210377471,-0.563361508276,127,ABSORB
852,9.58096998179,-8232.61310689,5676.86120626,-0.000472389998554,0.826210377471,-0.563361508276,-5,CREATE
852,4.87393143604,-2.05415577307e-16,63.3546909599,-0.000472389998554,0.826210377471,-0.563361508276,127,ABSORB
853,-20.8336144422,-8257.52387137,5640.35327258,-0.000472389998554,0.826210377471,-0.563361508276,-5,CREATE
853,-25.5633219227,14.7372153691,-0.187695865742,0.267834274507,0.195814985615,0.943356397555,114,REFLECT
853,-25.5633219227,14.7372153691,-0.187695865742,0.267834274507,0.195814985615,0.943356397555,-5,EXIT
854,33.2891291585,-8256.44079466,5641.89629986,-0.000472389998554,0.826210377471,-0.563361508276,-5,CREATE
854,28.5592382715,16.1410701335,1.13660504272,-0.405184662137,0.194973312604,0.893202550904,55,REFLECT
854,28.5592382715,16.1410701335,1.13660504272,-0.405184662137,0.194973312604,0.893202550904,-5,EXIT
855,-12.2828007336,-8253.19156451,5646.69974375,-0.000472389998554,0.826210377471,-0.563361508276,-5,CREATE
855,-17.0170644278,27.0383425959,0.725139059992,0.16689196831,0.0111009379092,0.98591269395,83,REFLECT
855,-17.0170644278,27.0383425959,0.725139059992,0.16689196831,0.0111009379092,0.98591269395,-5,EXIT
856,6.72773893854,-8236.46404632,5671.21591768,-0.000472389998554,0.826210377471,-0.563361508276,-5,CREATE
856,2.01849859852,3.01043111507e-16,55.0835928904,-0.000472389998554,0.826210377471,-0.563361508276,127,ABSORB
857,1.03474397409,-8233.21481617,5675.98592228,-0.000472389998554,0.826210377471,-0.563361508276,-5,CREATE
857,-3.67263860202,-1.26697319044e-16,62.0691242427,-0.000472389998554,0.826210377471,-0.563361508276,127,ABSORB
858,-6.58788189458,-8254.87635051,5644.22410798,-0.000472389998554,0.826210377471,-0.563361508276,-5,CREATE
858,-11.3216268506,24.4462831173,-1.13186135465,0.103492786839,0.048127374086,0.993465147318,101,REFLECT
858,-11.3216268506,24.4462831173,-1.13186135465,0.103492786839,0.048127374086,0.993465147318,-5,EXIT
859,4.8074314265,-8253.79327379,5645.80296308,-0.000472389998554,0.826210377471,-0.563361508276,-5,CREATE
859,0.0723314721799,27.8992527142,-1.16894628989,-0.000472389998554,0.826210377471,-0.563361508276,24,ABSORB
860,0.986684465764,-8236.10302075,5671.75020177,-0.000472389998554,0.826210377471,-0.563361508276,-5,CREATE
860,-3.72234945605,2.53254103377e-16,55.8640466206,-0.000472389998554,0.826210377471,-0.563361508276,127,ABSORB
861,-23.7278014569,-8258.48660623,5638.94377914,-0.000472389998554,0.826210377471,-0.563361508276,-5,CREATE
861,-28.4567120632,12.3807470766,-0.646855352393,0.300577801187,0.222215039357,0.927509278507,117,REFLECT
861,-28.4567120632,12.3807470766,-0.646855352393,0.300577801187,0.222215039357,0.927509278507,-5,EXIT
862,19.0036245623,-8255.23737608,5643.67317888,-0.000472389998554,0.826210377471,-0.563361508276,-5,CREATE
862,14.2701552745,23.6031138151,-1.35403493402,-0.243148122115,0.0714927655575,0.96735090592,49,REFLECT
862,14.2701552745,23.6031138151,-1.35403493402,-0.243148122115,0.0714927655575,0.96735090592,-5,EXIT
863,30.3949421439,-8257.40352952,5640.48680643,-0.000472389998554,0.826210377471,-0.563361508276,-5,CREATE
863,25.6651895786,14.9364105551,-0.107929104102,-0.374188572711,0.206361855409,0.904100490368,64,REFLECT
863,25.6651895786,14.9364105551,-0.107929104102,-0.374188572711,0.206361855409,0.904100490368,-5,EXIT
864,9.5352783191,-8233.57584174,5675.44932431,-0.000472389998554,0.826210377471,-0.563361508276,-5,CREATE
864,4.82768932477,-7.87666266532e-17,61.2863566329,-0.000472389998554,0.826210377471,-0.563361508276,127,ABSORB
865,2.41329998739,-8234.17755103,5674.57284606,-0.000472389998554,0.826210377471,-0.563361508276,-5,CREATE
865,-2.29463303729,2.47589706111e-20,59.9995956553,-0.000472389998554,0.826210377471,-0.563361508276,127,ABSORB
866,-19.4526905833,-8256.56113651,5641.76403491,-0.000472389998554,0.826210377471,-0.563361508276,-5,CREATE
866,-24.1830623,16.8616997666,0.430913538745,0.254409894093,0.156915988738,0.95428139365,111,REFLECT
866,-24.1830623,16.8616997666,0.430913538745,0.254409894093,0.156915988738,0.95428139365,-5,EXIT
867,20.4293521418,-8254.03395751,5645.43688372,-0.000472389998554,0.826210377471,-0.563361508276,-5,CREATE
867,15.6954507845,25.5622220469,-0.105606205611,-0.260113514453,0.0451356463872,0.964522541481,40,REFLECT
867,15.6954507845,25.5622220469,-0.105606205611,-0.260113514453,0.0451356463872,0.964522541481,-5,EXIT
868,5.26135136831,-8234.5385766,5674.04098781,-0.000472389998554,0.826210377471,-0.563361508276,-5,CREATE
868,0.553211925422,4.76652271485e-17,59.2215677666,-0.000472389998554,0.826210377471,-0.563361508276,127,ABSORB
869,7.39952069102,-8233.07664589,5676.18322199,-0.000472389998554,0.826210377471,-0.563361508276,-5,CREATE
869,2.69221711447,-1.44547328893e-16,62.360637026,-0.000472389998554,0.826210377471,-0.563361508276,127,ABSORB
870,-23.015063733,-8257.98741038,5639.6752883,-0.000472389998554,0.826210377471,-0.563361508276,-5,CREATE
870,-27.7443269532,13.4966647915,-0.335865429776,0.298303054415,0.216837931361,0.929514173776,117,REFLECT
870,-27.7443269532,13.4966647915,-0.335865429776,0.298303054415,0.216837931361,0.929514173776,-5,EXIT
871,16.8678669342,-8254.73818023,5644.40707656,-0.000472389998554,0.826210377471,-0.563361508276,-5,CREATE
871,12.1339940329,24.8082298775,-1.10147745927,-0.211483257574,0.0359632440731,0.976719753482,47,REFLECT
871,12.1339940329,24.8082298775,-1.10147745927,-0.211483257574,0.0359632440731,0.976719753482,-5,EXIT
872,28.2591845158,-8256.90433366,5641.22070411,-0.000472389998554,0.826210377471,-0.563361508276,-5,CREATE
872,23.5288761779,16.4076530259,-0.0368331298911,-0.353962666653,0.190638358907,0.915624075005,62,REFLECT
872,23.5288761779,16.4076530259,-0.0368331298911,-0.353962666653,0.190638358907,0.915624075005,-5,EXIT
873,0.278726282128,-8232.71562032,5676.71866302,-0.000472389998554,0.826210377471,-0.563361508276,-5,CREATE
873,-4.4283708762,-1.92407179153e-16,63.142247696,-0.000472389998554,0.826210377471,-0.563361508276,127,ABSORB
874,-7.34389958655,-8254.37715466,5644.95684872,-0.000472389998554,0.826210377471,-0.563361508276,-5,CREATE
874,-12.0778430139,25.2926056033,-0.63581309331,0.108430318611,0.0351614547905,0.993482027066,96,REFLECT
874,-12.0778430139,25.2926056033,-0.63581309331,0.108430318611,0.0351614547905,0.993482027066,-5,EXIT
875,1.2021784308,-8253.89578723,5645.65564279,-0.000472389998554,0.826210377471,-0.563361508276,-5,CREATE
875,-3.53293106533,27.8134278985,-1.32764590998,-0.0150930660151,0.00240587960594,0.99988319873,22,REFLECT
875,-3.53293106533,27.8134278985,-1.32764590998,-0.0150930660151,0.00240587960594,0.99988319873,-5,EXIT
876,22.164890903,-8254.24789859,5645.12166837,-0.000472389998554,0.826210377471,-0.563361508276,-5,CREATE
876,17.4312237308,24.9386910326,-0.141537713791,-0.278812874755,0.051200910257,0.958979586675,41,REFLECT
876,17.4312237308,24.9386910326,-0.141537713791,-0.278812874755,0.051200910257,0.958979586675,-5,EXIT
877,6.99689012946,-8234.75251768,5673.72577247,-0.000472389998554,0.826210377471,-0.563361508276,-5,CREATE
877,2.28862836467,7.58990702045e-17,58.7604741178,-0.000472389998554,0.826210377471,-0.563361508276,127,ABSORB
878,4.36371882767,-8252.68345444,5647.43096545,-0.000472389998554,0.826210377471,-0.563361508276,-5,CREATE
878,-0.371853246484,29.8348099221,-0.103983233007,-0.0512040285697,-0.0350229239045,0.99807391623,14,REFLECT
878,-0.371853246484,29.8348099221,-0.103983233007,-0.0512040285697,-0.0350229239045,0.99807391623,-5,EXIT
879,27.1450220776,-8258.09883803,5639.46981136,-0.000472389998554,0.826210377471,-0.563361508276,-5,CREATE
879,22.4152040593,14.3555794396,-1.20298196546,-0.343837965975,0.213046352099,0.914541800582,72,REFLECT
879,22.4152040593,14.3555794396,-1.20298196546,-0.343837965975,0.213046352099,0.914541800582,-5,EXIT
880,0.58703563575,-8235.35422697,5672.8486971,-0.000472389998554,0.826210377471,-0.563361508276,-5,CREATE
880,-4.1215701594,1.54727019509e-16,57.47311601,-0.000472389998554,0.826210377471,-0.563361508276,127,ABSORB
881,6.2871341371,-8232.82704797,5676.55020815,-0.000472389998554,0.826210377471,-0.563361508276,-5,CREATE
881,1.57997326945,-1.77439965243e-16,62.8978145432,-0.000472389998554,0.826210377471,-0.563361508276,127,ABSORB
882,-24.1274502869,-8257.73781245,5640.04227446,-0.000472389998554,0.826210377471,-0.563361508276,-5,CREATE
882,-28.8567244449,13.7653928615,0.0180766125868,0.308392015894,0.207545023065,0.928342301058,112,REFLECT
882,-28.8567244449,13.7653928615,0.0180766125868,0.308392015894,0.207545023065,0.928342301058,-5,EXIT
883,18.6039757323,-8254.4885823,5644.7716742,-0.000472389998554,0.826210377471,-0.563361508276,-5,CREATE
883,13.8701314037,25.007853989,-0.702804570452,-0.231455960009,0.0462026784498,0.971747627257,43,REFLECT
883,13.8701314037,25.007853989,-0.702804570452,-0.231455960009,0.0462026784498,0.971747627257,-5,EXIT
884,29.9952933138,-8256.65473574,5641.58530175,-0.000472389998554,0.826210377471,-0.563361508276,-5,CREATE
884,25.2650746564,16.50039983,0.434715339727,-0.371888727329,0.18058062433,0.910543471012,58,REFLECT
884,25.2650746564,16.50039983,0.434715339727,-0.371888727329,0.18058062433,0.910543471012,-5,EXIT
885,9.13207772063,-8235.71525254,5672.3120618,-0.000472389998554,0.826210377471,-0.563361508276,-5,CREATE
885,4.42326550727,2.02659997129e-16,56.6903110796,-0.000472389998554,0.826210377471,-0.563361508276,127,ABSORB
886,-9.88053381645,-8254.12755673,5645.32502914,-0.000472389998554,0.826210377471,-0.563361508276,-5,CREATE
886,-14.6144739212,25.5363921588,-0.263670118105,0.140538110718,0.0320156977704,0.989557494303,89,REFLECT
886,-14.6144739212,25.5363921588,-0.263670118105,0.140538110718,0.0320156977704,0.989557494303,-5,EXIT
887,-22.7012294062,-8256.13325435,5642.394279,-0.000472389998554,0.826210377471,-0.563361508276,-5,CREATE
887,-27.4315152249,17.1393462021,1.1635976633,0.287279183629,0.164375325491,0.943637336599,104,REFLECT
887,-27.4315152249,17.1393462021,1.1635976633,0.287279183629,0.164375325491,0.943637336599,-5,EXIT
888,17.181701261,-8252.8840242,5647.12606726,-0.000472389998554,0.826210377471,-0.563361508276,-5,CREATE
888,12.4470207938,28.0748191381,0.65442860113,-0.227818349519,0.0113689117568,0.973637277156,32,REFLECT
888,12.4470207938,28.0748191381,0.65442860113,-0.227818349519,0.0113689117568,0.973637277156,-5,EXIT
889,2.93789258792,-8253.96710092,5645.54960068,-0.000472389998554,0.826210377471,-0.563361508276,-5,CREATE
889,-1.79716022406,27.6429736096,-1.36608781732,-0.0388622752668,0.00363957381319,0.99923794817,23,REFLECT
889,-1.79716022406,27.6429736096,-1.36608781732,-0.0388622752668,0.00363957381319,0.99923794817,-5,EXIT
890,-8.45431293576,-8252.52299863,5647.67703367,-0.000472389998554,0.826210377471,-0.563361508276,-5,CREATE
890,-13.1890556263,28.5446733131,1.13118892205,0.124037672727,-0.0141899064954,0.992176044005,81,REFLECT
890,-13.1890556263,28.5446733131,1.13118892205,0.124037672727,-0.0141899064954,0.992176044005,-5,EXIT
891,31.4179624261,-8257.93838222,5639.70154846,-0.000472389998554,0.826210377471,-0.563361508276,-5,CREATE
891,26.6886276079,13.6709179599,-0.394991453292,-0.381637374927,0.225815218129,0.896303743895,70,REFLECT
891,26.6886276079,13.6709179599,-0.394991453292,-0.381637374927,0.225815218129,0.896303743895,-5,EXIT
892,20.0293086708,-8253.60607535,5646.06473928,-0.000472389998554,0.826210377471,-0.563361508276,-5,CREATE
892,15.2951836906,26.3812209036,0.255561722071,-0.000472389998554,0.826210377471,-0.563361508276,39,ABSORB
893,4.86130789736,-8234.11069444,5674.66884338,-0.000472389998554,0.826210377471,-0.563361508276,-5,CREATE
893,0.153413098277,-8.64477809228e-18,60.1411799402,-0.000472389998554,0.826210377471,-0.563361508276,127,ABSORB
894,-11.3921197482,-8252.76368235,5647.32651702,-0.000472389998554,0.826210377471,-0.563361508276,-5,CREATE
894,-16.1266240521,27.8870513089,1.06496666541,0.154905763516,0.00288548513051,0.987925036835,78,REFLECT
894,-16.1266240521,27.8870513089,1.06496666541,0.154905763516,0.00288548513051,0.987925036835,-5,EXIT
895,7.62315561522,-8232.18522473,5677.49036805,-0.000472389998554,0.826210377471,-0.563361508276,-5,CREATE
895,2.91636171328,-2.61805565598e-16,64.2756093558,-0.000472389998554,0.826210377471,-0.563361508276,127,ABSORB
896,-22.7914288088,-8257.09598921,5640.98243436,-0.000472389998554,0.826210377471,-0.563361508276,-5,CREATE
896,-27.5211891145,15.2574888143,0.378467808164,0.296952100408,0.184403275084,0.93691775637,108,REFLECT
896,-27.5211891145,15.2574888143,0.378467808164,0.296952100408,0.184403275084,0.93691775637,-5,EXIT
897,17.0915018584,-8253.84675906,5645.71422262,-0.000472389998554,0.826210377471,-0.563361508276,-5,CREATE
897,12.3572532385,26.3567831109,-0.242404824054,-0.220795849129,0.0246572915361,0.975008313288,37,REFLECT
897,12.3572532385,26.3567831109,-0.242404824054,-0.220795849129,0.0246572915361,0.975008313288,-5,EXIT
898,5.69929633473,-8252.40265677,5647.84165562,-0.000472389998554,0.826210377471,-0.563361508276,-5,CREATE
898,0.963626462837,30.2866558929,0.190075588175,-0.0718779598675,-0.0351797981905,0.996792827364,15,REFLECT
898,0.963626462837,30.2866558929,0.190075588175,-0.0718779598675,-0.0351797981905,0.996792827364,-5,EXIT
899,-7.12026466234,-8253.48573349,5646.26399478,-0.000472389998554,0.826210377471,-0.563361508276,-5,CREATE
899,-11.854611332,26.8892977735,0.19043542738,0.109842462783,0.0107456083607,0.99389092222,91,REFLECT
899,-11.854611332,26.8892977735,0.19043542738,0.109842462783,0.0107456083607,0.99389092222,-5,EXIT
900,3.34730478986,-8234.71240373,5673.78766273,-0.000472389998554,0.826210377471,-0.563361508276,-5,CREATE
900,-1.36093403958,7.04345465144e-17,58.8497165621,-0.000472389998554,0.826210377471,-0.563361508276,127,ABSORB
901,9.04621936839,-8233.14795959,5676.07725451,-0.000472389998554,0.826210377471,-0.563361508276,-5,CREATE
901,4.33887501788,-1.35081202354e-16,62.2060434478,-0.000472389998554,0.826210377471,-0.563361508276,127,ABSORB
902,-21.3683650556,-8258.05872407,5639.56932083,-0.000472389998554,0.826210377471,-0.563361508276,-5,CREATE
902,-26.0977413109,13.6230494787,-0.576635930939,0.279645383906,0.217016828985,0.935255128399,118,REFLECT
902,-26.0977413109,13.6230494787,-0.576635930939,0.279645383906,0.217016828985,0.935255128399,-5,EXIT
903,-10.681179833,-8253.72641721,5645.91400061,-0.000472389998554,0.826210377471,-0.563361508276,-5,CREATE
903,-15.4152675117,26.1956386048,0.149308034864,0.146121895608,0.0181945474865,0.989099261988,89,REFLECT
903,-15.4152675117,26.1956386048,0.149308034864,0.146121895608,0.0181945474865,0.989099261988,-5,EXIT
904,8.33054376195,-8236.03616416,5671.84209382,-0.000472389998554,0.826210377471,-0.563361508276,-5,CREATE
904,3.62154806573,2.44835941617e-16,56.0015256352,-0.000472389998554,0.826210377471,-0.563361508276,127,ABSORB
905,2.6375487975,-8232.78693401,5676.61209841,-0.000472389998554,0.826210377471,-0.563361508276,-5,CREATE
905,-2.0695891348,-1.82904488934e-16,62.9870569875,-0.000472389998554,0.826210377471,-0.563361508276,127,ABSORB
906,6.41023624991,-8253.36539163,5646.42913921,-0.000472389998554,0.826210377471,-0.563361508276,-5,CREATE
906,1.67498643259,28.5892453411,-0.721493337594,-0.0737080273209,-0.0107883189622,0.997221509436,20,REFLECT
906,1.67498643259,28.5892453411,-0.721493337594,-0.0737080273209,-0.0107883189622,0.997221509436,-5,EXIT
907,-0.214498322933,-8235.67513859,5672.37872911,-0.000472389998554,0.826210377471,-0.563361508276,-5,CREATE
907,-4.92328760094,1.96902963996e-16,56.7843305656,-0.000472389998554,0.826210377471,-0.563361508276,127,ABSORB
908,30.6164284674,-8258.25929384,5639.23158047,-0.000472389998554,0.826210377471,-0.563361508276,-5,CREATE
908,25.887162219,13.2300777557,-0.783184688783,-0.373600987595,0.231664892655,0.898194677995,70,REFLECT
908,25.887162219,13.2300777557,-0.783184688783,-0.373600987595,0.231664892655,0.898194677995,-5,EXIT
909,7.83645713059,-8251.76083353,5648.78114375,-0.000472389998554,0.826210377471,-0.563361508276,-5,CREATE
909,3.10055023505,31.3430336316,0.846894730384,-0.0872368660419,-0.0460168982319,0.995124200429,11,REFLECT
909,3.10055023505,31.3430336316,0.846894730384,-0.0872368660419,-0.0460168982319,0.995124200429,-5,EXIT
910,1.21172255775,-8234.07058049,5674.73073364,-0.000472389998554,0.826210377471,-0.563361508276,-5,CREATE
910,-3.49614930597,-1.41093017826e-17,60.2304223845,-0.000472389998554,0.826210377471,-0.563361508276,127,ABSORB
911,21.7190242223,-8254.88972183,5644.18076206,-0.000472389998554,0.826210377471,-0.563361508276,-5,CREATE
911,16.9856076206,23.8586201181,-0.783619562684,-0.272107543529,0.0662996352052,0.959980126422,46,REFLECT
911,16.9856076206,23.8586201181,-0.783619562684,-0.272107543529,0.0662996352052,0.959980126422,-5,EXIT
912,6.55102344884,-8235.39434092,5672.78486616,-0.000472389998554,0.826210377471,-0.563361508276,-5,CREATE
912,1.84239471833,1.6031037516e-16,57.3819328925,-0.000472389998554,0.826210377471,-0.563361508276,127,ABSORB
913,3.70652383637,-8232.14511077,5677.55248223,-0.000472389998554,0.826210377471,-0.563361508276,-5,CREATE
913,-1.00024713022,-2.67283800669e-16,64.365075724,-0.000472389998554,0.826210377471,-0.563361508276,127,ABSORB
914,1.78266455588,-8252.36254282,5647.90376981,-0.000472389998554,0.826210377471,-0.563361508276,-5,CREATE
914,-2.95308679203,30.4692714495,0.155023337109,-0.000472389998554,0.826210377471,-0.563361508276,12,ABSORB
915,7.97882289328,-8232.50613635,5677.01942973,-0.000472389998554,0.826210377471,-0.563361508276,-5,CREATE
915,3.27184550848,-2.1957020513e-16,63.5858535748,-0.000472389998554,0.826210377471,-0.563361508276,127,ABSORB
916,-22.4357615307,-8257.41690083,5640.51149604,-0.000472389998554,0.826210377471,-0.563361508276,-5,CREATE
916,-27.1653744398,14.6787803741,0.0833113551331,0.283839747459,0.19576779092,0.938674581418,113,REFLECT
916,-27.1653744398,14.6787803741,0.0833113551331,0.283839747459,0.19576779092,0.938674581418,-5,EXIT
917,28.838486718,-8256.33382412,5642.05691185,-0.000472389998554,0.826210377471,-0.563361508276,-5,CREATE
917,24.1079403078,17.3945512403,0.515454971479,-0.365946763487,0.172962520479,0.914421638416,57,REFLECT
917,24.1079403078,17.3945512403,0.515454971479,-0.365946763487,0.172962520479,0.914421638416,-5,EXIT
918,-8.19002898309,-8254.76937997,5644.38233144,-0.000472389998554,0.826210377471,-0.563361508276,-5,CREATE
918,-12.9237594931,24.5279877156,-0.956410005217,0.118548332655,0.0471726039095,0.991827121158,100,REFLECT
918,-12.9237594931,24.5279877156,-0.956410005217,0.118548332655,0.0471726039095,0.991827121158,-5,EXIT
919,4.41391198309,-8235.99605021,5671.904208,-0.000472389998554,0.826210377471,-0.563361508276,-5,CREATE
919,-0.295060777766,2.39357706547e-16,56.0909920034,-0.000472389998554,0.826210377471,-0.563361508276,127,ABSORB
920,19.5859084961,-8252.24220096,5648.06533146,-0.000472389998554,0.826210377471,-0.563361508276,-5,CREATE
920,14.8511268025,28.8936872868,1.4729725973,-0.24699787118,0.00183310383235,0.969014288524,28,REFLECT
920,14.8511268025,28.8936872868,1.4729725973,-0.24699787118,0.00183310383235,0.969014288524,-5,EXIT
921,-20.3005739396,-8258.37963569,5639.09778537,-0.000472389998554,0.826210377471,-0.563361508276,-5,CREATE
921,-25.0298790059,13.1776284289,-0.963273128419,0.267062097828,0.223998096462,0.937284742586,124,REFLECT
921,-25.0298790059,13.1776284289,-0.963273128419,0.267062097828,0.223998096462,0.937284742586,-5,EXIT
922,33.8221696612,-8257.29655898,5640.64081266,-0.000472389998554,0.826210377471,-0.563361508276,-5,CREATE
922,29.0928128587,14.3511916886,0.518054819362,-0.408020794912,0.219971826888,0.886076422378,61,REFLECT
922,29.0928128587,14.3511916886,0.518054819362,-0.408020794912,0.219971826888,0.886076422378,-5,EXIT
923,-11.749760231,-8254.04732883,5645.44425655,-0.000472389998554,0.826210377471,-0.563361508276,-5,CREATE
923,-16.4836548977,25.5371490833,-0.0902544654248,0.159631623918,0.0325048129547,0.986641364316,88,REFLECT
923,-16.4836548977,25.5371490833,-0.0902544654248,0.159631623918,0.0325048129547,0.986641364316,-5,EXIT
924,22.433515906,-8252.96425211,5647.00400348,-0.000472389998554,0.826210377471,-0.563361508276,-5,CREATE
924,17.6992743075,27.2270094723,1.05574970529,-0.286579274487,0.0204769262746,0.95783767671,31,REFLECT
924,17.6992743075,27.2270094723,1.05574970529,-0.286579274487,0.0204769262746,0.95783767671,-5,EXIT
925,7.26551513247,-8233.4688712,5675.60810758,-0.000472389998554,0.826210377471,-0.563361508276,-5,CREATE
925,2.5579872991,-9.29555329269e-17,61.5180790574,-0.000472389998554,0.826210377471,-0.563361508276,127,ABSORB
926,-17.4520128141,-8258.32615042,5639.17383681,-0.000472389998554,0.826210377471,-0.563361508276,-5,CREATE
926,-22.1816104413,13.7428027447,-1.23612303541,-0.000472389998554,0.826210377471,-0.563361508276,126,ABSORB
927,3.91969380476,-8251.82769012,5648.68637801,-0.000472389998554,0.826210377471,-0.563361508276,-5,CREATE
927,-0.816256946539,31.3528807872,0.699827624833,-0.0418910869105,-0.0499608173795,0.99787226315,8,REFLECT
927,-0.816256946539,31.3528807872,0.699827624833,-0.0418910869105,-0.0499608173795,0.99787226315,-5,EXIT
928,0.143010612842,-8234.49846265,5674.10410966,-0.000472389998554,0.826210377471,-0.563361508276,-5,CREATE
928,-4.56510589469,4.21252908675e-17,59.312041792,-0.000472389998554,0.826210377471,-0.563361508276,127,ABSORB
929,-13.1721662492,-8252.54974127,5647.64176968,-0.000472389998554,0.826210377471,-0.563361508276,-5,CREATE
929,-17.9066859489,28.1279194581,1.36185878297,0.178483669071,0.00302533150389,0.983938223287,77,REFLECT
929,-17.9066859489,28.1279194581,1.36185878297,0.178483669071,0.00302533150389,0.983938223287,-5,EXIT
930,5.84310911419,-8231.97128365,5677.80562071,-0.000472389998554,0.826210377471,-0.563361508276,-5,CREATE
930,1.13643753415,-2.90041693885e-16,64.7367403252,-0.000472389998554,0.826210377471,-0.563361508276,127,ABSORB
931,-24.5714753098,-8256.88204813,5641.29768703,-0.000472389998554,0.826210377471,-0.563361508276,-5,CREATE
931,-29.3011762105,15.3675303991,0.764565596099,0.307823946846,0.194740495521,0.93130046556,107,REFLECT
931,-29.3011762105,15.3675303991,0.764565596099,0.307823946846,0.194740495521,0.93130046556,-5,EXIT
932,18.1599507094,-8253.63281798,5646.02708677,-0.000472389998554,0.826210377471,-0.563361508276,-5,CREATE
932,13.4256923771,26.5877111191,0.0588765776336,-0.239181976569,0.0296456880437,0.970522083863,38,REFLECT
932,13.4256923771,26.5877111191,0.0588765776336,-0.239181976569,0.0296456880437,0.970522083863,-5,EXIT
933,29.5477165225,-8258.687176,5638.60495649,-0.000472389998554,0.826210377471,-0.563361508276,-5,CREATE
933,24.818541692,12.6423056127,-1.3007857583,-0.363800014258,0.228810893029,0.902936944009,74,REFLECT
933,24.818541692,12.6423056127,-1.3007857583,-0.363800014258,0.228810893029,0.902936944009,-5,EXIT
934,8.68805269772,-8234.85948822,5673.56747437,-0.000472389998554,0.826210377471,-0.563361508276,-5,CREATE
934,3.97972977198,9.00582684881e-17,58.5292368616,-0.000472389998554,0.826210377471,-0.563361508276,127,ABSORB
935,-10.3245588394,-8253.27179241,5646.5804417,-0.000472389998554,0.826210377471,-0.563361508276,-5,CREATE
935,-15.0588752296,27.0502800625,0.542992942411,0.145473085107,0.0141278912914,0.98926133261,84,REFLECT
935,-15.0588752296,27.0502800625,0.542992942411,0.145473085107,0.0141278912914,0.98926133261,-5,EXIT
936,2.8122910825,-8235.46119751,5672.68995114,-0.000472389998554,0.826210377471,-0.563361508276,-5,CREATE
936,-1.89637587359,1.68913640553e-16,57.2414309061,-0.000472389998554,0.826210377471,-0.563361508276,127,ABSORB
937,-19.0536994882,-8257.84478299,5639.88113999,-0.000472389998554,0.826210377471,-0.563361508276,-5,CREATE
937,-23.7834062421,14.4150329942,-0.658961969962,0.259679030134,0.19740315064,0.94530354777,120,REFLECT
937,-23.7834062421,14.4150329942,-0.658961969962,0.259679030134,0.19740315064,0.94530354777,-5,EXIT
938,32.2205487606,-8256.76170628,5641.4265558,-0.000472389998554,0.826210377471,-0.563361508276,-5,CREATE
938,27.4906865222,15.7700520382,0.701026684182,-0.394997751021,0.202763318472,0.896026681171,60,REFLECT
938,27.4906865222,15.7700520382,0.701026684182,-0.394997751021,0.202763318472,0.896026681171,-5,EXIT
939,-13.3513811315,-8253.51247613,5646.22999969,-0.000472389998554,0.826210377471,-0.563361508276,-5,CREATE
939,-18.0854560504,26.3872628287,0.48052412943,0.176603882731,0.0186864256745,0.98410461136,82,REFLECT
939,-18.0854560504,26.3872628287,0.48052412943,0.176603882731,0.0186864256745,0.98410461136,-5,EXIT
940,5.66034246343,-8235.82222308,5672.1580929,-0.000472389998554,0.826210377471,-0.563361508276,-5,CREATE
940,0.951469089114,2.1655410873e-16,56.4634030174,-0.000472389998554,0.826210377471,-0.563361508276,127,ABSORB
941,4.24009052695,-8232.57299293,5676.92451471,-0.000472389998554,0.826210377471,-0.563361508276,-5,CREATE
941,-0.46692508345,-2.10966939738e-16,63.4453515885,-0.000472389998554,0.826210377471,-0.563361508276,127,ABSORB
942,8.01277797935,-8253.15145055,5646.74155551,-0.000472389998554,0.826210377471,-0.563361508276,-5,CREATE
942,3.27746572276,28.9123927453,-0.483540690692,-0.000472389998554,0.826210377471,-0.563361508276,21,ABSORB
943,-23.327626439,-8258.80751785,5638.4728035,-0.000472389998554,0.826210377471,-0.563361508276,-5,CREATE
943,-28.0564070886,11.8325411677,-0.962847644796,0.287832751561,0.238967369632,0.927387137812,122,REFLECT
943,-28.0564070886,11.8325411677,-0.962847644796,0.287832751561,0.238967369632,0.927387137812,-5,EXIT
944,27.9466218098,-8257.72444114,5640.01821931,-0.000472389998554,0.826210377471,-0.563361508276,-5,CREATE
944,23.2167056242,14.9016709523,-0.771646067768,-0.348516049116,0.199706037458,0.915780575308,67,REFLECT
944,23.2167056242,14.9016709523,-0.771646067768,-0.348516049116,0.199706037458,0.915780575308,-5,EXIT
945,5.16665047301,-8251.22598083,5649.56778258,-0.000472389998554,0.826210377471,-0.563361508276,-5,CREATE
945,0.430467227224,32.3612230687,1.30396458356,-0.0650144365153,-0.0677087467523,0.995584576346,4,REFLECT
945,0.430467227224,32.3612230687,1.30396458356,-0.0650144365153,-0.0677087467523,0.995584576346,-5,EXIT
946,-6.94433845452,-8255.19726213,5643.75376678,-0.000472389998554,0.826210377471,-0.563361508276,-5,CREATE
946,-11.6779214734,23.8421434695,-1.40908010183,0.102154520425,0.0488136638387,0.993570168725,101,REFLECT
946,-11.6779214734,23.8421434695,-1.40908010183,0.102154520425,0.0488136638387,0.993570168725,-5,EXIT
947,3.52678276613,-8233.53572779,5675.51319256,-0.000472389998554,0.826210377471,-0.563361508276,-5,CREATE
947,-1.18078329283,-8.43522675346e-17,61.3775770711,-0.000472389998554,0.826210377471,-0.563361508276,127,ABSORB
948,30.0849665285,-8256.11988304,5642.36962671,-0.000472389998554,0.826210377471,-0.563361508276,-5,CREATE
948,25.3544695392,17.5220549942,0.88710816545,-0.376218835342,0.166256828761,0.911492213255,53,REFLECT
948,25.3544695392,17.5220549942,0.88710816545,-0.376218835342,0.166256828761,0.911492213255,-5,EXIT
949,9.22530270373,-8232.29219527,5677.33214459,-0.000472389998554,0.826210377471,-0.563361508276,-5,CREATE
949,4.51844764083,-2.47650937775e-16,64.0444467408,-0.000472389998554,0.826210377471,-0.563361508276,127,ABSORB
950,-21.1892817203,-8257.20295975,5640.8242109,-0.000472389998554,0.826210377471,-0.563361508276,-5,CREATE
950,-25.9191289855,15.3026104887,0.116538435471,0.282718655444,0.191212805851,0.939950969329,114,REFLECT
950,-25.9191289855,15.3026104887,0.116538435471,0.282718655444,0.191212805851,0.939950969329,-5,EXIT
951,7.79750325929,-8235.18039984,5673.09758102,-0.000472389998554,0.826210377471,-0.563361508276,-5,CREATE
951,3.08899685069,1.32229642516e-16,57.8405260585,-0.000472389998554,0.826210377471,-0.563361508276,127,ABSORB
952,2.10450829484,-8231.93116969,5677.86758562,-0.000472389998554,0.826210377471,-0.563361508276,-5,CREATE
952,-2.60214034984,-2.95510788035e-16,64.8260574109,-0.000472389998554,0.826210377471,-0.563361508276,127,ABSORB
953,3.02914436633,-8252.14860174,5648.21648467,-0.000472389998554,0.826210377471,-0.563361508276,-5,CREATE
953,-1.70668417261,30.8182196713,0.375681950544,-0.0374310963001,-0.0482444790426,0.998133950566,8,REFLECT
953,-1.70668417261,30.8182196713,0.375681950544,-0.0374310963001,-0.0482444790426,0.998133950566,-5,EXIT
954,20.1193765264,-8252.75031103,5647.31970399,-0.000472389998554,0.826210377471,-0.563361508276,-5,CREATE
954,15.3848607061,27.920564762,1.04441948524,-0.256487373846,0.00669837815724,0.966524370509,29,REFLECT
954,15.3848607061,27.920564762,1.04441948524,-0.256487373846,0.00669837815724,0.966524370509,-5,EXIT
955,4.95137575294,-8233.25493013,5675.92380809,-0.000472389998554,0.826210377471,-0.563361508276,-5,CREATE
955,0.24397024148,-1.21219083973e-16,61.9796578745,-0.000472389998554,0.826210377471,-0.563361508276,127,ABSORB
956,19.7606507811,-8254.91646446,5644.14318419,-0.000472389998554,0.826210377471,-0.563361508276,-5,CREATE
956,15.0270890491,24.0857103435,-0.994276430992,-0.250770176249,0.0643734623142,0.965903916574,49,REFLECT
956,15.0270890491,24.0857103435,-0.994276430992,-0.250770176249,0.0643734623142,0.965903916574,-5,EXIT
957,-8.72385876763,-8254.55543889,5644.69653913,-0.000472389998554,0.826210377471,-0.563361508276,-5,CREATE
957,-13.457659949,24.8655329558,-0.726483305819,0.12560631818,0.0414919970909,0.991212120089,95,REFLECT
957,-13.457659949,24.8655329558,-0.726483305819,0.12560631818,0.0414919970909,0.991212120089,-5,EXIT
958,1.74371068457,-8235.78210913,5672.22020708,-0.000472389998554,0.826210377471,-0.563361508276,-5,CREATE
958,-2.96513975438,2.1107587366e-16,56.5528693856,-0.000472389998554,0.826210377471,-0.563361508276,127,ABSORB
959,4.0961462005,-8253.1113366,5646.8036697,-0.000472389998554,0.826210377471,-0.563361508276,-5,CREATE
959,-0.639255366752,29.1087110985,-0.527936358895,-0.0563848127767,-0.0232561242035,0.998138219675,19,REFLECT
959,-0.639255366752,29.1087110985,-0.527936358895,-0.0563848127767,-0.0232561242035,0.998138219675,-5,EXIT
960,-7.297243246,-8252.62996917,5647.51918342,-0.000472389998554,0.826210377471,-0.563361508276,-5,CREATE
960,-12.031979749,28.4268808426,0.980717729839,0.115299800549,-0.00995065437278,0.993280897063,81,REFLECT
960,-12.031979749,28.4268808426,0.980717729839,0.115299800549,-0.00995065437278,0.993280897063,-5,EXIT
961,-12.9968977763,-8254.79612261,5644.34714209,-0.000472389998554,0.826210377471,-0.563361508276,-5,CREATE
961,-17.7304026787,24.1066571904,-0.72254484529,-0.000472389998554,0.826210377471,-0.563361508276,92,ABSORB
962,21.1863783606,-8253.71304589,5645.90688902,-0.000472389998554,0.826210377471,-0.563361508276,-5,CREATE
962,16.4523934836,26.0292096884,0.264795405122,-0.000472389998554,0.826210377471,-0.563361508276,40,ABSORB
963,6.01837758712,-8234.21766498,5674.51099312,-0.000472389998554,0.826210377471,-0.563361508276,-5,CREATE
963,1.31042162709,5.48699743093e-18,59.9103905316,-0.000472389998554,0.826210377471,-0.563361508276,127,ABSORB
964,-22.2562835545,-8256.24022489,5642.23702587,-0.000472389998554,0.826210377471,-0.563361508276,-5,CREATE
964,-26.9865572754,17.0112166521,1.02077206357,0.290663639769,0.162439568176,0.94293585954,104,REFLECT
964,-26.9865572754,17.0112166521,1.02077206357,0.290663639769,0.162439568176,0.94293585954,-5,EXIT
965,17.6266471127,-8252.99099474,5646.96881413,-0.000472389998554,0.826210377471,-0.563361508276,-5,CREATE
965,12.8920448931,27.8309935459,0.590491742875,-0.231697548712,0.00899632951255,0.972746273175,32,REFLECT
965,12.8920448931,27.8309935459,0.590491742875,-0.231697548712,0.00899632951255,0.972746273175,-5,EXIT
966,6.23286302531,-8252.83053893,5647.21368809,-0.000472389998554,0.826210377471,-0.563361508276,-5,CREATE
966,1.49738687026,29.5199628665,-0.206869662474,-0.0743915578004,-0.0309118840678,0.996749894182,15,REFLECT
966,1.49738687026,29.5199628665,-0.206869662474,-0.0743915578004,-0.0309118840678,0.996749894182,-5,EXIT
967,-8.01094564775,-8253.91361565,5645.63722151,-0.000472389998554,0.826210377471,-0.563361508276,-5,CREATE
967,-12.7450691632,26.0711186695,-0.170209160058,0.127031255829,0.041144678804,0.991044991637,91,REFLECT
967,-12.7450691632,26.0711186695,-0.170209160058,0.127031255829,0.041144678804,0.991044991637,-5,EXIT
968,3.88087148043,-8235.14028589,5673.15969521,-0.000472389998554,0.826210377471,-0.563361508276,-5,CREATE
968,-0.827611992808,1.26751407445e-16,57.9299924267,-0.000472389998554,0.826210377471,-0.563361508276,127,ABSORB
969,9.58096998179,-8232.61310689,5676.86120626,-0.000472389998554,0.826210377471,-0.563361508276,-5,CREATE
969,4.87393143604,-2.05415577307e-16,63.3546909599,-0.000472389998554,0.826210377471,-0.563361508276,127,ABSORB
970,-20.8336144422,-8257.52387137,5640.35327258,-0.000472389998554,0.826210377471,-0.563361508276,-5,CREATE
970,-25.5633219227,14.7372153691,-0.187695865742,0.278555821749,0.18887275366,0.941665406126,114,REFLECT
970,-25.5633219227,14.7372153691,-0.187695865742,0.278555821749,0.18887275366,0.941665406126,-5,EXIT
971,33.2891291585,-8256.44079466,5641.89629986,-0.000472389998554,0.826210377471,-0.563361508276,-5,CREATE
971,28.5592382715,16.1410701335,1.13660504272,-0.402582688733,0.196205725241,0.894108769734,55,REFLECT
971,28.5592382715,16.1410701335,1.13660504272,-0.402582688733,0.196205725241,0.894108769734,-5,EXIT
972,-12.2828007336,-8253.19156451,5646.69974375,-0.000472389998554,0.826210377471,-0.563361508276,-5,CREATE
972,-17.0170644278,27.0383425959,0.725139059992,0.161531188075,0.00982770902215,0.986818672003,83,REFLECT
972,-17.0170644278,27.0383425959,0.725139059992,0.161531188075,0.00982770902215,0.986818672003,-5,EXIT
973,6.72773893854,-8236.46404632,5671.21591768,-0.000472389998554,0.826210377471,-0.563361508276,-5,CREATE
973,2.01849859852,3.01043111507e-16,55.0835928904,-0.000472389998554,0.826210377471,-0.563361508276,127,ABSORB
974,1.03474397409,-8233.21481617,5675.98592228,-0.000472389998554,0.826210377471,-0.563361508276,-5,CREATE
974,-3.67263860202,-1.26697319044e-16,62.0691242427,-0.000472389998554,0.826210377471,-0.563361508276,127,ABSORB
975,-6.58788189458,-8254.87635051,5644.22410798,-0.000472389998554,0.826210377471,-0.563361508276,-5,CREATE
975,-11.3216268506,24.4462831173,-1.13186135465,0.0987582559141,0.0492764562731,0.993890656836,101,REFLECT
975,-11.3216268506,24.4462831173,-1.13186135465,0.0987582559141,0.0492764562731,0.993890656836,-5,EXIT
976,4.8074314265,-8253.79327379,5645.80296308,-0.000472389998554,0.826210377471,-0.563361508276,-5,CREATE
976,0.0723314721799,27.8992527142,-1.16894628989,-0.0527084866531,-0.00261412318736,0.998606520004,24,REFLECT
976,0.0723314721799,27.8992527142,-1.16894628989,-0.0527084866531,-0.00261412318736,0.998606520004,-5,EXIT
977,0.986684465764,-8236.10302075,5671.75020177,-0.000472389998554,0.826210377471,-0.563361508276,-5,CREATE
977,-3.72234945605,2.53254103377e-16,55.8640466206,-0.000472389998554,0.826210377471,-0.563361508276,127,ABSORB
978,-23.7278014569,-8258.48660623,5638.94377914,-0.000472389998554,0.826210377471,-0.563361508276,-5,CREATE
978,-28.4567120632,12.3807470766,-0.646855352393,0.300271732214,0.22421717646,0.927126498712,117,REFLECT
978,-28.4567120632,12.3807470766,-0.646855352393,0.300271732214,0.22421717646,0.927126498712,-5,EXIT
979,19.0036245623,-8255.23737608,5643.67317888,-0.000472389998554,0.826210377471,-0.563361508276,-5,CREATE
979,14.2701552745,23.6031138151,-1.35403493402,-0.24006108628,0.0649330999621,0.968583691471,49,REFLECT
979,14.2701552745,23.6031138151,-1.35403493402,-0.24006108628,0.0649330999621,0.968583691471,-5,EXIT
980,30.3949421439,-8257.40352952,5640.48680643,-0.000472389998554,0.826210377471,-0.563361508276,-5,CREATE
980,25.6651895786,14.9364105551,-0.107929104102,-0.37810128017,0.203550050807,0.903109516476,64,REFLECT
980,25.6651895786,14.9364105551,-0.107929104102,-0.37810128017,0.203550050807,0.903109516476,-5,EXIT
981,9.5352783191,-8233.57584174,5675.44932431,-0.000472389998554,0.826210377471,-0.563361508276,-5,CREATE
981,4.82768932477,-7.87666266532e-17,61.2863566329,-0.000472389998554,0.826210377471,-0.563361508276,127,ABSORB
982,2.41329998739,-8234.17755103,5674.57284606,-0.000472389998554,0.826210377471,-0.563361508276,-5,CREATE
982,-2.29463303729,2.47589706111e-20,59.9995956553,-0.000472389998554,0.826210377471,-0.563361508276,127,ABSORB
983,-19.4526905833,-8256.56113651,5641.76403491,-0.000472389998554,0.826210377471,-0.563361508276,-5,CREATE
983,-24.1830623,16.8616997666,0.430913538745,0.258567779487,0.165631168102,0.951687458972,111,REFLECT
983,-24.1830623,16.8616997666,0.430913538745,0.258567779487,0.165631168102,0.951687458972,-5,EXIT
984,20.4293521418,-8254.03395751,5645.43688372,-0.000472389998554,0.826210377471,-0.563361508276,-5,CREATE
984,15.6954507845,25.5622220469,-0.105606205611,-0.255731372686,0.0398569178794,0.965925924241,40,REFLECT
984,15.6954507845,25.5622220469,-0.105606205611,-0.255731372686,0.0398569178794,0.965925924241,-5,EXIT
985,5.26135136831,-8234.5385766,5674.04098781,-0.000472389998554,0.826210377471,-0.563361508276,-5,CREATE
985,0.553211925422,4.76652271485e-17,59.2215677666,-0.000472389998554,0.826210377471,-0.563361508276,127,ABSORB
986,7.39952069102,-8233.07664589,5676.18322199,-0.000472389998554,0.826210377471,-0.563361508276,-5,CREATE
986,2.69221711447,-1.44547328893e-16,62.360637026,-0.000472389998554,0.826210377471,-0.563361508276,127,ABSORB
987,-23.015063733,-8257.98741038,5639.6752883,-0.000472389998554,0.826210377471,-0.563361508276,-5,CREATE
987,-27.7443269532,13.4966647915,-0.335865429776,0.300037078296,0.214739069212,0.929443319305,117,REFLECT
987,-27.7443269532,13.4966647915,-0.335865429776,0.300037078296,0.214739069212,0.929443319305,-5,EXIT
988,16.8678669342,-8254.73818023,5644.40707656,-0.000472389998554,0.826210377471,-0.563361508276,-5,CREATE
988,12.1339940329,24.8082298775,-1.10147745927,-0.222758009469,0.0571806790715,0.973195375635,47,REFLECT
988,12.1339940329,24.8082298775,-1.10147745927,-0.222758009469,0.0571806790715,0.973195375635,-5,EXIT
989,28.2591845158,-8256.90433366,5641.22070411,-0.000472389998554,0.826210377471,-0.563361508276,-5,CREATE
989,23.5288761779,16.4076530259,-0.0368331298911,-0.352165200463,0.189391923814,0.916575349209,62,REFLECT
989,23.5288761779,16.4076530259,-0.0368331298911,-0.352165200463,0.189391923814,0.916575349209,-5,EXIT
990,0.278726282128,-8232.71562032,5676.71866302,-0.000472389998554,0.826210377471,-0.563361508276,-5,CREATE
990,-4.4283708762,-1.92407179153e-16,63.142247696,-0.000472389998554,0.826210377471,-0.563361508276,127,ABSORB
991,-7.34389958655,-8254.37715466,5644.95684872,-0.000472389998554,0.826210377471,-0.563361508276,-5,CREATE
991,-12.0778430139,25.2926056033,-0.63581309331,0.106651470986,0.0341002748682,0.993711545163,96,REFLECT
991,-12.0778430139,25.2926056033,-0.63581309331,0.106651470986,0.0341002748682,0.993711545163,-5,EXIT
992,1.2021784308,-8253.89578723,5645.65564279,-0.000472389998554,0.826210377471,-0.563361508276,-5,CREATE
992,-3.53293106533,27.8134278985,-1.32764590998,-0.0209340794057,0.00074205291412,0.999780582766,22,REFLECT
992,-3.53293106533,27.8134278985,-1.32764590998,-0.0209340794057,0.00074205291412,0.999780582766,-5,EXIT
993,-21.5919999798,-8258.95014524,5638.26217477,-0.000472389998554,0.826210377471,-0.563361508276,-5,CREATE
993,-26.3208643989,11.8364265672,-1.27337788551,-0.000472389998554,0.826210377471,-0.563361508276,123,ABSORB
994,-10.1900270929,-8252.45168494,5647.78307579,-0.000472389998554,0.826210377471,-0.563361508276,-5,CREATE
994,-14.9247187294,28.5266935544,1.29811685685,-0.000472389998554,0.826210377471,-0.563361508276,79,ABSORB
995,-10.5487528382,-8254.61783837,5644.60655599,-0.000472389998554,0.826210377471,-0.563361508276,-5,CREATE
995,-15.2824470342,24.6160159798,-0.688878126183,0.14823108435,0.0384731594084,0.9882041093,94,REFLECT
995,-15.2824470342,24.6160159798,-0.688878126183,0.14823108435,0.0384731594084,0.9882041093,-5,EXIT
996,8.46652252519,-8234.03938075,5674.77040702,-0.000472389998554,0.826210377471,-0.563361508276,-5,CREATE
996,3.75866850008,-1.7841247489e-17,60.2913696831,-0.000472389998554,0.826210377471,-0.563361508276,127,ABSORB
997,3.69816363223,-8251.00758265,5649.88931066,-0.000472389998554,0.826210377471,-0.563361508276,-5,CREATE
997,-1.03813467161,32.7808578478,1.48827706908,-0.0434561322712,-0.0693495658019,0.996645474726,3,REFLECT
997,-1.03813467161,32.7808578478,1.48827706908,-0.0434561322712,-0.0693495658019,0.996645474726,-5,EXIT
998,-0.0785195596866,-8233.67835518,5675.30704231,-0.000472389998554,0.826210377471,-0.563361508276,-5,CREATE
998,-4.78616716659,-6.57742251096e-17,61.0741746135,-0.000472389998554,0.826210377471,-0.563361508276,127,ABSORB
999,32.1770495476,-8255.9415988,5642.62933917,-0.000472389998554,0.826210377471,-0.563361508276,-5,CREATE
999,27.4467432419,17.3668335293,1.37422550957,-0.39690618931,0.177637358501,0.900505661144,54,REFLECT
999,27.4467432419,17.3668335293,1.37422550957,-0.39690618931,0.177637358501,0.900505661144,-5,EXIT
1000,-13.3948803446,-8252.69236865,5647.43278306,-0.000472389998554,0.826210377471,-0.563361508276,-5,CREATE
1000,-18.1293255719,27.8550399494,1.24168614022,0.174780525875,0.00617220750808,0.984588072053,77,REFLECT
1000,-18.1293255719,27.8550399494,1.24168614022,0.174780525875,0.00617220750808,0.984588072053,-5,EXIT
