Ray Number,Pos X,Pos Y,Pos Z,Cos X,Cos Y,Cos Z,Element,Event
1,-3.54708266258,-4.38914108276,60.3453826904,0.00198585758262,0.828238093148,-0.560372837875,-1,CREATE
1,-3.5365588665,-1.51651306624e-07,57.3757591248,0.429915185138,-0.614402812344,-0.661575481537,127,ABSORB
2,13.3240804672,-24.0959720612,31.4297447205,0.00174808038903,0.825665476889,-0.564157304738,-1,CREATE
2,13.425658226,23.8819408417,-1.35240590572,-0.229291919676,0.0606517801752,0.971466199686,48,REFLECT
2,13.1963663101,23.9425926208,-0.380939722061,-0.240347997011,-0.745527837196,0.62162776989,-2,EXIT
3,-1.13691568375,-20.5173606873,36.6901664734,-0.00315642811101,0.825140732836,-0.564918408246,-1,CREATE
3,-1.3368473053,31.747959137,0.907614350319,-0.0470118518071,-0.0552902216302,0.997362961605,8,REFLECT
3,-1.38385915756,31.6926689148,1.90497732162,0.356441890042,-0.855993631844,0.374465060139,-2,EXIT
4,22.9647483826,-26.7804050446,27.4847507477,0.000647720395113,0.827777698788,-0.56105584557,-1,CREATE
4,22.9974040985,14.9531478882,-0.801652550697,-0.345142386043,0.20374680837,0.916168091256,67,REFLECT
4,22.652261734,15.1568946838,0.114515483379,-0.334266567546,-0.264680080298,0.904549786863,-2,EXIT
5,-0.333527386189,-3.04379034042,62.3157424927,0.00139122757217,0.826574262167,-0.562825953212,-1,CREATE
5,-0.328404307365,3.78923203925e-08,60.243183136,0.022937555498,-0.647463814282,-0.761750928941,127,ABSORB
6,0.469862878323,-22.5328769684,33.7329139709,-0.000378764390389,0.824801199506,-0.565422707212,-1,CREATE
6,0.446584254503,28.1588916779,-1.01761388779,-0.060766994072,-0.0005550384441,0.998151824305,24,REFLECT
6,0.38581725955,28.1583366394,-0.0194620490074,0.427785867618,-0.800297110659,0.420147338605,-2,EXIT
7,29.3918590546,-26.1058483124,28.4686489105,0.000787572188307,0.824598321458,-0.565718117068,-1,CREATE
7,29.4305858612,14.4416217804,0.650937139988,-0.409469753436,0.213127213755,0.887080217217,61,REFLECT
7,29.0211162567,14.6547489166,1.53801703453,-0.542913264563,-0.579899711897,0.607422020759,-2,EXIT
8,-3.279286623,-19.8461475372,37.6763420105,0.000758143483574,0.82478155376,-0.565450982664,-1,CREATE
8,-3.23078227043,32.9215621948,1.50003182888,-0.0201358771425,-0.0687103190471,0.997433425602,2,REFLECT
8,-3.25091814995,32.8528518677,2.49746537209,0.103414794441,-0.525062774638,0.844757043759,-2,EXIT
9,3.95121240616,-3.7141661644,61.328994751,0.0021582165555,0.825572426613,-0.564292043642,-1,CREATE
9,3.96092200279,1.61535126608e-07,58.7903022766,-0.783950085188,-0.288959903675,0.549476512693,127,ABSORB
10,-2.47589826584,-2.37257814407,63.3019180298,0.0018145880945,0.826923793419,-0.56231107685,-1,CREATE
10,-2.47069191933,-1.35618989816e-07,61.6885566711,0.549179326485,-0.51345375283,-0.659368873292,127,ABSORB
11,27.2494888306,-27.7868041992,26.0051994324,-0.000368663231695,0.826576720518,-0.562823941553,-1,CREATE
11,27.23179245,11.8901014328,-1.01118254662,-0.39123095521,-0.255251921419,0.884185951199,76,ABSORB
12,0.737658977509,-5.3955411911,58.8658294678,-4.17902146151e-05,0.825068894188,-0.565032138995,-1,CREATE
12,0.737385690212,5.50582285541e-07,55.1707992554,0.0818395845194,-0.730778118179,-0.677691393185,127,ABSORB
13,3.147824049,-21.5237598419,35.2106132507,0.00120787518888,0.825062534489,-0.565040135938,-1,CREATE
13,3.22301530838,29.8370857239,0.0363834835589,-0.0945684920597,-0.0345401767852,0.994918979866,16,REFLECT
13,3.1284468174,29.8025455475,1.03130245209,-0.0191984229969,-0.492523111023,0.870087585053,-2,EXIT
14,1.80884337425,-4.0510263443,60.8367652893,-0.00433173598915,0.827504384744,-0.561442543181,-1,CREATE
14,1.78763747215,8.34035631669e-08,58.0882377625,-0.483908723302,-0.593891252608,-0.642748417024,127,ABSORB
15,-16.6690998077,-22.6515750885,33.5732040405,0.00153389042593,0.826004882244,-0.56366087472,-1,CREATE
15,-16.5784187317,26.1804733276,0.250501334667,0.159069043365,0.0237026187906,0.986982890077,88,REFLECT
15,-16.4193496704,26.2041759491,1.2374843359,0.169447855567,-0.405511405895,0.898247139674,-2,EXIT
16,-4.61826896667,-2.03739023209,63.7952957153,-0.00399045559358,0.826951549223,-0.562259025273,-1,CREATE
16,-4.6281003952,-4.90572631406e-08,62.4100379944,0.472688869632,-0.543082525319,-0.693993229952,127,ABSORB
17,15.4664487839,-23.087064743,32.907585144,-0.0302050730092,0.826315819559,-0.562396497066,-1,CREATE
17,13.680560112,25.7692337036,-0.344363391399,-0.266128516141,0.0462875324645,0.962825569475,43,REFLECT
17,13.414431572,25.8155212402,0.618462264538,0.200556750527,-0.858614985519,0.471759786819,-2,EXIT
18,25.4641819,-25.7713546753,28.9624977112,0.00110826121055,0.825144627183,-0.564920451027,-1,CREATE
18,25.5203838348,16.0732250214,0.314357668161,-0.375310814477,0.186918217156,0.907856471383,58,REFLECT
18,25.145072937,16.26014328,1.22221434116,-0.366295901186,-0.239417872871,0.89916983653,-2,EXIT
19,-1.04765033722,-0.859912037849,65.5191574097,0.000288291563383,0.824903315043,-0.565273772361,-1,CREATE
19,-1.0473498106,6.40791029127e-08,64.9298934937,-0.279704010021,-0.560801120923,-0.779273873263,127,ABSORB
20,-13.0984830856,-24.1622886658,31.3546390533,0.00137505421889,0.824035256641,-0.566536852322,-1,CREATE
20,-13.0188846588,23.5390377045,-1.44075298309,0.123390199451,0.0565872200165,0.990743531501,100,REFLECT
20,-12.8954944611,23.5956249237,-0.450009465218,-0.031444517978,-0.783092835591,0.621109372924,-2,EXIT
21,-14.7052612305,-21.4747238159,35.2974967957,0.00315148494958,0.827405318807,-0.561596391149,-1,CREATE
21,-14.5144872665,28.6119480133,1.3014690876,0.139900216234,-0.00691604657337,0.990141453429,80,REFLECT
21,-14.374587059,28.6050319672,2.29161047935,0.241773704672,-0.489613434483,0.837749461655,-2,EXIT
22,2.16590499878,-4.89094781876,59.6046600342,0.00270222033372,0.825200648793,-0.564833238431,-1,CREATE
22,2.18192100525,1.04685227598e-07,56.2569046021,0.446730909037,-0.607360073003,-0.656921027699,127,ABSORB
23,22.2506217957,-27.2847194672,26.7457351685,0.000915537933639,0.826966927145,-0.562249822764,-1,CREATE
23,22.2963829041,14.0493659973,-1.35706007481,-0.337396713791,0.216512739147,0.916125368773,72,REFLECT
23,21.9589862823,14.2658786774,-0.440934956074,-0.693901822983,-0.5760917227,0.43199373502,-2,EXIT
24,-25.9527053833,-25.5114040375,29.386844635,-0.00239196430663,0.826915356764,-0.562321323849,-1,CREATE
24,-26.0746898651,16.6593093872,0.709796607494,0.283239261939,0.177667553387,0.942448810796,109,REFLECT
24,-25.7914505005,16.836977005,1.65224575996,0.647403605129,-0.580380854242,0.493990522272,-2,EXIT
25,17.4302902222,-21.9102134705,34.6318740845,-0.00455020717308,0.827208404302,-0.561876811647,-1,CREATE
25,17.1587467194,27.4552459717,1.10065412521,-0.277915967751,0.0157680518942,0.960475967116,30,REFLECT
25,16.8808307648,27.4710140228,2.06113004684,-0.572751771332,-0.73584099078,0.361238764149,-2,EXIT
26,-24.881521225,-26.1830329895,28.4009532928,-0.0020147970765,0.826509384846,-0.562919334677,-1,CREATE
26,-24.9831027985,15.4877262115,0.019816339016,0.264150634279,0.188277255097,0.945926063508,115,REFLECT
26,-24.718952179,15.6760034561,0.965742349625,0.317360708906,-0.273490610737,0.908011600301,-2,EXIT
27,-3.19002127647,-2.87689328194,62.5629043579,-0.00364561013976,0.825762006982,-0.564006930233,-1,CREATE
27,-3.20272231102,1.25556852026e-07,60.597946167,-0.31132043302,-0.607507299084,-0.730762936624,127,ABSORB
28,-15.2408542633,-23.4910793304,32.3408203125,-0.00106527818051,0.825097490845,-0.5649893767,-1,CREATE
28,-15.3030586243,24.6885070801,-0.650377452374,0.139727583353,0.0407276126996,0.989352042508,94,REFLECT
28,-15.1633310318,24.7292346954,0.338974654675,0.215616698509,-0.806109649234,0.551086810526,-2,EXIT
29,-2.38663291931,-23.038028717,32.994468689,-0.00168893829552,0.825937051856,-0.563759819302,-1,CREATE
29,-2.48993802071,27.4809932709,-1.48829805851,-0.0311489135253,0.00311279326883,0.999509907757,22,REFLECT
29,-2.52108693123,27.4841060638,-0.488788247108,0.429965201354,-0.800476657818,0.417572803128,-2,EXIT
30,26.5353660583,-26.6109981537,27.7302036285,-0.00160795312724,0.828071997729,-0.560619461902,-1,CREATE
30,26.4555530548,14.4915142059,-0.0969278588891,-0.384256430121,0.222484627535,0.896017626178,65,REFLECT
30,26.0712966919,14.7139987946,0.799089610577,-0.182417598358,-0.768119028045,0.61377274179,-2,EXIT
31,16.8946990967,-23.9265670776,31.6751976013,0.00202648596036,0.825270262168,-0.564734351474,-1,CREATE
31,17.0115280151,23.6510791779,-0.882295906544,-0.268220949858,0.0704383977121,0.960778826882,46,REFLECT
31,16.7433071136,23.7215175629,0.0784827470779,-0.192393530928,-0.364493821236,0.911114144077,-2,EXIT
32,3.23708939552,-1.86631214619,64.039604187,-0.00122091717124,0.824109112109,-0.566429766786,-1,CREATE
32,3.23432445526,-6.7124801717e-08,62.7568435669,-0.568460617693,-0.498228847436,-0.654691180416,127,ABSORB
33,-27.0238895416,-26.5198936462,27.9087200165,-0.000564943721447,0.826626406633,-0.562750801595,-1,CREATE
33,-27.0519218445,14.4970092773,-0.014770951122,0.285257322902,0.203006732589,0.936705143711,113,REFLECT
33,-26.766664505,14.7000160217,0.921934247017,0.273257442737,-0.689462361471,0.670799539433,-2,EXIT
34,-12.5628910065,-21.1378631592,35.789730072,0.00195870819099,0.824777594943,-0.565453872868,-1,CREATE
34,-12.4436368942,29.0779476166,1.36260104179,0.118673321874,-0.0212230677525,0.99270651457,81,REFLECT
34,-12.3249635696,29.0567245483,2.35530757904,0.204652418323,-0.828674187697,0.520976466186,-2,EXIT
35,0.291332125664,-22.0289096832,34.4721679688,0.000306236324462,0.82566117627,-0.564166223927,-1,CREATE
35,0.310306489468,29.1289520264,-0.483499675989,-0.0576739941179,-0.0182418833969,0.998168795391,19,REFLECT
35,0.252632498741,29.110710144,0.514669060707,0.012208176254,-0.478330789758,0.878094878701,-2,EXIT
36,1.09472048283,-3.88329339027,61.0833511353,-0.00107596279576,0.827762550652,-0.561077536569,-1,CREATE
36,1.08967280388,3.60094418284e-07,58.4511604309,0.0879984557204,-0.677872494249,-0.729893932932,127,ABSORB
37,3.86194682121,-21.35546875,35.4568252563,-0.0125365667629,0.81924867128,-0.573301359758,-1,CREATE
37,3.08342242241,29.5201091766,-0.14535394311,-0.10093713541,-0.0408554106872,0.994053585131,16,REFLECT
37,2.98248529434,29.4792537689,0.848699569702,0.37118159313,-0.848386090027,0.377445714203,-2,EXIT
38,27.9636116028,-27.6185131073,26.251411438,0.00493970446191,0.832883316389,-0.553426581039,-1,CREATE
38,28.2020111084,12.5780153275,-0.458004951477,-0.315382915727,-0.675213453562,0.66679862672,71,ABSORB
39,11.8958339691,-22.3324050903,34.0173454285,0.00270301737189,0.82606111485,-0.563574066322,-1,CREATE
39,12.0581026077,27.2580318451,0.184637784958,-0.220355991512,0.021320343401,0.97518648471,37,REFLECT
39,11.8377466202,27.2793521881,1.15982425213,-0.103946584299,-0.43334429402,0.895213846214,-2,EXIT
40,4.66533517838,-2.62180900574,62.9304161072,-0.00420005423592,0.827568249651,-0.561349402524,-1,CREATE
40,4.65202903748,-6.81876315412e-08,61.1520118713,-0.85905834818,-0.474152255253,-0.192868849897,127,ABSORB
41,-4.97533035278,-5.31376504898,58.9905548096,0.00103355415919,0.825463639543,-0.564454348516,-1,CREATE
41,-4.96867704391,5.67145889363e-07,55.3569869995,0.315899570223,-0.12610961816,0.940374300872,127,ABSORB
42,-1.76177334785,-1.2802208662,64.9033432007,-0.000903360107172,0.825442828853,-0.564485004438,-1,CREATE
42,-1.76317441463,7.46912434124e-08,64.0278549194,0.554488102238,-0.49505682089,-0.668925772091,127,ABSORB
43,24.7500553131,-23.6714820862,32.0427093506,-0.000308093508241,0.805487155694,-0.592613151297,-1,CREATE
43,24.7339668274,18.3906459808,1.09675312042,-0.377923952907,0.128084178487,0.916933982924,52,REFLECT
43,24.3560428619,18.5187301636,2.01368713379,-0.627833057963,-0.605318569816,0.489300603274,-2,EXIT
44,-17.561756134,-21.8958702087,34.6822509766,-0.0167753032428,0.831297792153,-0.555574090435,-1,CREATE
44,-18.568063736,27.9715614319,1.35478007793,0.164514548408,0.00477600117345,0.986363093985,77,REFLECT
44,-18.4035491943,27.9763374329,2.34114313126,0.258390938494,-0.475797230925,0.840744383239,-2,EXIT
45,-0.690588891506,-4.64004421234,59.9750213623,0.00189767232241,0.828040012928,-0.560665796914,-1,CREATE
45,-0.679955005646,-2.58821273746e-07,56.8332481384,0.0819244367061,-0.709066385652,-0.700366509343,127,ABSORB
46,1.71957802773,-20.7682628632,36.3198013306,-0.000232342794969,0.828035540558,-0.560675565358,-1,CREATE
46,1.70490145683,31.5368766785,0.903189063072,-0.0730332205689,-0.0468463942308,0.996228670558,10,REFLECT
46,1.63186824322,31.4900302887,1.89941763878,0.202411843579,-0.831256129958,0.517728395963,-2,EXIT
47,14.5737953186,-21.6593112946,35.0022392273,-0.000351171375696,0.824151763168,-0.56636891506,-1,CREATE
47,14.5526590347,27.9446907043,0.913657426834,-0.172816797436,-0.448780403957,0.876772777605,28,ABSORB
48,2.52296638489,-3.29469347,61.9453811646,0.00112520066166,0.827299133505,-0.561760516257,-1,CREATE
48,2.52744746208,6.70041799822e-09,59.7081871033,-0.448738299818,-0.580549100804,-0.679409066639,127,ABSORB
49,-15.9549770355,-23.9113864899,31.7250022888,-7.89232932898e-05,0.824096729263,-0.566449092672,-1,CREATE
49,-15.9595451355,23.7875385284,-1.06121301651,0.152453425761,0.0519638072479,0.98694362337,98,REFLECT
49,-15.807091713,23.8395023346,-0.0742694139481,0.167623826733,-0.349029397262,0.921998228067,-2,EXIT
50,-3.90414404869,-0.945032954216,65.3967132568,-0.00197732767804,0.825449583509,-0.564472386624,-1,CREATE
50,-3.9064078331,4.05463396191e-08,64.7504653931,0.411205289413,-0.534833731452,-0.738148419804,127,ABSORB
51,14.0382032394,-23.3396396637,32.5383644104,0.00222780072252,0.825307631079,-0.564678980472,-1,CREATE
51,14.1689577103,25.0994606018,-0.603873372078,-0.241148937633,0.0443801859571,0.969472840761,44,REFLECT
51,13.9278087616,25.1438407898,0.365599513054,-0.193286967844,-0.391380363257,0.89970081656,-2,EXIT
52,0.380597501993,-2.28745746613,63.4243621826,-0.00260630326544,0.825926119146,-0.563772341371,-1,CREATE
52,0.373379170895,1.25625007286e-07,61.8629570007,-0.550444425552,-0.514352272964,-0.657611339376,127,ABSORB
53,-27.7380142212,-26.2681541443,28.2785110474,-0.00186611421557,0.827268837837,-0.561803157308,-1,CREATE
53,-27.830947876,14.9303512573,0.30036252737,0.292505272512,0.190432553881,0.937110510012,108,REFLECT
53,-27.5384426117,15.1207838058,1.23747301102,0.18709336325,-0.766854880115,0.61394597993,-2,EXIT
54,-18.0973491669,-23.5761985779,32.2183761597,0.000847531244134,0.827496878655,-0.561469676391,-1,CREATE
54,-18.0480327606,24.5744419098,-0.452592432499,0.297057344785,-0.357494079163,0.885412286606,92,ABSORB
55,3.71317005157,-1.61410820484,64.4090805054,-0.00246897940611,0.826909043851,-0.56233027425,-1,CREATE
55,3.70835065842,-5.21645731055e-08,63.3114242554,0.325262247458,-0.575291031354,-0.750496302204,127,ABSORB
56,15.7640028,-21.3228206635,35.4947242737,0.00114970845071,0.825965739124,-0.563719146353,-1,CREATE
56,15.8334217072,28.5486392975,1.45760202408,-0.261515675474,0.000200271650941,0.965199208129,29,REFLECT
56,15.5719060898,28.5488395691,2.42280101776,-0.547967241885,-0.769779142701,0.327371307973,-2,EXIT
57,-24.4054374695,-27.61095047,26.3064098358,-0.000274811468106,0.824137122143,-0.566390261556,-1,CREATE
57,-24.418838501,12.5776472092,-1.31330263615,0.260328275149,0.217229828372,0.940765853347,124,REFLECT
57,-24.1585102081,12.7948770523,-0.372536718845,0.321327531209,-0.256223360783,0.911645878111,-2,EXIT
58,-2.71393847466,-4.30481004715,60.4683609009,-0.00324386526662,0.826282385932,-0.563246745252,-1,CREATE
58,-2.73083853722,6.9050656748e-08,57.5339279175,-0.346943727845,-0.645767916467,-0.680157222833,127,ABSORB
59,-14.7647714615,-22.3988132477,33.9423027039,-0.00385631118843,0.827832439782,-0.560962191693,-1,CREATE
59,-14.99472332,26.9648399353,0.492123961449,0.477083653925,-0.734064213335,0.483260714168,84,ABSORB
60,17.3707790375,-22.8343029022,33.2766799927,0.00305480532341,0.824910413058,-0.565255233141,-1,CREATE
60,17.5497398376,25.4917316437,0.162121742964,0.176437196577,-0.854472762115,0.488616633433,41,ABSORB
61,28.0826320648,-25.5183143616,29.3314037323,0.00354434718504,0.826189123065,-0.563381727191,-1,CREATE
61,28.260848999,16.024143219,1.0034327507,-0.396705749382,0.19686704965,0.896586812957,55,REFLECT
61,27.8641433716,16.2210102081,1.90001928806,-0.372136226489,-0.24530296068,0.895176567173,-2,EXIT
62,1.57080113888,-1.11090815067,65.1488571167,-0.00215675744695,0.827109662848,-0.562036434781,-1,CREATE
62,1.56790435314,2.16410711573e-08,64.3939743042,-0.407692907585,-0.538788681389,-0.737219946768,127,ABSORB
63,-16.9071426392,-24.4157943726,30.9860515594,-0.000701261253105,0.827839622325,-0.560964408801,-1,CREATE
63,-16.947473526,23.194858551,-1.27609324455,-0.164050277466,-0.859569754143,0.483970396022,97,ABSORB
64,-26.5478076935,-27.107749939,27.0461845398,-0.00141893866534,0.824813758208,-0.565402733353,-1,CREATE
64,-26.6172561646,13.2618980408,-0.62686175108,0.321257547222,-0.251909106904,0.912872055773,118,ABSORB
65,-4.85630941391,-3.80160975456,61.2081375122,0.00201222247692,0.82740480991,-0.561602378466,-1,CREATE
65,-4.84706401825,1.20419826999e-07,58.6277885437,-0.21967497361,-0.659221755745,-0.719145035944,127,ABSORB
66,-12.0868082047,-21.7257194519,34.9272003174,-0.00121789744816,0.828351727436,-0.560207044208,-1,CREATE
66,-12.160569191,28.442741394,0.998708069324,0.109782232845,-0.00652885519749,0.993934220862,81,REFLECT
66,-12.050786972,28.4362125397,1.99264216423,0.15493366105,-0.499880660622,0.852123750291,-2,EXIT
67,-1.64275217056,-5.14445209503,59.2360687256,0.00240451037178,0.824876376319,-0.565308041797,-1,CREATE
67,-1.62775611877,1.82411383776e-07,55.7104492188,0.0815105795637,-0.723935475229,-0.685035366331,127,ABSORB
68,0.767412781715,-21.2726707458,35.5808486938,0.00172547909612,0.826225039154,-0.56333756079,-1,CREATE
68,0.875495791435,30.4815864563,0.293710649014,-0.064174297967,-0.0401725790923,0.99712979264,15,REFLECT
68,0.811321496964,30.4414138794,1.29084038734,0.355899490925,-0.857687383763,0.371090156287,-2,EXIT
69,24.8690738678,-27.5357151031,26.3754367828,0.000407038815068,0.826991705828,-0.562213974223,-1,CREATE
69,24.889005661,12.9602451324,-1.15494179726,-0.361810723236,0.236408259146,0.901778318413,74,REFLECT
69,24.5271949768,13.1966533661,-0.253163576126,-0.36051452305,-0.229656464894,0.904039372374,-2,EXIT
70,-0.571567714214,-2.7918651104,62.6854095459,-0.00126654596409,0.826294864449,-0.563236356113,-1,CREATE
70,-0.575847089291,1.26913846543e-07,60.7823600769,-0.311567603825,-0.605365431147,-0.732433152594,127,ABSORB
71,-12.6224002838,-23.4060497284,32.4633216858,0.00186542591982,0.825458240618,-0.564460107697,-1,CREATE
71,-12.5127887726,25.0974712372,-0.704077124596,0.114370341592,0.0367927536865,0.992756625886,96,REFLECT
71,-12.3984184265,25.1342639923,0.288679540157,0.211993019757,-0.807123643058,0.551008515715,-2,EXIT
72,0.231820583344,-22.9530010223,33.116973877,0.0020288859273,0.82655633046,-0.562850349737,-1,CREATE
72,0.355928361416,27.6077861786,-1.31281113625,0.203694366607,-0.823280339192,0.529828357219,24,ABSORB
73,13.0860376358,-23.8440475464,31.7994098663,-0.00236076478297,0.827852016103,-0.560941588959,-1,CREATE
73,12.9477939606,24.634016037,-1.04868555069,-0.230344753179,0.0612335154144,0.971180596631,48,REFLECT
73,12.7174491882,24.6952495575,-0.0775048732758,-0.234898187485,-0.749423749042,0.619020909088,-2,EXIT
74,-1.37495601177,-20.2654342651,37.0598335266,-0.00351705838536,0.825757767272,-0.564013953809,-1,CREATE
74,-1.59870278835,32.2672843933,1.17862534523,-0.0426203049934,-0.0681610167342,0.996763555413,3,REFLECT
74,-1.6413230896,32.1991233826,2.17538881302,-0.0313149234343,-0.540589053137,0.840703783266,-2,EXIT
75,-3.78512310982,-4.80926418304,59.7294425964,-0.00014405751878,0.823889603623,-0.566750298006,-1,CREATE
75,-3.78596401215,1.4397150494e-07,56.421169281,0.0473233331999,-0.280438257021,0.958704796136,127,ABSORB
76,-3.42806148529,-2.12093162537,63.6717758179,-0.00176709108682,0.827093866722,-0.562061040297,-1,CREATE
76,-3.4325928688,8.01252895144e-08,62.2304725647,0.15495411181,-0.613406555513,-0.774416955449,127,ABSORB
77,2.19565868378,-22.2801856995,34.1020584106,0.000540180000851,0.82803880677,-0.560670529535,-1,CREATE
77,2.22904467583,28.8970088959,-0.550357103348,-0.081681260233,-0.0135841384109,0.99656592502,21,REFLECT
77,2.1473634243,28.8834247589,0.446208715439,0.0123006223858,-0.467769844337,0.883764712702,-2,EXIT
78,2.99904704094,-3.50452280045,61.6372528076,-0.00212569486281,0.824597871555,-0.565715327393,-1,CREATE
78,2.99001288414,1.66772281318e-07,59.2329750061,-0.513425959758,-0.567397802462,-0.643780644014,127,ABSORB
79,-17.6212654114,-22.7779560089,33.3886604309,-0.00260672987298,0.826189787327,-0.563385871562,-1,CREATE
79,-17.774805069,25.8856582642,0.204526275396,0.170536063377,0.0287151373911,0.984932937805,87,REFLECT
79,-17.6042690277,25.9143733978,1.18945908546,0.311690850452,-0.442382193635,0.8409202153,-2,EXIT
80,4.07023143768,-4.84820127487,59.6657524109,-0.000717380963285,0.827912555449,-0.560856742755,-1,CREATE
80,4.06603050232,-2.3483954692e-07,56.3814125061,-0.604298755847,-0.547430274629,-0.578915458509,127,ABSORB
81,-24.0483760834,-25.4686565399,29.4479389191,-0.00168590786547,0.826609886493,-0.56277282563,-1,CREATE
81,-24.1350860596,17.0457210541,0.503285825253,0.257640860416,0.160369886612,0.952839276327,111,REFLECT
81,-23.8774452209,17.2060909271,1.45612502098,0.600016317715,-0.621205202123,0.504067966976,-2,EXIT
82,14.5142831802,-22.5413970947,33.7086486816,0.00212595555719,0.825889661983,-0.563827763189,-1,CREATE
82,14.6405630112,26.5156993866,0.217791184783,-0.24656294667,0.032546995606,0.968580098085,39,REFLECT
82,14.3940000534,26.5482463837,1.18637132645,0.214304724135,-0.855150634228,0.472007285953,-2,EXIT
83,27.3685092926,-25.2245731354,29.762796402,-0.00352823090852,0.824798892749,-0.565415190905,-1,CREATE
83,27.1891269684,16.709854126,1.01595592499,-0.40006245206,0.180942486112,0.898448580149,54,REFLECT
83,26.7890644073,16.8907966614,1.91440474987,-0.368992418331,-0.2615295233,0.891878300923,-2,EXIT
84,0.856678187847,-1.48921406269,64.5946426392,-0.00114689697727,0.827296495233,-0.561764357718,-1,CREATE
84,0.854613661766,7.34059497631e-08,63.5834121704,-0.396011764371,-0.554110150799,-0.732213509341,127,ABSORB
85,-14.9433021545,-22.1048622131,34.3735542297,0.00282877682068,0.825349632074,-0.564614897835,-1,CREATE
85,-14.7741775513,27.2404689789,0.616818845272,0.146698964099,0.00531959578576,0.989166879668,84,REFLECT
85,-14.6274785995,27.2457885742,1.60598564148,0.241198009165,-0.462700205808,0.853072118827,-2,EXIT
86,1.9278626442,-4.51301336288,60.159122467,-0.000580788313027,0.828214022663,-0.560411630276,-1,CREATE
86,1.92469787598,-4.29167812399e-10,57.1053886414,0.447409617091,-0.599284451787,-0.663839423642,127,ABSORB
87,22.0125789642,-26.906785965,27.300201416,-0.00141086742342,0.825678563661,-0.564139095405,-1,CREATE
87,21.9414196014,14.7376375198,-1.15305924416,-0.339981052098,0.208178503668,0.917101191159,72,REFLECT
87,21.6014385223,14.94581604,-0.235957980156,-0.689741055309,-0.578427795285,0.435521023905,-2,EXIT
88,-26.1907463074,-25.1334686279,29.9413108826,-2.59362011865e-05,0.825381664563,-0.564575156317,-1,CREATE
88,-26.1920776367,17.2341403961,0.961142659187,0.283336733405,0.161056571987,0.945399955639,105,REFLECT
88,-25.9087409973,17.3951969147,1.90654230118,0.643901879828,-0.581552195671,0.497179457404,-2,EXIT
89,17.1922492981,-21.5322799683,35.1863441467,-0.00413017702904,0.826242370732,-0.563299641793,-1,CREATE
89,16.9443836212,28.053276062,1.3808568716,-0.54970718692,-0.750854804642,0.366113467377,30,ABSORB
90,-22.977191925,-26.4763126373,27.9692420959,-0.00263883119483,0.828428138921,-0.560089149345,-1,CREATE
90,-23.1106872559,15.4328813553,-0.365001648664,0.244247434662,0.186298368942,0.951649151941,121,REFLECT
90,-22.8664398193,15.6191797256,0.586647510529,0.317966224266,-0.276838346579,0.90678443419,-2,EXIT
91,-1.28569066525,-3.17017102242,62.1311950684,-0.00327694963688,0.825643092513,-0.564183255146,-1,CREATE
91,-1.29827296734,9.36078947689e-09,59.9649353027,0.553183319272,-0.533099878335,-0.640150556509,127,ABSORB
92,25.2261352539,-25.5614337921,29.2705631256,-0.000969571584592,0.824893965985,-0.565286657203,-1,CREATE
92,25.1766605377,16.5307598114,0.425455272198,-0.375499919572,0.180946443693,0.908987455863,58,REFLECT
92,24.8011608124,16.7117061615,1.33444225788,-0.48403602477,-0.677239987502,0.554125550803,-2,EXIT
93,-3.33879613876,-22.6603717804,33.5491294861,-0.00267152018632,0.825846421032,-0.563888776133,-1,CREATE
93,-3.50317382812,28.1536655426,-1.14674687386,-0.0191361906327,-0.002943038974,0.999812554797,22,REFLECT
93,-3.52231001854,28.1507225037,-0.146934330463,0.428526464183,-0.800707871895,0.418607182666,-2,EXIT
94,25.5832004547,-26.2333431244,28.2848587036,0.0025332857477,0.827078486427,-0.562080741311,-1,CREATE
94,25.7104187012,15.301440239,0.0579102262855,-0.371541947326,0.209970457514,0.904361094004,64,REFLECT
94,25.3388767242,15.5114107132,0.962271392345,-0.184573652029,-0.767267248985,0.614193402449,-2,EXIT
95,15.942533493,-23.5489120483,32.2298545837,-0.000387349522274,0.826500504399,-0.562935845535,-1,CREATE
95,15.9199638367,24.6087112427,-0.570672750473,-0.260075572563,0.0603923805527,0.963697803737,45,REFLECT
95,15.6598882675,24.6691036224,0.393025040627,-0.192032998789,-0.390037403959,0.900552136686,-2,EXIT
96,2.2849240303,-2.49672913551,63.115852356,-0.00483463126832,0.826236348468,-0.563302869522,-1,CREATE
96,2.27031469345,8.02316435511e-08,61.4136581421,-0.558292786363,-0.515967721369,-0.649681826127,127,ABSORB
97,-25.8336849213,-25.9733905792,28.7092094421,-0.0013596620021,0.828280481141,-0.560312052236,-1,CREATE
97,-25.9024715424,15.9301233292,0.362478584051,0.278551177719,0.182452251646,0.942931820049,109,REFLECT
97,-25.6239204407,16.112575531,1.30541014671,0.316576500854,-0.276758415876,0.907294934599,-2,EXIT
98,-4.14218425751,-2.66724944115,62.8711624146,0.000291123818045,0.824525706519,-0.565824420237,-1,CREATE
98,-4.14124250412,1.24237260479e-07,61.0407829285,0.18278414768,-0.914571855475,-0.360760691497,127,ABSORB
99,-3.07100009918,-5.35502433777,58.9284477234,-0.00258477705591,0.825674446353,-0.56414096427,-1,CREATE
99,-3.08776402473,3.5093154338e-07,55.2696342468,0.0824097800018,-0.729493071081,-0.679005513531,127,ABSORB
100,-0.660833120346,-21.4832420349,35.2732276917,-0.00179136693566,0.824447336686,-0.565935844453,-1,CREATE
100,-0.772634983063,29.971736908,-0.0476662740111,-0.045137469767,-0.0366210976174,0.998309322822,13,REFLECT
100,-0.817772448063,29.9351158142,0.950642943382,0.361780572695,-0.840186236791,0.403982554979,-2,EXIT
101,23.4408283234,-26.4021892548,28.0390281677,0.000986807605827,0.827822495862,-0.56098925262,-1,CREATE
101,23.4908828735,15.5880451202,-0.41643217206,-0.347198450424,0.202436426209,0.915681565484,67,REFLECT
101,23.1436843872,15.7904815674,0.499249488115,-0.340274064411,-0.292919507867,0.893538876043,-2,EXIT
102,0.142555221915,-4.00967407227,60.8988075256,0.00159698155932,0.826832970098,-0.562445276635,-1,CREATE
102,0.150299683213,2.40791223405e-07,58.1712646484,-0.339898397969,-0.63724978709,-0.691651493103,127,ABSORB
103,-11.9082775116,-22.6077136993,33.6335411072,-0.00388555571347,0.82550398896,-0.564382907845,-1,CREATE
103,-12.1396226883,26.5426216125,0.0303004980087,0.108566294094,0.0126476299392,0.99400875109,91,REFLECT
103,-12.0310564041,26.5552692413,1.02430915833,-0.257278622676,-0.880114674401,0.399006102983,-2,EXIT
104,-27.9760551453,-27.9903717041,25.752954483,-0.00200768313177,0.826888317706,-0.562362586993,-1,CREATE
104,-28.0719089508,11.4881649017,-1.0961997509,0.290573228237,0.237589924526,0.926886307373,122,REFLECT
104,-27.7813358307,11.7257547379,-0.169313788414,0.634566335129,-0.559478193351,0.53320701185,-2,EXIT
105,11.6577920914,-23.046546936,32.970199585,-0.000778213150432,0.824207310992,-0.566287650308,-1,CREATE
105,11.6116218567,25.8524532318,-0.62680876255,-0.218103431262,0.0316505464706,0.975412290357,42,REFLECT
105,11.3935184479,25.884103775,0.34860342741,-0.101733527062,-0.426724545121,0.898641448,-2,EXIT
106,4.42729282379,-3.33595323563,61.8832740784,-0.00249268798262,0.826289910065,-0.563239532554,-1,CREATE
106,4.41722917557,1.78437119303e-07,59.6093254089,-0.741321938482,-0.113940387008,0.66140711497,127,ABSORB
107,-1.99981558323,-0.986292719841,65.3346099854,0.00172193358668,0.826658300608,-0.562701598523,-1,CREATE
107,-1.99776113033,-1.20858985042e-08,64.6632461548,-0.279695066573,-0.563634317525,-0.777230355714,127,ABSORB
108,-14.0506486893,-24.2886695862,31.170091629,-0.0021105706002,0.826450145665,-0.563005952209,-1,CREATE
108,-14.1726379395,23.4794712067,-1.37119078636,0.132601745055,0.0583286316538,0.98945164002,99,REFLECT
108,-14.0400362015,23.5377998352,-0.381739199162,-0.0281550829864,-0.78576633079,0.617882322695,-2,EXIT
109,-15.6574249268,-21.6011047363,35.1129493713,-0.00318716646921,0.825654456659,-0.564167138505,-1,CREATE
109,-15.8492641449,28.0959873199,1.15507996082,0.146173494962,-0.00411224415279,0.989250422703,79,REFLECT
109,-15.7030906677,28.0918750763,2.14433026314,0.24773668535,-0.484864134924,0.838768922526,-2,EXIT
110,1.21373963356,-5.01732826233,59.4201087952,-0.00442540739477,0.827255912954,-0.561807858838,-1,CREATE
110,1.1868994236,1.81003656508e-07,56.0127296448,0.367835227574,-0.664629371147,-0.650357628051,127,ABSORB
111,13.3835916519,-22.0378017426,34.4481506348,-0.00386975980635,0.827790548247,-0.561023914992,-1,CREATE
111,13.1503829956,27.8484783173,0.638395011425,-0.236262348505,0.0107002270544,0.971630386423,32,REFLECT
111,12.9141206741,27.8591785431,1.61002528667,-0.167527623567,-0.446403206618,0.879010052538,-2,EXIT
112,1.3327627182,-3.0011370182,62.3768997192,0.00163682833129,0.825872753613,-0.56385416167,-1,CREATE
112,1.33871078491,8.31934130474e-08,60.327911377,-0.449215002795,-0.573985364015,-0.6846507746,127,ABSORB
113,-17.1451816559,-23.6178302765,32.1565208435,0.00218844691838,0.825916142203,-0.563788734145,-1,CREATE
113,-17.0178775787,24.4265117645,-0.639615952969,0.167575861298,0.051445015035,0.984515993338,92,REFLECT
113,-16.8503017426,24.4779567719,0.344899892807,0.552187147481,-0.719643370033,0.420954598649,-2,EXIT
114,21.4174785614,-25.3949069977,29.5179767609,0.0373061622013,0.823481910542,-0.566114646757,-1,CREATE
114,23.3460388184,17.1753921509,0.252403885126,-0.320882870009,0.16858295449,0.931994619722,62,REFLECT
114,23.0251560211,17.3439750671,1.1843982935,-0.154721914165,-0.797167096177,0.583597249865,-2,EXIT
115,14.9903678894,-24.053319931,31.490901947,0.000726839364239,0.825854950361,-0.563882144308,-1,CREATE
115,15.0324525833,23.7644710541,-1.15841317177,-0.249413518604,0.0699653704898,0.965866317701,50,REFLECT
115,14.783039093,23.8344364166,-0.192546963692,-0.239860206725,-0.745632822154,0.621690257086,-2,EXIT
116,0.529374420643,-20.4747066498,36.7513237,-0.000873546312291,0.825228080524,-0.564798948328,-1,CREATE
116,0.474049001932,31.790512085,0.980194151402,-0.0595599761578,-0.0616321616119,0.996320272751,4,REFLECT
116,0.414489030838,31.7288799286,1.97651433945,-0.0173170470293,-0.473503163724,0.880621867674,-2,EXIT
117,-0.809610009193,-1.74188256264,64.2254867554,-0.000480067585522,0.82759948838,-0.561318854456,-1,CREATE
117,-0.810620427132,2.62962771558e-08,63.0440559387,-0.540245726279,-0.507140902678,-0.671522643005,127,ABSORB
118,-28.9282188416,-26.3946266174,28.0940265656,-0.00377843924411,0.827570490857,-0.561349094646,-1,CREATE
118,-29.1149158478,14.4965782166,0.357125520706,0.307104178456,0.195492787566,0.931380477348,107,REFLECT
118,-28.8078117371,14.692070961,1.28850579262,0.481320938295,-0.647707483514,0.590597299485,-2,EXIT
119,-1.61299836636,-21.9036445618,34.6574745178,-0.00223328281958,0.828329344885,-0.560237011317,-1,CREATE
119,-1.75208222866,29.6828556061,-0.232834339142,-0.0409282447475,-0.0280056000829,0.998769525539,13,REFLECT
119,-1.79301047325,29.6548500061,0.765935182571,-0.343193279273,-0.85188070913,0.395623091431,-2,EXIT
120,-24.6434783936,-27.0650043488,27.1072807312,0.0024002196044,0.827088238325,-0.56206697552,-1,CREATE
120,-24.5245609283,13.9125947952,-0.739996194839,0.264163955223,0.205099093627,0.942418042354,120,REFLECT
120,-24.2603969574,14.1176939011,0.20242190361,0.317549202571,-0.266405845128,0.910049685252,-2,EXIT
121,-2.95198082924,-3.75886368752,61.2692337036,-0.00222128982372,0.82823940464,-0.560370015679,-1,CREATE
121,-2.96206188202,-2.27373675443e-07,58.7260627747,-0.32939586168,-0.629997332202,-0.703279267238,127,ABSORB
122,-15.0028133392,-23.0289516449,33.0183601379,0.00274102449663,0.826436189958,-0.56302372127,-1,CREATE
122,-14.8412504196,25.6832885742,-0.167682647705,0.143430724641,0.0267753628707,0.989298088127,89,REFLECT
122,-14.6978197098,25.7100639343,0.821615338326,0.574740649353,-0.737329129794,0.354991465164,-2,EXIT
123,26.7734088898,-27.4929676056,26.4365291595,-0.00397951925143,0.825667920103,-0.564142401472,-1,CREATE
123,26.5805263519,12.5261688232,-0.906778216362,-0.37907806091,0.239173983506,0.893921489478,75,REFLECT
123,26.2014484406,12.7653427124,-0.0128570795059,-0.324422263592,-0.202272572219,0.924032467727,-2,EXIT
124,3.47513151169,-1.40418601036,64.7171478271,-0.00122743450819,0.828072981171,-0.560618971548,-1,CREATE
124,3.47305011749,-5.58277406526e-08,63.7664909363,-0.699042765109,-0.549144915099,-0.458016456877,127,ABSORB
125,-2.59491944313,-4.7667965889,59.790725708,0.00243307068651,0.827161069984,-0.561959646657,-1,CREATE
125,-2.58089804649,1.62711671692e-07,56.5522422791,0.429220155889,-0.623152738364,-0.65379715696,127,ABSORB
126,14.2762451172,-24.4736289978,30.875087738,-0.00601107815659,0.829141044313,-0.559007151632,-1,CREATE
126,13.9285106659,23.4912948608,-1.46287894249,-0.24429797422,0.0785732246638,0.966511638915,49,REFLECT
126,13.6842126846,23.5698680878,-0.496367275715,0.174714062211,-0.866133368644,0.468281949456,-2,EXIT
127,23.9169120789,-27.1580600739,26.9300937653,0.00211783471184,0.826159912012,-0.563431730169,-1,CREATE
127,24.0219726562,13.8257036209,-1.02037024498,-0.353208404525,0.222436818413,0.90871650408,73,REFLECT
127,23.6687641144,14.0481405258,-0.111653387547,-0.21467807259,-0.69939186271,0.681736274173,-2,EXIT
128,12.6694688797,-21.7860622406,34.817943573,-0.00180331690877,0.825069956393,-0.565027711804,-1,CREATE
128,12.5604887009,28.0755405426,0.671521067619,-0.231708517994,0.00608253456384,0.972766243998,32,REFLECT
128,12.3287801743,28.0816230774,1.64428734779,-0.170023152649,-0.457402807343,0.872854397593,-2,EXIT
129,0.61863976717,-3.42144584656,61.7610855103,0.00182019354355,0.826595801209,-0.562793095479,-1,CREATE
129,0.626173913479,3.57682381491e-08,59.4315719604,-0.311230456616,-0.620367490691,-0.719916508609,127,ABSORB
130,-11.4321947098,-24.0356292725,31.5389976501,-0.000538306479811,0.825913140212,-0.563797122245,-1,CREATE
130,-11.4635543823,24.0789051056,-1.30566203594,0.103184703626,0.0492420213778,0.993442570191,101,REFLECT
130,-11.3603696823,24.1281471252,-0.312219500542,0.18113544832,-0.792218510949,0.582734742634,-2,EXIT
131,-0.720344662666,-22.4073314667,33.9180335999,0.00246241106569,0.826305981165,-0.563216088214,-1,CREATE
131,-0.568461596966,28.5597419739,-0.82148951292,-0.0512886671481,-0.0157814034516,0.998559171971,19,REFLECT
131,-0.619750261307,28.5439605713,0.177069604397,0.204180636754,-0.829975820725,0.51908612444,-2,EXIT
132,12.1338768005,-23.2983798981,32.6004714966,-0.00269533546667,0.826293548225,-0.563233261916,-1,CREATE
132,11.974442482,25.5784854889,-0.715867936611,-0.219920139964,0.0355472534921,0.974870004056,42,REFLECT
132,11.7545223236,25.6140327454,0.259002149105,-0.10045058355,-0.428153220414,0.898106062842,-2,EXIT
133,4.90337753296,-3.58778572083,61.51354599,-0.00499516924419,0.826555683983,-0.562832790053,-1,CREATE
133,4.88169527054,7.16678414392e-08,59.0704879761,-0.888855764012,-0.456085121392,0.0438382575781,127,ABSORB
134,-4.73729038239,-4.93564462662,59.5448951721,-0.000723483662217,0.827381767602,-0.561639463723,-1,CREATE
134,-4.7416062355,-9.34967374633e-08,56.1945037842,0.388591021224,-0.271251249141,0.880579228726,127,ABSORB
135,-1.52373301983,-2.24619746208,63.4864692688,-0.000447224736661,0.827537918352,-0.561409648724,-1,CREATE
135,-1.52494692802,-1.63156528288e-08,61.9626274109,0.515805264399,-0.523529017847,-0.678131474488,127,ABSORB
136,26.0592861176,-27.9972839355,25.6975135803,-0.00143148967831,0.826926421449,-0.562308317871,-1,CREATE
136,25.9904193878,11.7848529816,-1.35426020622,-0.37263501201,0.249045455094,0.893934846128,75,REFLECT
136,25.6177845001,12.0338983536,-0.460325658321,-0.435570934144,-0.621653311872,0.651018525979,-2,EXIT
137,1.95762038231,-21.7342395782,34.9029273987,0.0032509826667,0.824831730631,-0.565368947906,-1,CREATE
137,2.15953230858,29.4943828583,-0.210988923907,0.199612868315,-0.801076009672,0.564297731283,16,ABSORB
138,14.8118371964,-21.2811908722,35.5565795898,0.00198371364149,0.826886005172,-0.56236607235,-1,CREATE
138,14.9321022034,28.8497600555,1.46246528625,-0.254029256425,-0.000514984095257,0.967196397673,28,REFLECT
138,14.6780729294,28.8492450714,2.42966175079,-0.17544534005,-0.487450621111,0.855342518897,-2,EXIT
139,2.76100873947,-4.26067018509,60.5285072327,-0.00375156416864,0.825961903752,-0.563713454972,-1,CREATE
139,2.74165654182,1.09182337837e-07,57.6206283569,-0.490264912397,-0.598274885118,-0.63380397404,127,ABSORB
140,-15.7169361115,-22.5251941681,33.7577552795,-0.00462973594571,0.826521042631,-0.562886784028,-1,CREATE
140,-15.9916992188,26.5267372131,0.351849704981,0.148138046067,0.0206184386932,0.988751737947,83,REFLECT
140,-15.8435611725,26.5473556519,1.34060144424,0.174286884426,-0.407303400919,0.896508796118,-2,EXIT
141,-3.66610383987,-1.91100943089,63.979839325,0.000219139981511,0.824640678517,-0.565656877721,-1,CREATE
141,-3.6655960083,9.03793306861e-09,62.6689949036,0.532328641365,-0.521892825147,-0.666523890527,127,ABSORB
142,18.3824558258,-21.615819931,35.062828064,-0.00228887937502,0.823915594086,-0.566707909644,-1,CREATE
142,18.2460632324,27.4806880951,1.2931317091,-0.28885847645,0.0152435335851,0.957250445425,31,REFLECT
142,17.9572048187,27.4959316254,2.25038194656,0.140616231422,-0.883360658077,0.447102922403,-2,EXIT
143,26.4163475037,-25.6449737549,29.1470451355,0.000418360580031,0.828004061918,-0.560721943945,-1,CREATE
143,26.4375801086,16.3778266907,0.689326822758,-0.382108758953,0.19301227321,0.903736221871,59,REFLECT
143,26.0554714203,16.5708389282,1.59306287766,-0.369205088835,-0.25142307281,0.89469214864,-2,EXIT
144,-0.0954870581627,-1.23756766319,64.9645004272,0.00279985992509,0.825309030878,-0.564674387887,-1,CREATE
144,-0.0912886112928,4.49421122539e-09,64.1177597046,-0.520381565992,-0.503942737605,-0.689379969967,127,ABSORB
145,-28.2140960693,-27.2344093323,26.8618278503,0.00189746476649,0.825327463979,-0.564651199263,-1,CREATE
145,-28.1220207214,12.8149843216,-0.538130521774,0.300903290296,0.22247789071,0.927340713025,117,REFLECT
145,-27.8211174011,13.0374622345,0.389210283756,0.276141927132,-0.684854541795,0.674329216824,-2,EXIT
146,-13.7530965805,-21.8523788452,34.7428398132,0.00131286078314,0.824063349954,-0.566496135608,-1,CREATE
146,-13.6742572784,27.6338882446,0.72387868166,0.128735546928,0.00292778025668,0.991674637701,85,REFLECT
146,-13.5455217361,27.6368160248,1.71555328369,0.244427734357,-0.482668872741,0.841002878689,-2,EXIT
147,3.11807012558,-5.26860332489,59.0499992371,-0.00190307033804,0.827270294035,-0.561800889044,-1,CREATE
147,3.10595011711,1.36116057092e-07,55.4720802307,-0.205047671818,-0.713830166306,-0.669628214723,127,ABSORB
148,-3.04124617577,-21.4001655579,35.3970603943,0.000573585359757,0.824995185837,-0.565139464509,-1,CREATE
148,-3.00534582138,30.2357749939,0.0253293905407,-0.0248835115531,-0.0396118209764,0.998905258016,12,REFLECT
148,-3.03022933006,30.1961631775,1.02423453331,0.102443515231,-0.465089266163,0.879316382588,-2,EXIT
149,4.18925476074,-2.57999205589,62.9921455383,0.00221865023773,0.824698244624,-0.565568636777,-1,CREATE
149,4.19619560242,-1.92600424498e-08,61.2228164673,-0.602949219826,-0.498109005277,-0.623169043818,127,ABSORB
150,-27.142911911,-25.8898944855,28.8327560425,-0.00141216090106,0.824379835775,-0.566035239334,-1,CREATE
150,-27.2138004303,15.4928302765,0.418571829796,0.293136622156,0.178611770894,0.93923839149,108,REFLECT
150,-26.9206638336,15.6714420319,1.35781013966,0.652572459346,-0.573941515704,0.494712362747,-2,EXIT
151,16.2400875092,-22.2887058258,34.0777893066,0.0032442282465,0.825352877665,-0.564607919102,-1,CREATE
151,16.4325637817,26.6785163879,0.580260932446,-0.264583607413,0.026212694219,0.964006436364,35,REFLECT
151,16.1679801941,26.7047290802,1.54426729679,-0.560431842991,-0.735379770505,0.380962914852,-2,EXIT
152,-23.9293556213,-25.9096431732,28.8011016846,-0.00298774360715,0.827500895648,-0.561456446298,-1,CREATE
152,-24.0816726685,16.2768726349,0.177699133754,0.250261343554,0.178283717616,0.951621866056,116,REFLECT
152,-23.8314113617,16.4551563263,1.12932085991,0.316563696551,-0.279401871243,0.906488841835,-2,EXIT
153,-2.2378578186,-2.60350179672,62.963054657,0.00196008303484,0.825161682314,-0.56489322541,-1,CREATE
153,-2.23167347908,1.54142753672e-07,61.1807365417,-0.312013331703,-0.60083087383,-0.735968709859,127,ABSORB
154,-14.288690567,-23.2176876068,32.7409667969,-0.00202892946776,0.82619060796,-0.563387045257,-1,CREATE
154,-14.4079990387,25.3653411865,-0.388251543045,0.136453637918,0.0380115535157,0.98991692909,94,REFLECT
154,-14.2715454102,25.4033527374,0.601665318012,0.550873948601,-0.720265524665,0.421610562879,-2,EXIT
155,24.2739753723,-24.994764328,30.1024227142,-0.00402118780752,0.826371532952,-0.56311093008,-1,CREATE
155,24.0646209717,18.0284729004,0.785276412964,-0.370086604326,0.172021835355,0.912931757285,57,REFLECT
155,23.6945343018,18.2004947662,1.69820833206,-0.436496953318,-0.711574431325,0.550574462201,-2,EXIT
156,-1.43446755409,-22.7646369934,33.394618988,-4.04995758793e-05,0.824318236717,-0.566126702228,-1,CREATE
156,-1.4369494915,27.7520961761,-1.29935026169,-0.0430445705272,-0.00277709982996,0.999069293225,23,REFLECT
156,-1.47999405861,27.7493190765,-0.300281047821,0.428370573678,-0.799835220006,0.420431055518,-2,EXIT
157,27.487531662,-26.3376064301,28.1303539276,-0.00414210576693,0.826865327834,-0.562384719374,-1,CREATE
157,27.28191185,14.7091226578,0.21280503273,-0.393775828502,0.216484008559,0.893350586794,65,REFLECT
157,26.88813591,14.9256067276,1.10615587234,-0.179780062782,-0.767115121737,0.615803149577,-2,EXIT
158,17.8468647003,-23.653175354,32.0753479004,-0.000941507718118,0.828093435034,-0.560589311721,-1,CREATE
158,17.7923145294,24.3258666992,-0.404728651047,-0.239997864014,-0.739669333978,0.628721163666,46,ABSORB
159,3.38586616516,-20.0745620728,37.3357696533,-0.000842372333681,0.825323656742,-0.564659323868,-1,CREATE
159,3.33231496811,32.3928184509,1.43931210041,-0.096283441309,-0.0659332312968,0.993167814592,6,REFLECT
159,3.23603153229,32.3268852234,2.4324798584,-0.0168863809628,-0.486459372812,0.873539998364,-2,EXIT
160,2.04688572884,-1.92978131771,63.9475212097,-0.0018252992953,0.826062980032,-0.56357485865,-1,CREATE
160,2.04262161255,7.0198893809e-08,62.6309432983,-0.540149081851,-0.510718866889,-0.668883553677,127,ABSORB
161,-26.0717258453,-26.5825271606,27.8160648346,-0.000109097229333,0.825323842391,-0.564659670313,-1,CREATE
161,-26.0771446228,14.4106884003,-0.230157017708,0.282381081999,0.192197816195,0.939851543585,114,REFLECT
161,-25.7947635651,14.6028862,0.709694445133,0.318097989463,-0.265584128293,0.910098203437,-2,EXIT
162,-4.38022851944,-3.27638626099,61.9780158997,-0.00505670849707,0.82578846628,-0.563957302159,-1,CREATE
162,-4.40029144287,1.03603269963e-07,59.7404670715,0.165488742138,-0.647774364516,-0.743640940846,127,ABSORB
163,1.24349737167,-22.0915431976,34.3795127869,-0.0020525160182,0.827087835885,-0.562068944978,-1,CREATE
163,1.11633217335,29.1513156891,-0.443898200989,-0.0722869668252,-0.0145225531657,0.997278140679,20,REFLECT
163,1.04404520988,29.1367931366,0.553379893303,-0.0750433604545,-0.837438107206,0.54135562309,-2,EXIT
164,-3.57683849335,-22.4294490814,33.8879928589,0.00209372058317,0.827300189451,-0.56175618632,-1,CREATE
164,-3.4474272728,28.705324173,-0.833714663982,-0.0181586743022,-0.0140686035638,0.999736133658,17,REFLECT
164,-3.46558594704,28.6912555695,0.166021466255,0.423353464882,-0.803684766071,0.418165805104,-2,EXIT
165,25.3451595306,-26.0024204254,28.6237277985,0.00342764941259,0.824877987851,-0.565300412505,-1,CREATE
165,25.5179691315,15.5849237442,0.123339667916,-0.366497054758,0.19216728995,0.910357974385,63,REFLECT
165,25.1514720917,15.7770910263,1.03369760513,-0.691305892842,-0.615278082494,0.378852271638,-2,EXIT
166,-22.8184967041,-26.9172801971,27.3223953247,0.00163311643671,0.826766215092,-0.562543294789,-1,CREATE
166,-22.7367267609,14.4788045883,-0.84407967329,0.244918764671,0.19995398508,0.948700797176,126,REFLECT
166,-22.4918079376,14.6787586212,0.104621350765,0.316439441998,-0.270896188178,0.909110188469,-2,EXIT
167,-1.12699782848,-3.61114096642,61.4843482971,-0.00118201532804,0.828347140634,-0.560213903294,-1,CREATE
167,-1.13215076923,-2.01189862992e-07,59.0421218872,0.371970323834,-0.616572184177,-0.693885307443,127,ABSORB
168,12.5306100845,-22.6471786499,33.5551719666,-0.000217719253558,0.826333204957,-0.56318148672,-1,CREATE
168,12.517616272,26.6696300507,-0.0563463382423,-0.223678607206,0.0261154196216,0.974313022358,37,REFLECT
168,12.2939376831,26.6957454681,0.917966604233,-0.218403602849,-0.397022478098,0.89144434383,-2,EXIT
169,-3.26936864853,-1.59583199024,64.4417419434,0.00195562924721,0.824867219859,-0.565323133363,-1,CREATE
169,-3.2655851841,3.75922297735e-08,63.3480377197,-0.349444901343,-0.568126232303,-0.74506432279,127,ABSORB
170,-16.9269790649,-22.2106437683,34.2200775146,-0.000969934687924,0.823984611044,-0.566611348271,-1,CREATE
170,-16.9845943451,26.7350273132,0.562685966492,0.162212365535,0.0106983180665,0.98669787395,83,REFLECT
170,-16.8223819733,26.7457256317,1.54938387871,0.244556597554,-0.455031206525,0.856235173116,-2,EXIT
171,-0.0558133460581,-4.45078277588,60.2520561218,0.000872837618596,0.824279608545,-0.566182271969,-1,CREATE
171,-0.0511003695428,-2.312928018e-07,57.194896698,0.430254212488,-0.616247915771,-0.659636126166,127,ABSORB
172,16.8153514862,-24.1576156616,31.3364143372,-0.00223343624759,0.826297312797,-0.563229760069,-1,CREATE
172,16.6868038177,23.4007568359,-1.08084070683,-0.271591174967,0.076829907009,0.959341127581,51,REFLECT
172,16.4152126312,23.4775867462,-0.121499538422,-0.615126446215,-0.669744553802,0.416006836265,-2,EXIT
173,-28.1744232178,-25.0712375641,30.0342407227,-0.00400753070051,0.825594185796,-0.56425010419,-1,CREATE
173,-28.3786182404,16.9951210022,1.28410220146,0.303911232917,0.164949430037,0.938312127193,103,REFLECT
173,-28.0747070312,17.1600704193,2.22241425514,0.64822613252,-0.578538740309,0.495071517137,-2,EXIT
174,15.2085704803,-21.4700489044,35.2792701721,-0.000834334332211,0.826846320509,-0.562427298544,-1,CREATE
174,15.1581707001,28.4774017334,1.30462574959,-0.258651734518,0.0126514435362,0.965887789139,29,REFLECT
174,14.8995189667,28.4900531769,2.27051353455,-0.170720651075,-0.459385477363,0.87167622572,-2,EXIT
175,3.15774202347,-3.10543203354,62.2224159241,0.00354704611117,0.826045459947,-0.563592331889,-1,CREATE
175,3.1710767746,3.29598037752e-09,60.1036491394,-0.489312563669,-0.562573452057,-0.666396523157,127,ABSORB
176,-17.4625720978,-23.7229614258,32.0026092529,-0.00215077568892,0.826268653935,-0.563272124012,-1,CREATE
176,-17.5873699188,24.220916748,-0.681010007858,0.486014204581,-0.718728595012,0.49721162462,92,ABSORB
177,14.6729784012,-23.4864025116,32.322593689,0.000837147829547,0.827176441231,-0.56194166446,-1,CREATE
177,14.7220058441,24.9570674896,-0.587439537048,-0.243629443274,0.0516166660967,0.968493889579,44,REFLECT
177,14.4783763885,25.0086841583,0.381054401398,-0.499903371192,-0.696129144449,0.515267730136,-2,EXIT
178,-19.0693492889,-21.7074432373,34.9598579407,0.0225803227644,0.819569584044,-0.57253456309,-1,CREATE
178,-17.7234725952,27.1421508789,0.8345297575,0.19721606229,0.00118064897346,0.980359337612,82,REFLECT
178,-17.5262565613,27.1433315277,1.81488895416,0.262538461808,-0.41880056334,0.869298363174,-2,EXIT
179,1.01537299156,-2.43422007561,63.2085914612,-0.00242073467759,0.827638688445,-0.561256039105,-1,CREATE
179,1.00825321674,5.90094231256e-08,61.5578460693,0.434598361166,-0.566767906035,-0.699927428495,127,ABSORB
180,18.2435970306,-22.4769363403,33.8000564575,0.000525086422216,0.827952305803,-0.560798273535,-1,CREATE
180,18.2745666504,26.3557262421,0.724150180817,-0.285861980384,0.0357494368492,0.957603731162,36,REFLECT
180,17.9887046814,26.3914756775,1.68175387383,-0.246337364282,-0.47217511192,0.846385589812,-2,EXIT
181,1.37243449688,-5.45829772949,58.7732620239,-0.00306167356277,0.826687967726,-0.562652317308,-1,CREATE
181,1.35221946239,-2.62305093202e-08,55.0582885742,-0.134760003362,-0.727929287149,-0.672278732673,127,ABSORB
182,-2.64451098442,-21.5890254974,35.1197547913,-0.000256249484325,0.828036475518,-0.560674174141,-1,CREATE
182,-2.66054844856,30.2339286804,0.0297643207014,0.100152783281,-0.437547674086,0.893600275796,12,ABSORB
183,4.58598804474,-1.42475402355,64.686050415,-0.00172005775376,0.825209533448,-0.564824102981,-1,CREATE
183,4.58301830292,3.33702274702e-08,63.7108612061,-0.520224610667,-0.507382672466,-0.686971016956,127,ABSORB
184,-23.5326213837,-27.4215946198,26.5833797455,-0.00217460991275,0.827855738066,-0.560936848516,-1,CREATE
184,-23.6399517059,13.4381580353,-1.10229039192,0.250869705511,0.213772735,0.944121606906,125,REFLECT
184,-23.389081955,13.651930809,-0.158168613911,0.321603090831,-0.265178052421,0.908984077133,-2,EXIT
185,-1.84112071991,-4.11545562744,60.7453308105,1.31187294593e-05,0.827965517395,-0.560779013366,-1,CREATE
185,-1.84105551243,-2.22263679461e-07,57.9579429626,-0.339456075914,-0.639805757393,-0.689505739883,127,ABSORB
186,-13.8919534683,-22.7134952545,33.4800682068,0.000896533262158,0.825860190904,-0.563874224724,-1,CREATE
186,-13.8387842178,26.2644615173,0.0392900854349,0.131819730236,0.0203552254123,0.991064691894,90,REFLECT
186,-13.7069644928,26.2848167419,1.03035473824,0.546045340912,-0.722442605237,0.424159366048,-2,EXIT
187,24.6707077026,-24.4905738831,30.8415222168,-7.88306729437e-06,0.827011645338,-0.562184790272,-1,CREATE
187,24.670293808,18.9310646057,1.32442307472,-0.364643207302,0.158317613841,0.917589703798,52,REFLECT
187,24.3056507111,19.0893821716,2.24201250076,-0.155433302375,-0.800224407825,0.579207549704,-2,EXIT
188,16.101228714,-23.1498203278,32.8150177002,0.000179861057822,0.82569485489,-0.564116986323,-1,CREATE
188,16.1117610931,25.2015647888,-0.218781039119,-0.261063568511,0.0446205126797,0.964289802416,40,REFLECT
188,15.8506975174,25.2461853027,0.745508790016,0.219274348561,-0.854678840329,0.47057713497,-2,EXIT
189,28.955450058,-25.8329982758,28.8691673279,0.000115288320029,0.826375540205,-0.563119395208,-1,CREATE
189,28.9611854553,15.2777757645,0.85493761301,-0.411084996725,0.200912411044,0.889181268672,56,REFLECT
189,28.5501003265,15.4786882401,1.74411916733,-0.368507963386,-0.230313035189,0.900642985174,-2,EXIT
190,2.44361901283,-0.837547898293,65.5490341187,0.00184729908578,0.82762826398,-0.561273591173,-1,CREATE
190,2.44548845291,-1.07356825652e-08,64.9810333252,-0.40785524596,-0.532831081031,-0.74144800049,127,ABSORB
191,-16.034324646,-24.1424350739,31.386220932,-0.00181935460848,0.823988009185,-0.566604315786,-1,CREATE
191,-16.1391658783,23.3402919769,-1.26464021206,-0.162755998569,-0.856373893297,0.490034937336,98,ABSORB
192,-25.6749897003,-26.8343906403,27.4463558197,-0.00117679607761,0.82500955528,-0.565117553122,-1,CREATE
192,-25.7331809998,13.9614439011,-0.498098939657,0.270303775152,0.202780760298,0.941177896251,119,REFLECT
192,-25.4628772736,14.1642246246,0.443078786135,0.319643155257,-0.26328864484,0.910223787206,-2,EXIT
193,-3.98349165916,-3.5282497406,61.6083106995,-0.00486688206156,0.82614858615,-0.563431297553,-1,CREATE
193,-4.00427675247,1.59745923156e-08,59.2020530701,0.217884272409,-0.972111689696,0.0867485250224,127,ABSORB
194,-2.912307024,-4.87192821503,59.6368103027,0.00315257048317,0.826468308683,-0.562974418639,-1,CREATE
194,-2.89372301102,2.20022513986e-07,56.318145752,0.0815380123896,-0.71597364831,-0.693349325709,127,ABSORB
195,-0.50214022398,-21.0001468658,35.981590271,-0.00184436699845,0.828681163892,-0.559717899411,-1,CREATE
195,-0.618507683277,31.284198761,0.667062342167,-0.0479097982319,-0.0466194172234,0.997763138812,8,REFLECT
195,-0.666417479515,31.2375793457,1.66482543945,0.356168890968,-0.858658419793,0.368577589153,-2,EXIT
196,23.5995235443,-27.2631912231,26.7761764526,-0.00160681572463,0.827904513401,-0.560866771019,-1,CREATE
196,23.5196323395,13.9003896713,-1.1102335453,-0.35128015898,0.224365200254,0.908989827678,73,REFLECT
196,23.1683521271,14.1247549057,-0.201243579388,-0.210922201381,-0.702327189341,0.679888479148,-2,EXIT
197,12.3520784378,-21.8911933899,34.6640281677,-0.00168655502891,0.824627934381,-0.56567298448,-1,CREATE
197,12.2502841949,27.8803081512,0.522092580795,-0.227410311296,0.00468444813566,0.973787762432,32,REFLECT
197,12.0228738785,27.8849925995,1.49588036537,-0.168920778264,-0.442988444332,0.880469766011,-2,EXIT
198,0.301250070333,-2.85452890396,62.5927772522,0.000678223079241,0.826494350471,-0.562944605315,-1,CREATE
198,0.303592503071,6.00864495937e-08,60.6484909058,-0.311659376654,-0.606831286187,-0.731180020958,127,ABSORB
199,-11.749584198,-23.4687137604,32.3706893921,-0.00367554150891,0.825905625083,-0.56379640727,-1,CREATE
199,-11.9655704498,25.0640697479,-0.759741187096,0.1081590731,0.035963061083,0.993482900277,96,REFLECT
199,-11.8574113846,25.1000328064,0.233741641045,0.217294549605,-0.806606904241,0.54969844528,-2,EXIT
200,1.1046384573,-23.0156650543,33.0243415833,-0.0010912149816,0.82678316312,-0.562519697817,-1,CREATE
200,1.0379639864,27.5017223358,-1.34624886513,-0.0633983074065,0.00478935285553,0.997976811713,25,REFLECT
200,0.974565684795,27.5065116882,-0.348272144794,0.164868678276,-0.83696517333,0.521831023949,-2,EXIT
201,11.1023635864,-23.9078273773,31.7075386047,0.000942161583901,0.826166936248,-0.563424622982,-1,CREATE
201,11.1576509476,24.5728054047,-1.35500729084,-0.210192683519,0.0537052162616,0.976183786764,47,REFLECT
201,10.9474582672,24.6265106201,-0.378823518753,-0.10430349,-0.42489961979,0.899211373969,-2,EXIT
202,3.87186479568,-4.1972322464,60.6206130981,0.00201569998714,0.825489669332,-0.564413627386,-1,CREATE
202,3.88211369514,-1.7809225028e-07,57.750831604,-0.699013022218,-0.200622065336,0.686390254643,127,ABSORB
203,-2.55524563789,-1.84757137299,64.0719451904,0.00168732142157,0.828455919301,-0.560051732183,-1,CREATE
203,-2.55148267746,5.33912043466e-08,62.8229522705,0.534612485091,-0.50849929735,-0.674994781742,127,ABSORB
204,27.1701412201,-28.2698688507,25.2968158722,0.00340146211435,0.826650915766,-0.5627048014,-1,CREATE
204,27.3313484192,10.9080123901,-1.37173485756,-0.381765269101,0.25996010885,0.886947586453,76,REFLECT
204,26.9495830536,11.1679725647,-0.484787046909,-0.369592527206,-0.220260213303,0.902710807662,-2,EXIT
205,1.7294960022,-3.86204385757,61.1139831543,-0.00847058710449,0.827395434614,-0.561555913454,-1,CREATE
205,1.68995773792,5.38814504125e-08,58.4928016663,0.527064149894,-0.843292883289,0.105168887462,127,ABSORB
206,4.94304943085,-5.20488643646,59.1419143677,0.00298286025472,0.825349888164,-0.564613730485,-1,CREATE
206,4.9618601799,2.50193181728e-07,55.5813026428,-0.773396088849,-0.201802947424,0.60094430704,127,ABSORB
207,-4.69761657715,-2.52045583725,63.0869102478,-0.0037775717845,0.825952861744,-0.563726529558,-1,CREATE
207,-4.70914411545,1.03904625348e-07,61.3666572571,-0.40681673975,-0.5689345251,-0.714712282257,127,ABSORB
208,-23.1755599976,-25.8253421783,28.9241027832,-0.00215534129717,0.827329408743,-0.561712919499,-1,CREATE
208,-23.2859363556,16.5427074432,0.158437505364,0.251750956089,0.175466544476,0.95175256652,116,REFLECT
208,-23.0341854095,16.7181739807,1.11019003391,0.60130905202,-0.612122428342,0.513549955389,-2,EXIT
209,15.3871011734,-22.3940448761,33.9240150452,0.00228084412368,0.824851737329,-0.56534450486,-1,CREATE
209,15.5224761963,26.5634098053,0.369102418423,-0.258266477582,0.0234622981311,0.965788769413,34,REFLECT
209,15.2642097473,26.5868721008,1.33489108086,0.161390875372,-0.898459820756,0.408317200022,-2,EXIT
210,25.0277690887,-27.7666702271,26.0365924835,8.48788810028e-05,0.827704104776,-0.561164777701,-1,CREATE
210,25.0319023132,12.5388431549,-1.28963959217,-0.362596444629,0.237760499752,0.901106965404,74,REFLECT
210,24.6693058014,12.7766036987,-0.388532459736,0.0294464396546,-0.779690158993,0.625472751734,-2,EXIT
211,26.0989570618,-25.0780582428,29.9787349701,-0.00324308332961,0.826686596213,-0.562653316041,-1,CREATE
211,25.93201828,17.4759063721,1.01597034931,-0.385715678628,0.181083770282,0.904672362461,53,REFLECT
211,25.5463027954,17.6569900513,1.92064225674,-0.367485474156,-0.268964982734,0.890287742445,-2,EXIT
212,-0.412874817848,-1.3426990509,64.8105773926,-0.00289752834253,0.826027993965,-0.563621643939,-1,CREATE
212,-0.417584717274,7.54924656121e-08,63.8944168091,-0.520210659975,-0.505882161278,-0.688087282362,127,ABSORB
213,-28.5314846039,-27.3395404816,26.7079105377,0.00322525472259,0.825499049218,-0.564394292558,-1,CREATE
213,-28.3755264282,12.5777177811,-0.583547592163,0.278706224878,-0.672852555236,0.685268034514,117,ABSORB
214,-14.0704860687,-21.9575099945,34.588924408,-0.000641996344222,0.826986404279,-0.562221553285,-1,CREATE
214,-14.1090574265,27.7281131744,0.810463130474,0.130789757598,0.00517654422203,0.991396612208,85,REFLECT
214,-13.9782676697,27.7332897186,1.80185973644,0.244568537769,-0.472769480454,0.846566742014,-2,EXIT
215,2.80068039894,-4.70168590546,59.881690979,-0.00380445809437,0.826977532401,-0.562222097575,-1,CREATE
215,2.77905058861,4.61334650481e-08,56.6852416992,-0.135575179615,-0.706917721521,-0.694180600184,127,ABSORB
216,-1.21626317501,-20.8324127197,36.2281837463,-0.00214259076028,0.824280254441,-0.566177950333,-1,CREATE
216,-1.35128319263,31.1114006042,0.549248576164,-0.0428652807857,-0.0561485348805,0.997501834451,8,REFLECT
216,-1.39414846897,31.0552520752,1.54675030708,0.357205556874,-0.855524931812,0.37480832593,-2,EXIT
217,22.8853969574,-27.095457077,27.022769928,-0.00191551055811,0.825184788342,-0.564859624959,-1,CREATE
217,22.7896728516,14.1416301727,-1.20504760742,-0.342084976029,0.210602816576,0.91576433804,72,REFLECT
217,22.4475879669,14.352232933,-0.289283514023,-0.692851308907,-0.575487209597,0.434478463604,-2,EXIT
218,-25.3179283142,-25.3221435547,29.6638793945,0.00247939895717,0.826835454876,-0.562438426088,-1,CREATE
218,-25.1905250549,17.1645774841,0.763129711151,0.274345384851,0.163740150264,0.947588398516,110,REFLECT
218,-24.916179657,17.3283176422,1.71071815491,0.642560310017,-0.583778089233,0.496305742988,-2,EXIT
219,18.0650672913,-21.7209510803,34.908908844,-0.00144054838852,0.825250962632,-0.564764352181,-1,CREATE
219,17.9791889191,27.4764308929,1.24045062065,-0.287950627225,0.0173435278326,0.957488192263,31,REFLECT
219,17.6912384033,27.4937744141,2.19793844223,-0.582430215864,-0.735469639536,0.346207239913,-2,EXIT
220,-25.1989078522,-26.6661911011,27.6926307678,-0.0015896580485,0.827629825094,-0.561272078053,-1,CREATE
220,-25.2782096863,14.6210298538,-0.30704203248,0.268995273598,0.201216689138,0.941888202917,119,REFLECT
220,-25.0092144012,14.8222465515,0.63484621048,0.319087436946,-0.269825848499,0.908502734759,-2,EXIT
221,-3.50740885735,-3.36005163193,61.8545837402,-0.00146923673,0.827712985725,-0.561149761299,-1,CREATE
221,-3.51337313652,3.48222499724e-08,59.5766296387,-0.310922815503,-0.61886414844,-0.721341922098,127,ABSORB
222,-15.5582418442,-23.974237442,31.6324958801,0.000710987414284,0.823794130932,-0.566888634864,-1,CREATE
222,-15.517115593,23.6771888733,-1.15852677822,0.149056443406,0.0548687013501,0.987305222457,98,REFLECT
222,-15.3680591583,23.7320575714,-0.171221613884,0.555501419461,-0.716348912645,0.422211331361,-2,EXIT
223,23.0044193268,-25.7513141632,28.9939517975,0.00352539771141,0.825864578957,-0.563857489792,-1,CREATE
223,23.1856441498,16.702665329,0.00857705436647,-0.351177232311,0.187107095098,0.917423286422,62,REFLECT
223,22.8344669342,16.8897724152,0.92600029707,-0.445705824796,-0.687671752225,0.573108959042,-2,EXIT
224,-2.70402050018,-22.5131149292,33.7645568848,-0.00371737644582,0.824821787102,-0.565380580348,-1,CREATE
224,-2.93301272392,28.2963142395,-1.06316590309,0.426062799517,-0.794838075733,0.432091337836,22,ABSORB
225,26.2179775238,-26.0860843658,28.5002937317,0.00338463727548,0.825509902394,-0.564377484739,-1,CREATE
225,26.3875656128,15.2762937546,0.222020074725,-0.375858170556,0.203589365548,0.90403650693,64,REFLECT
225,26.0117073059,15.479883194,1.12605690956,-0.185679238689,-0.765230976591,0.616396603484,-2,EXIT
226,16.5773086548,-23.4016532898,32.4452896118,-0.00205504745645,0.824243855397,-0.566231263372,-1,CREATE
226,16.4577274323,24.5602989197,-0.503159582615,-0.26709363895,0.0553626973747,0.962078977928,45,REFLECT
226,16.1906337738,24.6156616211,0.458919465542,-0.190438407729,-0.386950673714,0.902220809433,-2,EXIT
227,2.91969966888,-2.34947085381,63.3312835693,-0.0027087403118,0.825309893628,-0.564673571372,-1,CREATE
227,2.91198849678,7.96306949269e-08,61.7237854004,-0.578660026507,-0.503638181233,-0.641483558735,127,ABSORB
228,-27.3412780762,-26.3310050964,28.1860046387,-0.00124833495229,0.827290309016,-0.561773251649,-1,CREATE
228,-27.4034461975,14.8687419891,0.209228366613,0.292127640592,0.196740171558,0.935924541027,113,REFLECT
228,-27.1113185883,15.0654821396,1.14515280724,0.476953975107,-0.6498821068,0.591750076376,-2,EXIT
229,-0.0260575767606,-21.8400211334,34.7494544983,-0.00207747297304,0.827925506991,-0.560834234849,-1,CREATE
229,-0.155398249626,29.7055072784,-0.16733057797,-0.0607410073294,-0.0272541046149,0.997781410836,14,REFLECT
229,-0.216139256954,29.6782531738,0.830450832844,0.362630880274,-0.842503542866,0.398354898213,-2,EXIT
230,24.0756034851,-26.7589683533,27.5152568817,-0.00101914656858,0.825584758052,-0.564277209013,-1,CREATE
230,24.0246276855,14.5352325439,-0.708830595016,-0.358571865948,0.20984450714,0.90961063086,68,REFLECT
230,23.6660556793,14.7450771332,0.200780391693,-0.210051394359,-0.700282337845,0.682263188975,-2,EXIT
231,12.8281593323,-21.3869724274,35.4031066895,0.00102806950895,0.826442748261,-0.563019828177,-1,CREATE
231,12.8907136917,28.8991184235,1.14536011219,-0.226649322721,-0.0101776140271,0.973923251947,27,REFLECT
231,12.6640644073,28.8889408112,2.11928319931,-0.174485432242,-0.488156107237,0.855136508929,-2,EXIT
232,0.777330756187,-4.3664522171,60.3750343323,-0.000671501067915,0.824637433824,-0.565661251831,-1,CREATE
232,0.773775160313,1.95255324797e-07,57.3798599243,0.566080297976,-0.549925381658,-0.614113320855,127,ABSORB
233,28.3603458405,-26.7992992401,27.4525146484,0.00102709652455,0.825467464634,-0.564448766412,-1,CREATE
233,28.4103775024,13.41065979,-0.0427686236799,-0.40179815047,0.228784505458,0.886688161837,66,REFLECT
233,28.0085792542,13.6394443512,0.843919754028,-0.306403682345,-0.709912486763,0.634145917422,-2,EXIT
234,12.2925672531,-22.7732810974,33.3704376221,-0.0011921773394,0.826651646805,-0.562712745145,-1,CREATE
234,12.2214860916,26.5141506195,-0.18017116189,-0.222590496722,0.0316352915655,0.97439862433,37,REFLECT
234,11.9988956451,26.5457859039,0.79422724247,-0.187250222079,-0.386648058399,0.903017515482,-2,EXIT
235,-1.36503815651,-1.04904949665,65.2420349121,6.50853905488e-05,0.824108947993,-0.566431317639,-1,CREATE
235,-1.36495530605,9.42803168869e-08,64.5209960938,-0.411272949443,-0.539549261042,-0.734670780667,127,ABSORB
236,-17.8791446686,-21.66497612,35.0211410522,-0.00463940980229,0.826811970504,-0.562459279689,-1,CREATE
236,-18.1574230194,27.9283733368,1.28403925896,0.173294090954,0.0024833682577,0.984866991488,77,REFLECT
236,-17.984128952,27.9308567047,2.26890611649,0.249386240748,-0.484959878169,0.83822456388,-2,EXIT
237,-1.00797665119,-5.08120012283,59.3283004761,-0.00249422211444,0.824723021827,-0.565531357331,-1,CREATE
237,-1.0233438015,3.70268708139e-07,55.8440055847,0.082585745301,-0.722149059547,-0.686789873592,127,ABSORB
238,1.40218830109,-21.2094192505,35.6730804443,0.00153726913721,0.826516151701,-0.562910905722,-1,CREATE
238,1.49857902527,30.6152667999,0.377120524645,-0.070905453965,-0.042312626223,0.996585198696,10,REFLECT
238,1.42767357826,30.5729541779,1.37370562553,-0.437844217191,-0.806418234106,0.397469587735,-2,EXIT
239,-29.1265869141,-25.7016563416,29.1104869843,-0.0027569327825,0.82721205422,-0.561883098762,-1,CREATE
239,-29.2648887634,15.7955312729,0.923556864262,0.312786197765,0.180095727577,0.932593332271,102,REFLECT
239,-28.9521026611,15.9756269455,1.85614991188,0.653402610718,-0.5757897983,0.491458173684,-2,EXIT
240,14.2564058304,-22.1004657745,34.3555221558,0.000939923230586,0.835252098632,-0.549866391295,-1,CREATE
240,14.3132257462,28.3919067383,1.115188241,-0.2426443043,0.0208644862044,0.969890929335,28,REFLECT
240,14.0705814362,28.412771225,2.08507919312,-0.171363189192,-0.44975486456,0.876558736876,-2,EXIT
241,2.20557665825,-2.72777676582,62.7770729065,-0.00385194682487,0.825524175769,-0.564353610537,-1,CREATE
241,2.1928486824,1.86103363831e-07,60.9122810364,-0.449174583614,-0.567864628498,-0.689762246818,127,ABSORB
242,-16.2723674774,-23.3444709778,32.5566940308,0.000900951960065,0.827552842367,-0.561387104746,-1,CREATE
242,-16.2195777893,25.144525528,-0.336791396141,0.155963907753,0.0445556669331,0.986757342016,93,REFLECT
242,-16.0636138916,25.189081192,0.649965882301,0.168226102687,-0.377522640062,0.910591365331,-2,EXIT
243,-4.22153186798,-1.38618862629,64.7499923706,0.00339451863263,0.827299589718,-0.56175071526,-1,CREATE
243,-4.21584415436,7.80570985626e-09,63.8087463379,0.185773365386,-0.588548451749,-0.786828428984,127,ABSORB
244,3.00896501541,-22.8889122009,33.2086372375,-0.00365890252081,0.825800869089,-0.563949941966,-1,CREATE
244,2.78541231155,27.5661125183,-1.24774241447,-0.0900681115649,0.00389862102456,0.995927977332,26,REFLECT
244,2.69534420967,27.5700111389,-0.251814544201,0.179053118805,-0.833934821658,0.522008327397,-2,EXIT
245,13.7208127975,-23.780796051,31.8916435242,0.00346203726554,0.825722647145,-0.564065709195,-1,CREATE
245,13.922791481,24.3926811218,-1.01650869846,-0.242353434062,-0.737075534146,0.63086010332,49,ABSORB
246,-0.740180552006,-20.2021808624,37.1520614624,-0.000722981577445,0.828280377069,-0.560313389328,-1,CREATE
246,-0.786298453808,32.6325721741,1.41051745415,-0.0463567340053,-0.0633888195287,0.996911686546,3,REFLECT
246,-0.832655191422,32.5691833496,2.40742921829,0.012714912895,-0.491440519054,0.870818320445,-2,EXIT
247,0.0632077902555,-2.05656456947,63.7632484436,0.000985578855873,0.828199002262,-0.560433262116,-1,CREATE
247,0.06565515697,1.17381077303e-07,62.3715934753,-0.540087447796,-0.512973710505,-0.667205756168,127,ABSORB
248,-28.0554027557,-26.7093105316,27.6317901611,-0.00245566426455,0.82624832633,-0.563300694967,-1,CREATE
248,-28.1761245728,13.9095153809,-0.0603843778372,0.279606685357,-0.675670730233,0.682121078556,112,ABSORB
249,-13.5944013596,-21.3272800446,35.512802124,-0.0022210453468,0.825631410641,-0.564205495118,-1,CREATE
249,-13.7290792465,28.7366657257,1.30098199844,0.132072460682,-0.0110168467,0.991178840683,80,REFLECT
249,-13.5970067978,28.72564888,2.29216074944,0.249042829635,-0.410855232548,0.877026594178,-2,EXIT
250,4.34794569016,-0.878807663918,65.4869155884,-0.00399077045258,0.827050807449,-0.562113009678,-1,CREATE
250,4.34370517731,-2.10021156022e-08,64.8896255493,-0.520335710953,-0.497409755271,-0.694142840681,127,ABSORB
251,-23.7706623077,-26.8756504059,27.3842487335,-0.00105966376242,0.825498980804,-0.564402613215,-1,CREATE
251,-23.8234386444,14.2381572723,-0.725707828999,0.255250968234,0.198345213425,0.946311851097,120,REFLECT
251,-23.5681877136,14.4365024567,0.220603883266,0.318685747125,-0.267032096408,0.909468665797,-2,EXIT
252,-2.07916307449,-3.56950926781,61.5462036133,0.00177644904642,0.824947192506,-0.565207018538,-1,CREATE
252,-2.0714764595,6.81594940488e-08,59.1005783081,-0.330281657645,-0.625574305806,-0.706803236084,127,ABSORB
253,-14.1299953461,-22.8395957947,33.2953300476,-0.00141111623377,0.826400018848,-0.563081714851,-1,CREATE
253,-14.2135105133,26.0698661804,-0.0299641117454,0.129317288701,0.0204296120071,0.991392792891,90,REFLECT
253,-14.0841932297,26.0902957916,0.961428642273,0.548199548594,-0.721697966889,0.422645595635,-2,EXIT
254,24.4326648712,-24.6166744232,30.6567840576,0.00290610926641,0.825347614431,-0.564617454461,-1,CREATE
254,24.5846443176,18.5461463928,1.12924730778,-0.365955310482,0.162403087917,0.91635252374,52,REFLECT
254,24.2186889648,18.7085494995,2.04559993744,0.0655110894003,-0.879438969371,0.47148212725,-2,EXIT
255,27.6462230682,-27.3036155701,26.7135009766,0.000452169233961,0.826537315735,-0.56288174712,-1,CREATE
255,27.6681194305,12.7215766907,-0.544131219387,-0.387035276501,0.241545618912,0.889864826099,71,REFLECT
255,27.2810840607,12.9631223679,0.345733821392,-0.187094416902,-0.7173962716,0.671072476457,-2,EXIT
256,18.0055541992,-22.6030406952,33.6153144836,-0.00403162338397,0.825234314846,-0.564776125216,-1,CREATE
256,17.7684841156,25.9229125977,0.404989391565,-0.29130176378,0.037969593989,0.955877393995,36,REFLECT
256,17.4771823883,25.9608821869,1.36086666584,0.176950568119,-0.861515527372,0.47589861582,-2,EXIT
257,28.0032844543,-25.2873306274,29.6702270508,-0.0034436529536,0.828011174084,-0.56070102269,-1,CREATE
257,27.8284397125,16.7533168793,1.20172953606,-0.403314497875,0.193719819424,0.894320997945,55,REFLECT
257,27.4251251221,16.9470367432,2.09605073929,-0.370130675953,-0.26402162992,0.890671579008,-2,EXIT
258,1.49145376682,-1.5519708395,64.5020751953,-0.00386360101982,0.824612919773,-0.565684192046,-1,CREATE
258,1.48418223858,4.73155381542e-09,63.4374237061,-0.52013462556,-0.509726420721,-0.685302084713,127,ABSORB
259,-26.627155304,-27.5488128662,26.3994007111,-0.00143422601619,0.825402307152,-0.564543155431,-1,CREATE
259,-26.6966571808,12.4497709274,-0.958078801632,0.280881945605,0.227534345885,0.932380530726,123,REFLECT
259,-26.4157752991,12.6773052216,-0.0256984829903,0.323147352859,-0.254544501243,0.911472920732,-2,EXIT
260,-4.93565702438,-4.24267244339,60.5613555908,-0.00311736848294,0.827423041524,-0.561570469637,-1,CREATE
260,-4.9516415596,-1.96195657054e-07,57.6818618774,-0.218416843078,-0.671091415739,-0.708470461192,127,ABSORB
261,-12.1661558151,-22.1667823792,34.2804145813,0.000399591830774,0.826268513202,-0.563276294918,-1,CREATE
261,-12.1421728134,27.4248199463,0.473276138306,0.114377972567,0.00620079024822,0.993417953125,86,REFLECT
261,-12.027794838,27.4310207367,1.46669411659,0.15253347287,-0.473753776415,0.867347046451,-2,EXIT
262,-1.72209966183,-4.57744216919,60.0676956177,0.00142506903319,0.828280061455,-0.5603125101,-1,CREATE
262,-1.71422410011,-2.42756811986e-07,56.9711608887,0.429615495409,-0.618675527727,-0.657777407256,127,ABSORB
263,15.1490592957,-24.2842750549,31.1520576477,0.00373223342888,0.825233079544,-0.564779988014,-1,CREATE
263,15.3639535904,23.2309417725,-1.36680793762,-0.245517781188,-0.735029922173,0.632022177325,50,ABSORB
264,0.68806540966,-20.7056598663,36.4124794006,-0.00324752052875,0.826716998467,-0.562608618896,-1,CREATE
264,0.482830107212,31.5408191681,0.856999754906,-0.0658883763116,-0.0497360239061,0.996586699587,9,REFLECT
264,0.416941732168,31.4910831451,1.85358643532,0.357251709292,-0.856892610723,0.371626519366,-2,EXIT
265,24.7897262573,-26.9687042236,27.2070636749,0.00265748339194,0.827424311465,-0.561570963084,-1,CREATE
265,24.9216213226,14.0976610184,-0.664583265781,-0.365245874798,0.221765552012,0.904110331145,69,REFLECT
265,24.5563755035,14.3194265366,0.239526927471,-0.36526087637,-0.254338652107,0.895486651066,-2,EXIT
266,-0.650915145874,-3.23292779922,62.0386238098,-0.00196355757342,0.826324184482,-0.563191341004,-1,CREATE
266,-0.658597409725,2.78737218196e-07,59.8351821899,0.0232895175556,-0.652452200906,-0.75747192945,127,ABSORB
267,0.152473166585,-22.7220153809,33.4557952881,-0.00179972906988,0.825157057105,-0.56490051521,-1,CREATE
267,0.0421171784401,27.8750572205,-1.18283760548,-0.0581042090156,-0.00305557247894,0.998305847109,24,REFLECT
267,-0.0159870311618,27.8720016479,-0.184531748295,0.429592139178,-0.799908804228,0.419042359286,-2,EXIT
268,29.0744686127,-26.2949848175,28.1915302277,0.00112202640377,0.827089591712,-0.562068988949,-1,CREATE
268,29.1296596527,14.3884916306,0.544077396393,-0.310156965143,-0.731034467451,0.607775669447,61,ABSORB
269,13.0066900253,-23.6130619049,32.1382369995,-0.00339168759286,0.825777040323,-0.5639865035,-1,CREATE
269,12.8076381683,24.8502616882,-0.961085319519,-0.231849667594,0.0591430656878,0.970952022202,48,REFLECT
269,12.5757884979,24.9094047546,0.00986671447754,-0.23335842372,-0.747538022176,0.62187679767,-2,EXIT
270,-1.45430350304,-20.034450531,37.3986549377,0.000229763729115,0.827197368754,-0.5619114346,-1,CREATE
270,-1.43962359428,32.8162841797,1.49738967419,-0.0412559512838,-0.0701255804391,0.996684679049,3,REFLECT
270,-1.48087954521,32.7461585999,2.49407434464,-0.0349483528423,-0.557106745517,0.829705180611,-2,EXIT
271,-3.86447048187,-5.25032711029,59.0826568604,-0.0013128960539,0.827425384867,-0.561574134716,-1,CREATE
271,-3.87280130386,-1.1626906371e-07,55.5192565918,0.134875174215,-0.32006202094,0.937746762262,127,ABSORB
272,-2.79328608513,-2.56171560287,63.0248031616,-0.0100939219042,0.825772419531,-0.563913135051,-1,CREATE
272,-2.82459950447,8.10061351331e-08,61.275428772,0.553374769928,-0.515571938743,-0.654188000492,127,ABSORB
273,26.932100296,-27.7239227295,26.0976848602,0.000933000633413,0.824890896662,-0.565291197626,-1,CREATE
273,26.9769363403,11.9168272018,-1.06780707836,-0.380601953006,0.252218292895,0.889678642037,76,REFLECT
273,26.5963344574,12.1690454483,-0.178128600121,-0.390704282529,-0.261230688715,0.882671337978,-2,EXIT
274,0.420269280672,-5.33266067505,58.958316803,0.00368057198506,0.825502527788,-0.564386419048,-1,CREATE
274,0.444045394659,1.93123753434e-07,55.3124389648,0.0810629411562,-0.729001911936,-0.679694793245,127,ABSORB
275,2.83043432236,-21.4608802795,35.3030967712,0.00228257868898,0.827190883405,-0.561916392577,-1,CREATE
275,2.97296237946,30.1903114319,0.216090977192,-0.0838606393404,-0.0268287670154,0.99611626351,16,REFLECT
275,2.8891017437,30.163482666,1.21220719814,0.0108250634799,-0.496406744336,0.868022558565,-2,EXIT
276,3.63382267952,-3.98730969429,60.9286766052,-0.00277585035265,0.825802161729,-0.563953087002,-1,CREATE
276,3.62041974068,3.05797925648e-07,58.2056808472,-0.542848590532,-0.568783368917,-0.617900385985,127,ABSORB
277,-17.9386539459,-22.5890655518,33.6659469604,0.00172748329117,0.828082755004,-0.560603216782,-1,CREATE
277,-17.8363838196,26.4349269867,0.477225482464,0.306264731543,-0.441102756763,0.843581811201,82,ABSORB
278,3.75284576416,-4.65931177139,59.9430389404,-0.0045123906289,0.838280106288,-0.545221149381,-1,CREATE
278,3.72776508331,2.28705062e-07,56.9126014709,-0.599029537989,-0.535162716011,-0.595621087613,127,ABSORB
279,-27.5793209076,-27.9692134857,25.7836513519,-0.00476110671771,0.826194683486,-0.563364603825,-1,CREATE
279,-27.8068447113,11.5129842758,-1.13842058182,0.289878885263,0.239033732059,0.92673248935,122,REFLECT
279,-27.5169658661,11.7520179749,-0.211688220501,0.0660308293999,-0.775970605764,0.627303394346,-2,EXIT
280,-24.3657646179,-25.2797679901,29.7252254486,0.00401560744975,0.826550120887,-0.562848800797,-1,CREATE
280,-24.1584186554,17.3991622925,0.662517547607,0.264463433183,0.162349706146,0.9506322451,111,REFLECT
280,-23.8939552307,17.5615119934,1.61314976215,0.705082177575,-0.598848305875,0.379789190758,-2,EXIT
281,27.0511226654,-25.7077331543,29.0544757843,0.00276473015867,0.827629032477,-0.561268688658,-1,CREATE
281,27.1905841827,16.0404281616,0.742351830006,-0.384227860163,0.197019632137,0.901971294458,59,REFLECT
281,26.8063564301,16.2374477386,1.64432287216,-0.369769844871,-0.242154496198,0.897012520422,-2,EXIT
282,0.53929233551,-0.964300215244,65.364730835,0.00486515630136,0.824437031341,-0.565932780115,-1,CREATE
282,0.544982850552,1.21054739566e-08,64.7027893066,-0.27980577566,-0.563176956976,-0.777521988782,127,ABSORB
283,-11.5115423203,-24.2666797638,31.2002162933,0.000288475238781,0.828261749597,-0.560341316465,-1,CREATE
283,-11.494764328,23.9058055878,-1.38976371288,0.103420268988,0.0549392760862,0.993119289867,101,REFLECT
283,-11.3913440704,23.9607448578,-0.396644532681,-0.0668318122493,-0.786584044546,0.613855886782,-2,EXIT
284,-15.2606916428,-21.5799484253,35.1436424255,-0.000757644869517,0.824590178828,-0.565730026563,-1,CREATE
284,-15.306303978,28.0626811981,1.0851162672,0.147661226655,-0.00679969868406,0.989014623876,79,REFLECT
284,-15.1586427689,28.0558815002,2.07413077354,0.24549957114,-0.483881395627,0.83999330684,-2,EXIT
285,1.61047673225,-4.99617195129,59.4508018494,-0.00397842962524,0.825983710195,-0.563679946948,-1,CREATE
285,1.58641219139,6.09128392171e-08,56.0412406921,-0.135207851691,-0.715403506161,-0.685504675559,127,ABSORB
286,-2.4064707756,-21.1268978119,35.7972984314,-0.000592632102559,0.823970301841,-0.566632676847,-1,CREATE
286,-2.44366884232,30.5917015076,0.231152042747,-0.0239872942799,-0.0357265487849,0.999073682681,12,REFLECT
286,-2.46765613556,30.5559749603,1.23022568226,0.103148293799,-0.464876210657,0.879346654199,-2,EXIT
287,4.82402992249,-2.30672454834,63.392375946,0.00299785554679,0.825917323695,-0.563783280422,-1,CREATE
287,4.83240270615,3.03260918599e-08,61.8177719116,-0.603125613572,-0.492973157033,-0.627070140175,127,ABSORB
288,-26.5081348419,-25.6166267395,29.2329921722,-0.00193745749579,0.825893226635,-0.563823220927,-1,CREATE
288,-26.606388092,16.266456604,0.640125453472,0.282171362263,0.176149438749,0.943053920806,109,REFLECT
288,-26.3242168427,16.4426059723,1.58317899704,0.649243112282,-0.577989635285,0.494379775738,-2,EXIT
289,16.8748626709,-22.0154380798,34.4780235291,-0.00275949438545,0.825724772827,-0.564066471907,-1,CREATE
289,16.7105121613,27.1632404327,0.883241593838,-0.26756478509,0.0295867932672,0.963085514087,35,REFLECT
289,16.4429473877,27.1928272247,1.84632706642,-0.554473476996,-0.746231118154,0.368372476721,-2,EXIT
290,-23.2945804596,-26.2874221802,28.2465286255,-0.000124280614772,0.823875398206,-0.566770952665,-1,CREATE
290,-23.3008575439,15.3243398666,-0.379569530487,0.246839557882,0.181750322998,0.951859786289,121,REFLECT
290,-23.0540180206,15.5060901642,0.572290122509,0.315399031633,-0.271824903508,0.909194518614,-2,EXIT
291,-1.60308039188,-2.98128128052,62.4084815979,-0.00302162521345,0.826377092109,-0.563109022676,-1,CREATE
291,-1.61398136616,2.43522094934e-07,60.3769798279,-0.311241850165,-0.609961640962,-0.728749138772,127,ABSORB
292,-13.6539134979,-23.5954666138,32.1863937378,4.98215663114e-05,0.82640663424,-0.563073771723,-1,CREATE
292,-13.6509981155,24.7629356384,-0.762697935104,0.129926692407,0.0445785559821,0.99052097754,95,REFLECT
292,-13.521071434,24.8075141907,0.227822959423,0.255880006851,-0.752064898817,0.607390986154,-2,EXIT
293,1.87827289104,-20.4531784058,36.7817649841,0.000496153682603,0.826695674645,-0.562649104998,-1,CREATE
293,1.90971684456,31.9390163422,1.12363541126,-0.0758947177082,-0.0600662265528,0.995304998607,5,REFLECT
293,1.83382213116,31.878950119,2.11894035339,0.0120132623836,-0.477256182902,0.878682091207,-2,EXIT
294,2.681661129,-1.80352437496,64.1321487427,-0.00195479418076,0.826094903417,-0.563527629604,-1,CREATE
294,2.67739343643,6.39552126813e-08,62.9018592834,-0.540216922001,-0.508357079499,-0.670625645876,127,ABSORB
295,-25.4369487762,-26.4562702179,28.0006961823,0.00118065136743,0.826842405556,-0.562432433663,-1,CREATE
295,-25.377866745,14.9204902649,-0.144488364458,0.275634775182,0.188291556211,0.94264084389,114,REFLECT
295,-25.1022319794,15.1087818146,0.798152446747,0.316436632775,-0.270536486531,0.909218272415,-2,EXIT
296,-3.74545121193,-3.15012955666,62.162651062,-0.000472023788209,0.826266822569,-0.563278718855,-1,CREATE
296,-3.74725079536,3.203695087e-10,60.0151596069,0.0820869678983,-0.651187107917,-0.754464764044,127,ABSORB
297,-0.97822278738,-21.9664020538,34.564907074,-0.000743164662616,0.827349532386,-0.561686922552,-1,CREATE
297,-1.02442097664,29.4650669098,-0.351875245571,-0.0414291663057,-0.0191402455077,0.998958094807,18,REFLECT
297,-1.06585013866,29.4459266663,0.647082746029,0.362667511804,-0.834492949917,0.41484188846,-2,EXIT
298,23.1234416962,-26.213300705,28.3163146973,0.00273464504321,0.826561801602,-0.562839328626,-1,CREATE
298,23.2627048492,15.8797683716,-0.346556842327,-0.346326901156,0.198913616235,0.916782990032,67,REFLECT
298,22.9163780212,16.0786819458,0.570225954056,-0.340377598321,-0.293329444511,0.893364946449,-2,EXIT
299,-0.174834489822,-3.82078433037,61.1760940552,-0.00183227689683,0.824085871978,-0.566461930201,-1,CREATE
299,-0.183329641819,-6.3094091729e-08,58.5497550964,-0.329608876826,-0.632016584832,-0.701365115197,127,ABSORB
300,-12.2256669998,-23.0908737183,32.9252166748,0.00093333963998,0.823922267741,-0.566702060697,-1,CREATE
300,-12.1705970764,25.5230865479,-0.511956393719,0.110297212116,0.0328636196406,0.993355176915,96,REFLECT
300,-12.0602998734,25.5559501648,0.481398701668,0.230263664519,-0.403945785606,0.885328440238,-2,EXIT
301,4.10990715027,-2.81103944778,62.6533622742,-0.00475709734851,0.825501375151,-0.564380057806,-1,CREATE
301,4.09370803833,1.84526015801e-07,60.7315063477,-0.838702209423,-0.192239727728,0.509531638853,127,ABSORB
302,-2.31720519066,-1.46945130825,64.6262893677,-0.00387543838217,0.827550443133,-0.561377987677,-1,CREATE
302,-2.32408666611,1.44962086779e-08,63.6294708252,-0.34919903557,-0.564937154612,-0.74760019054,127,ABSORB
303,-15.974814415,-22.0842628479,34.4046287537,-0.000466863082819,0.825244095218,-0.564776031137,-1,CREATE
303,-16.0026817322,27.1750164032,0.692833185196,0.155071275395,0.0117530835525,0.98783336883,83,REFLECT
303,-15.8476104736,27.1867694855,1.68066644669,0.244985615233,-0.468423447474,0.848858953057,-2,EXIT
304,0.896353840828,-4.82843875885,59.6973953247,0.000779352537628,0.826085756202,-0.563543890047,-1,CREATE
304,0.900909125805,4.54412258932e-08,56.403503418,0.0820519769393,-0.714802238121,-0.694496388369,127,ABSORB
305,3.30651879311,-20.9566574097,36.042175293,-0.00129110028881,0.824686556842,-0.56558855719,-1,CREATE
305,3.22549533844,30.7968387604,0.54846560955,-0.458024913593,-0.790495037208,0.406608871863,11,ABSORB
306,-29.3646278381,-25.4497318268,29.4801521301,0.000438113972022,0.825845519091,-0.563896255222,-1,CREATE
306,-29.3425674438,16.1341457367,1.08623063564,0.315750244533,0.176107474919,0.932356123139,102,REFLECT
306,-29.0268173218,16.3102531433,2.01858639717,0.650506781714,-0.57666272776,0.494268171498,-2,EXIT
307,14.0183668137,-21.8485393524,34.7251853943,-0.00107357055625,0.825352146765,-0.56461728744,-1,CREATE
307,13.9537849426,27.8014678955,0.759983360767,-0.241218592363,0.0121860517017,0.970394296584,33,REFLECT
307,13.7125663757,27.8136539459,1.73037755489,-0.171136118167,-0.456035176728,0.873352361104,-2,EXIT
308,1.96753823757,-3.48392391205,61.6683273315,0.0024261309634,0.82722005719,-0.561872842262,-1,CREATE
308,1.97775614262,1.31141632664e-07,59.301940918,-0.448602190381,-0.584784415981,-0.675857426985,127,ABSORB
309,-16.5104064941,-24.1006164551,31.4479484558,0.000259313385047,0.827148532013,-0.561983308244,-1,CREATE
309,-16.4954147339,23.7195625305,-1.04215621948,0.154953005167,0.0581760414895,0.986207439835,98,REFLECT
309,-16.340461731,23.7777385712,-0.0559487938881,0.316201228298,-0.762553835596,0.564383230651,-2,EXIT
310,2.77092671394,-22.3114643097,34.0557060242,0.00129369173811,0.82806403637,-0.560632034433,-1,CREATE
310,2.85080385208,28.816160202,-0.559713661671,-0.0817413373743,-0.0107154851915,0.996595972369,21,REFLECT
310,2.76906251907,28.8054447174,0.436882257462,0.205507265475,-0.831358508433,0.516342710119,-2,EXIT
311,15.6251440048,-23.2025108337,32.7381439209,-0.00243523135202,0.827032156958,-0.562149340483,-1,CREATE
311,15.4822120667,25.3387947083,-0.256296098232,-0.262907991661,0.0495319384896,0.963548636546,40,REFLECT
311,15.2193040848,25.3883266449,0.707252502441,-0.228341412728,-0.390387870098,0.891884247038,-2,EXIT
312,-0.888957440853,-2.15144300461,63.6249008179,-0.00152327722764,0.826514259282,-0.562913722368,-1,CREATE
312,-0.892922580242,7.19533517213e-08,62.1596183777,-0.550558595607,-0.511735984164,-0.659554027594,127,ABSORB
313,-29.007566452,-26.1321411133,28.4790496826,0.00223329546312,0.825244776103,-0.56477081361,-1,CREATE
313,-28.896730423,14.8238611221,0.450087398291,0.312253904328,0.193498581892,0.930083758614,107,REFLECT
313,-28.5844764709,15.0173597336,1.38017129898,0.475376392173,-0.648018324467,0.595054230234,-2,EXIT
314,-1.69234573841,-21.6411571503,35.0424995422,-0.00200194317855,0.825471633851,-0.564440053444,-1,CREATE
314,-1.81717681885,29.8310909271,-0.153135612607,-0.0380923746097,-0.0332336424107,0.998721430635,13,REFLECT
314,-1.85526919365,29.7978572845,0.845585823059,0.36203790861,-0.840884736217,0.402295181585,-2,EXIT
315,22.4093151093,-26.5601043701,27.8083019257,0.00114558864802,0.827325517385,-0.561721617806,-1,CREATE
315,22.4674873352,15.4509325027,-0.715546429157,-0.344774323038,0.201457068509,0.916812802987,67,REFLECT
315,22.122713089,15.6523895264,0.201266169548,-0.688307385835,-0.580894982359,0.434504271642,-2,EXIT
316,-25.7940120697,-24.7867889404,30.4494113922,-0.00132346637831,0.824016235078,-0.566564641294,-1,CREATE
316,-25.8624362946,17.8154811859,1.15758574009,0.281938500894,0.155115098975,0.946810428641,105,REFLECT
316,-25.5804977417,17.9705963135,2.10439634323,0.0166249467539,-0.880900421789,0.473009574996,-2,EXIT
317,-24.722826004,-27.474565506,26.506696701,0.00167927548892,0.825703325443,-0.564102116984,-1,CREATE
317,-24.640586853,12.9625997543,-1.11907374859,0.268478409396,0.212921155141,0.939459379314,124,REFLECT
317,-24.3721084595,13.1755208969,-0.179614424706,0.319597680486,-0.259741421535,0.911258314951,-2,EXIT
318,-3.03132820129,-4.16842412949,60.6686477661,-0.00165545490748,0.82615104921,-0.563446273711,-1,CREATE
318,-3.03968095779,2.20394554162e-07,57.8257255554,-0.34466662494,-0.641979375147,-0.684884953505,127,ABSORB
319,-15.0821609497,-22.4304389954,33.8961868286,-0.00334473540829,0.825293507581,-0.564694111081,-1,CREATE
319,-15.2809391022,26.6168842316,0.336326807737,0.573700004093,-0.731374778469,0.368726509385,84,ABSORB
320,26.6940612793,-26.8944568634,27.3143558502,0.0025606609269,0.825101348726,-0.564978944161,-1,CREATE
320,26.8196659088,13.5781211853,-0.398790478706,-0.380558043222,0.227826136014,0.896253774044,70,REFLECT
320,26.4391078949,13.8059473038,0.497463226318,0.070955124415,-0.805085164573,0.588900032352,-2,EXIT
321,29.9076137543,-25.5491046906,29.2847175598,0.00182778950934,0.826453969322,-0.563001328398,-1,CREATE
321,29.9985485077,15.5679864883,1.27471601963,-0.416889180608,0.203865046347,0.885800459455,56,REFLECT
321,29.581659317,15.7718515396,2.16051650047,-0.372814741298,-0.240802363825,0.896115723691,-2,EXIT
322,3.39578413963,-1.14169812202,65.1021652222,0.00105469876018,0.82660580757,-0.562780353692,-1,CREATE
322,3.39724087715,9.38141013762e-08,64.3248596191,-0.446040437454,-0.528787673085,-0.722102156865,127,ABSORB
323,-17.2245311737,-24.4474220276,30.9399356842,0.00152390025986,0.82822193951,-0.560398159029,-1,CREATE
323,-17.1369342804,23.1604633331,-1.27289283276,-0.166250796041,-0.859597358994,0.483169797511,97,ABSORB
324,-26.865196228,-27.1393756866,27.0000686646,-0.00209692173151,0.824713699797,-0.565546564208,-1,CREATE
324,-26.96758461,13.1297006607,-0.614408671856,0.283296651452,0.215453198363,0.934517483299,118,REFLECT
324,-26.6842880249,13.3451538086,0.32010859251,0.278423720287,-0.684405219994,0.673846960983,-2,EXIT
325,-12.4041976929,-21.7573451996,34.8810844421,0.0020902365801,0.827664219283,-0.561219717249,-1,CREATE
325,-12.2777633667,28.3064460754,0.934000432491,0.118438723213,-0.00665283217225,0.99293907601,81,REFLECT
325,-12.159324646,28.2997932434,1.92693948746,0.151977783409,-0.498823271879,0.853274924501,-2,EXIT
326,-1.96014380455,-5.17607831955,59.1899490356,0.00368261012025,0.825793774983,-0.563960175528,-1,CREATE
326,-1.93706119061,1.36686651331e-07,55.6550445557,0.0811916819045,-0.724619932347,-0.684349226955,127,ABSORB
327,0.450026988983,-21.3042964935,35.5347328186,-0.000942889717893,0.828511479523,-0.559971284315,-1,CREATE
327,0.390839546919,30.7033500671,0.383996397257,-0.0606798591491,-0.0403862040688,0.997339916585,9,REFLECT
327,0.330159693956,30.6629638672,1.38133621216,0.357132685579,-0.85857274808,0.367843827113,-2,EXIT
328,24.5516891479,-27.5673408508,26.3293190002,0.00290587155658,0.82749920683,-0.561459365054,-1,CREATE
328,24.6941184998,12.991979599,-1.19023644924,-0.359375059816,0.236293832054,0.902781696378,74,REFLECT
328,24.3347434998,13.2282733917,-0.287454903126,-0.333993648153,-0.229830500797,0.914125912496,-2,EXIT
329,1.25341534615,-2.65464305878,62.8851242065,0.00211456552455,0.827076131013,-0.562085938377,-1,CREATE
329,1.26020240784,1.53622750076e-08,61.0810127258,-0.0660081594432,-0.633542520777,-0.770887019773,127,ABSORB
330,-1.11707985401,-22.8170185089,33.3175354004,-0.00419592828438,0.825631417625,-0.564194254151,-1,CREATE
330,-1.37432348728,27.8007259369,-1.27204048634,-0.0447588011507,0.00317382844117,0.998992781021,23,REFLECT
330,-1.41908228397,27.803899765,-0.273047804832,0.211534604102,-0.828244087992,0.51890735394,-2,EXIT
331,11.7371397018,-23.708065033,31.9999713898,0.00109803655572,0.826169738601,-0.563420231565,-1,CREATE
331,11.8016901016,24.8600692749,-1.1218777895,-0.212467196667,0.0545921333556,0.975642039539,47,REFLECT
331,11.589222908,24.9146614075,-0.146235764027,-0.237462447352,-0.747308332774,0.620597971205,-2,EXIT
332,-2.72385835648,-20.1294498444,37.2603912354,-0.00392475254882,0.826968537114,-0.562234501735,-1,CREATE
332,-2.97445654869,32.6730690002,1.3613255024,-0.0318059905204,-0.0659904446658,0.997313210671,2,REFLECT
332,-3.00626254082,32.6070785522,2.35863876343,0.108158621731,-0.526973065277,0.842971589686,-2,EXIT
333,4.50664043427,-3.99746990204,60.9130439758,-0.00358017820409,0.824439348021,-0.565938992966,-1,CREATE
333,4.48928117752,-8.44405576572e-08,58.1689682007,-0.727909639815,-0.22528984053,0.647604851756,127,ABSORB
334,-1.92046821117,-1.9838334322,63.8715782166,0.000831377718633,0.82412774823,-0.566403357519,-1,CREATE
334,-1.91846692562,5.21208392001e-08,62.5081367493,0.0965733358886,-0.614629924817,-0.782881629823,127,ABSORB
335,1.56088316441,-22.1439247131,34.3024291992,-8.95289055813e-05,0.828134263527,-0.560529779367,-1,CREATE
335,1.55533707142,29.1569328308,-0.420996248722,-0.0725036860667,-0.0152835846191,0.997251035371,20,REFLECT
335,1.48283338547,29.1416492462,0.576254785061,0.0127528112194,-0.474613322883,0.880102016557,-2,EXIT
336,2.36427164078,-3.66228175163,61.4064178467,0.00179524348244,0.825858377397,-0.563874735721,-1,CREATE
336,2.37223267555,-1.02480981923e-07,58.9059066772,-0.472488624835,-0.586201685708,-0.658120112954,127,ABSORB
337,-16.1136722565,-22.9348773956,33.1572532654,0.000523503195766,0.823679227142,-0.567055779196,-1,CREATE
337,-16.0829086304,25.4685707092,-0.165737137198,0.152106282706,0.030395507335,0.987896650412,88,REFLECT
337,-15.9308023453,25.498966217,0.822159528732,0.170798610477,-0.4003685534,0.900295982501,-2,EXIT
338,-4.06283903122,-2.32069396973,63.3793411255,6.82549940927e-05,0.824284592889,-0.566175684101,-1,CREATE
338,-4.06264686584,6.59773036205e-08,61.7853279114,-0.445479784506,-0.553626116877,-0.703594971776,127,ABSORB
339,-24.6831531525,-25.62641716,29.2171058655,-0.000750156190974,0.825476938092,-0.564435347887,-1,CREATE
339,-24.7214546204,16.5207767487,0.398171067238,0.271928755426,0.170032481333,0.947176703295,110,REFLECT
339,-24.4495258331,16.6908092499,1.34534788132,0.64629044723,-0.579888046593,0.496022692262,-2,EXIT
340,18.699842453,-22.0252246857,34.4621391296,-0.000158167593414,0.827900160115,-0.560875476255,-1,CREATE
340,18.6904563904,27.1044521332,1.17837834358,-0.0807816020761,-0.836262401428,0.54234631807,31,ABSORB
341,13.8795080185,-22.6991558075,33.4778137207,-0.00224308215911,0.82624979104,-0.563299433151,-1,CREATE
341,13.7462301254,26.3943786621,0.00808042939752,-0.241080248737,0.0323257398847,0.969966679948,38,REFLECT
341,13.5051498413,26.4267044067,0.978047251701,0.218229924026,-0.854685871498,0.471049637852,-2,EXIT
342,26.7337322235,-25.3823337555,29.5319633484,0.00187695268196,0.826050022904,-0.563593680508,-1,CREATE
342,26.829158783,16.6150550842,0.878174483776,-0.39139369636,0.179040924761,0.90263797932,54,REFLECT
342,26.4377651215,16.794095993,1.7808123827,-0.372842990883,-0.262269584782,0.890057733547,-2,EXIT
343,0.221902638674,-1.64697313309,64.3638076782,-0.00186249230092,0.828019510436,-0.560696193549,-1,CREATE
343,0.218198046088,8.5300072783e-08,63.2485542297,-0.520049522501,-0.511335608758,-0.684166930919,127,ABSORB
344,-27.8967075348,-27.6438140869,26.2611370087,-0.00160974176034,0.826430075795,-0.563037066766,-1,CREATE
344,-27.9742240906,12.152639389,-0.851717531681,0.289878915898,0.22922426091,0.929207432347,122,REFLECT
344,-27.6843452454,12.3818635941,0.0774896740913,0.281415211739,-0.684223327928,0.67278816586,-2,EXIT
345,-13.4357089996,-22.2617835999,34.1421508789,-0.00136556126336,0.824069497793,-0.566487067858,-1,CREATE
345,-13.517206192,26.9189834595,0.333996832371,0.127576832202,0.00472259537029,0.991817447406,85,REFLECT
345,-13.389629364,26.9237060547,1.32581424713,-0.0820201627176,-0.830436394283,0.551042727888,-2,EXIT
346,-18.2560424805,-22.3476734161,34.0202331543,-0.00356361981081,0.826711052122,-0.562615443188,-1,CREATE
346,-18.467300415,26.661277771,0.667355239391,0.173814808885,0.0175666844784,0.984621665316,82,REFLECT
346,-18.2934856415,26.6788444519,1.6519767046,0.311098864888,-0.445220375076,0.839640586134,-2,EXIT
347,3.43545603752,-4.41791820526,60.2973251343,0.00286552630672,0.826911451634,-0.562324852656,-1,CREATE
347,3.45076560974,-8.72094005899e-08,57.293006897,0.0476848287916,-0.241330059683,0.969270839031,127,ABSORB
348,3.79251742363,-1.72958552837,64.2396621704,0.000965977870488,0.827538659055,-0.561407903984,-1,CREATE
348,3.79453635216,6.32773122788e-08,63.0662994385,-0.603374777794,-0.482163383345,-0.635182925844,127,ABSORB
349,-27.5396461487,-25.0394878387,30.0802707672,-0.0189674294671,0.815750607557,-0.578092711328,-1,CREATE
349,-28.4963817596,16.1077671051,0.920711517334,0.291984541242,0.153635016151,0.944002812225,103,REFLECT
349,-28.2043972015,16.2614021301,1.86471438408,0.658009591776,-0.563178968583,0.49985280481,-2,EXIT
350,15.8433504105,-21.4382991791,35.3253059387,0.00292378791409,0.824779636898,-0.565446727838,-1,CREATE
350,16.0192928314,28.1937980652,1.29887545109,-0.258679421455,0.00612449720579,0.965943811746,29,REFLECT
350,15.7606134415,28.1999225616,2.2648191452,-0.55303598521,-0.753016509739,0.356535180765,-2,EXIT
351,-24.3260917664,-26.3823318481,28.1082019806,0.000616997875019,0.828186430903,-0.56045236638,-1,CREATE
351,-24.2949829102,15.3745908737,-0.149645864964,0.26478575045,0.18907831946,0.945588650243,115,REFLECT
351,-24.0301971436,15.5636692047,0.79594284296,0.316000876058,-0.275300101392,0.907939040081,-2,EXIT
352,-2.63459300995,-3.07619047165,62.2701530457,-0.00284341342692,0.825300460773,-0.564686695831,-1,CREATE
352,-2.64519143105,1.84217441301e-07,60.1653633118,-0.311211380877,-0.612339758468,-0.726765090391,127,ABSORB
353,-14.6854257584,-23.6903743744,32.0480690002,-0.00166844452636,0.824618833367,-0.565686305251,-1,CREATE
353,-14.7825584412,24.3168792725,-0.884778082371,0.135528569993,0.0434856432571,0.989818673064,94,REFLECT
353,-14.6470298767,24.3603649139,0.105040550232,0.554568226435,-0.717286184011,0.421846669367,-2,EXIT
354,23.8772373199,-25.4674530029,29.4095211029,0.00154662358151,0.827955785175,-0.56079124971,-1,CREATE
354,23.9571361542,17.3048820496,0.438950866461,-0.444883001801,-0.687813084905,0.573578481938,57,ABSORB
355,-1.83120274544,-22.565279007,33.6873245239,0.00126620065014,0.825743678712,-0.564044123986,-1,CREATE
355,-1.75325703621,28.266456604,-1.03451776505,-0.0386624335835,-0.00213241576924,0.999250053306,23,REFLECT
355,-1.79191946983,28.2643241882,-0.0352677106857,0.425679950482,-0.801797377842,0.419425255133,-2,EXIT
356,27.0907936096,-26.1382465363,28.4230594635,-0.00205756888445,0.828404689737,-0.560126268293,-1,CREATE
356,26.9877815247,15.3357934952,0.380365401506,-0.361604247897,-0.253150378369,0.897305552103,60,ABSORB
357,1.65014851093,-2.40246987343,63.2546234131,-0.00445259949724,0.826303643321,-0.563207300549,-1,CREATE
357,1.63720262051,6.17634725586e-08,61.6171035767,-0.555659874606,-0.514962087119,-0.652729769953,127,ABSORB
358,-26.4684619904,-26.0471420288,28.6015758514,0.0114006862641,0.834824069937,-0.550398761451,-1,CREATE
358,-25.8880462646,16.4542484283,0.58044719696,0.285169698852,0.188703601447,0.939717613785,110,REFLECT
358,-25.6028766632,16.6429519653,1.52016448975,0.308398179378,-0.287045104425,0.906915470693,-2,EXIT
359,-4.77696371078,-2.74100279808,62.7635307312,0.00038805730517,0.825868105448,-0.563863211972,-1,CREATE
359,-4.77567577362,1.71459745957e-07,60.8921051025,0.483862000878,-0.817607297654,-0.31208311542,127,ABSORB
360,-1.56340670586,-5.42794132233,58.8202438354,0.000309101952075,0.825181707119,-0.564867289451,-1,CREATE
360,-1.56137347221,-1.62809158155e-07,55.1046180725,0.0817348219872,-0.731640811874,-0.676772591994,127,ABSORB
361,0.846760213375,-21.5561599731,35.1650276184,0.00310729997083,0.826222687746,-0.563335082292,-1,CREATE
361,1.04058611393,29.9816246033,0.025539746508,-0.0641513537088,-0.029830935884,0.997494220074,15,REFLECT
361,0.976434767246,29.9517936707,1.02303385735,0.358042954041,-0.842785978322,0.401891823511,-2,EXIT
362,24.9484214783,-26.475107193,27.9308261871,-0.00218710005524,0.827725607259,-0.561128804893,-1,CREATE
362,24.8385677338,15.0999259949,-0.253572702408,-0.368869684951,0.20497125983,0.906599105541,63,REFLECT
362,24.4696979523,15.3048973083,0.653026640415,-0.682391305226,-0.624484360335,0.379949194299,-2,EXIT
363,-22.1837215424,-27.3895664215,26.6292209625,-0.00165275821344,0.825782291268,-0.563986591878,-1,CREATE
363,-22.2656059265,13.5230569839,-1.31297552586,0.239793764917,0.206644047413,0.948576400706,126,REFLECT
363,-22.025812149,13.7297010422,-0.364399075508,0.320257163547,-0.264924792942,0.909532958876,-2,EXIT
364,-0.492222249508,-4.08342695236,60.7911720276,-0.00386373737118,0.824823336206,-0.565377339113,-1,CREATE
364,-0.511350333691,2.30993350669e-07,57.9921760559,-0.339249920808,-0.639534169312,-0.689859070763,127,ABSORB
365,-12.5430545807,-22.6814670563,33.5259056091,0.00234209470035,0.82499135484,-0.56514049495,-1,CREATE
365,-12.403883934,26.3407096863,-0.0555580817163,0.116882323902,0.019813537544,0.992948108457,91,REFLECT
365,-12.2870016098,26.3605232239,0.93739002943,0.126564387156,-0.385894857076,0.913819793606,-2,EXIT
366,-3.34871602058,-0.892312407494,65.4735717773,-0.000978876594729,0.824015403121,-0.566566551448,-1,CREATE
366,-3.34977602959,1.50969086121e-08,64.8600463867,-0.279679537128,-0.561567440449,-0.778730612176,127,ABSORB
367,-15.3995485306,-24.1946907043,31.3090515137,-0.00272467569334,0.824918054797,-0.565245768682,-1,CREATE
367,-15.5567188263,23.389913559,-1.2966067791,0.14430906627,0.0573921292641,0.98786691254,98,REFLECT
367,-15.4124097824,23.4473056793,-0.308740019798,-0.0277970794733,-0.783982749549,0.620159955803,-2,EXIT
368,-17.0063247681,-21.5071239471,35.2519111633,0.00308288627083,0.827379553751,-0.561634729916,-1,CREATE
368,-16.8204803467,28.3694725037,1.39510548115,0.166534421689,-0.00507545464673,0.986022578926,78,REFLECT
368,-16.6539459229,28.364397049,2.38112807274,0.242236411563,-0.488141459854,0.838474469548,-2,EXIT
369,-0.135160773993,-4.92334794998,59.5590705872,-0.00348603288063,0.826170296249,-0.563409699216,-1,CREATE
369,-0.155934885144,2.08852611649e-07,56.2015762329,0.0828426113017,-0.717403956057,-0.691714294768,127,ABSORB
370,2.27500605583,-21.0515651703,35.9038505554,-0.000201852167168,0.827676133534,-0.561206002493,-1,CREATE
370,2.26231122017,31.0024337769,0.608623981476,-0.0863678432745,-0.0475807177487,0.995126459776,11,REFLECT
370,2.17594337463,30.9548530579,1.6037504673,-0.435268623009,-0.808160513114,0.396759134573,-2,EXIT
371,-28.2537689209,-25.5438022614,29.3412570953,0.00165046407653,0.826378928052,-0.5631120166,-1,CREATE
371,-28.1703948975,16.2011451721,0.895370185375,0.304807671973,0.1749744467,0.936203090205,103,REFLECT
371,-27.8655872345,16.3761196136,1.83157324791,0.648927415891,-0.578350653608,0.49437205663,-2,EXIT
372,15.1292228699,-21.9426136017,34.5862884521,0.00212799438235,0.828328425436,-0.560238780571,-1,CREATE
372,15.2569799423,27.7872238159,0.951581954956,-0.256291355334,0.0127010328545,0.966516127618,29,REFLECT
372,15.0006885529,27.7999248505,1.91809821129,-0.172859849856,-0.445200618271,0.878587435489,-2,EXIT
373,3.07839441299,-2.90594887733,62.5150375366,-0.00148665253044,0.824759467123,-0.565481751478,-1,CREATE
373,3.07315635681,1.17246969467e-07,60.5226249695,-0.489295122501,-0.558325563173,-0.669972274504,127,ABSORB
374,-17.5419178009,-23.5234775543,32.2952270508,-0.000587654435287,0.824312828166,-0.56613427381,-1,CREATE
374,-17.5760669708,24.3781414032,-0.603385388851,0.167078024525,0.0446796434182,0.984930791063,92,REFLECT
374,-17.4089889526,24.4228210449,0.381545364857,0.315542690838,-0.782590406659,0.536642400174,-2,EXIT
375,1.73941397667,-23.0679206848,32.9471702576,-0.0019774582755,0.825788449772,-0.563976529549,-1,CREATE
375,1.61885154247,27.2790660858,-1.43756699562,-0.386491239311,-0.787684997395,0.479767513296,25,ABSORB
376,-23.9690284729,-24.8700828552,30.3257236481,-0.00221887612259,0.824074981339,-0.566476391141,-1,CREATE
376,-24.0843582153,17.9625720978,0.8821798563,0.596899121589,-0.646955329616,0.474510526887,106,ABSORB
377,14.5936307907,-23.9589691162,31.6296081543,0.00191745712273,0.827266282139,-0.56180674773,-1,CREATE
377,14.705083847,24.1262550354,-1.0256613493,-0.239600190759,0.0669345881358,0.968561567222,49,REFLECT
377,14.4654836655,24.193189621,-0.0570998191833,-0.240309465618,-0.747335465735,0.619468370774,-2,EXIT
378,0.132637277246,-20.3803539276,36.8900299072,-0.0027274940243,0.826112840884,-0.563498123246,-1,CREATE
378,-0.0405151695013,32.0646591187,1.11687040329,-0.0588708463211,-0.0592613238114,0.996505052147,4,REFLECT
378,-0.0993860140443,32.0053977966,2.11337542534,0.0146726375577,-0.480449231938,0.876899794296,-2,EXIT
379,0.936025619507,-1.89871263504,63.9940185547,-0.00238253227325,0.824632065263,-0.565664459269,-1,CREATE
379,0.93053984642,1.08842527879e-07,62.6915779114,-0.468070769588,-0.534729671454,-0.703543838807,127,ABSORB
380,-22.8978443146,-27.2218322754,26.8758125305,0.00251101025871,0.824957135313,-0.565189720114,-1,CREATE
380,-22.7732887268,13.6991558075,-1.15973114967,0.243833519489,0.203640919114,0.948195966473,126,REFLECT
380,-22.5294551849,13.9027967453,-0.211535096169,0.317034137167,-0.264927099822,0.910660742346,-2,EXIT
381,-1.20634520054,-3.9156935215,61.0377655029,0.000394024443178,0.823950024625,-0.566662334786,-1,CREATE
381,-1.20447266102,6.1842172272e-08,58.3447914124,-0.329740641622,-0.634321844952,-0.699218782842,127,ABSORB
382,-13.2571783066,-23.1857814789,32.7868919373,0.0015765062708,0.824695353502,-0.565575006998,-1,CREATE
382,-13.1643877029,25.3544502258,-0.501936197281,0.125299463912,0.0329418209128,0.991571924158,95,REFLECT
382,-13.0390882492,25.3873920441,0.489635646343,0.548614719965,-0.720385929013,0.424341846059,-2,EXIT
383,25.3054828644,-24.9628601074,30.1483478546,-0.00459633806524,0.826321045674,-0.563180613261,-1,CREATE
383,25.0671863556,17.8776397705,0.950327157974,-0.375183054525,0.167777992355,0.911640401078,52,REFLECT
383,24.6920032501,18.0454177856,1.86196768284,0.0141460477227,-0.882485106876,0.470127562983,-2,EXIT
384,25.4245071411,-27.6510047913,26.2058887482,-0.00400298624603,0.825347473337,-0.564610949555,-1,CREATE
384,25.2297687531,12.5007286072,-1.26146173477,-0.372610051599,0.242534611048,0.895733616591,75,REFLECT
384,24.8571586609,12.7432632446,-0.365728020668,-0.181649296415,-0.701979733624,0.688642132528,-2,EXIT
385,15.7838382721,-22.3203849792,34.0317115784,-0.00308469512129,0.825229712532,-0.564788815585,-1,CREATE
385,15.6005134583,26.7233867645,0.466059088707,-0.25974085331,0.0223579427262,0.965419500279,34,REFLECT
385,15.3407726288,26.7457447052,1.43147850037,-0.187070771618,-0.396577515891,0.898738449326,-2,EXIT
386,2.12622928619,-1.26820278168,64.9177093506,-0.0040308347162,0.825921784423,-0.563770306408,-1,CREATE
386,2.12003993988,3.77285260811e-08,64.0520401001,-0.520218237596,-0.504537662882,-0.689068016967,127,ABSORB
387,-25.9923782349,-27.265045166,26.8150367737,-0.00107734798969,0.825765152339,-0.564013078309,-1,CREATE
387,-26.0450954437,13.1416149139,-0.783469498158,0.279193853473,0.211943607652,0.936552560916,118,REFLECT
387,-25.7659015656,13.3535585403,0.153083145618,0.321412767112,-0.259233209901,0.910764500857,-2,EXIT
388,-4.30087947845,-3.95890426636,60.9769897461,0.000834815336297,0.827877613472,-0.560908156649,-1,CREATE
388,-4.29688739777,2.83506807364e-07,58.2947311401,0.211508173974,-0.917731279113,0.336204687178,127,ABSORB
389,-3.22969484329,-4.6305346489,59.9910964966,0.00282360857032,0.828445157277,-0.560063075571,-1,CREATE
389,-3.21391248703,-2.49295908361e-07,56.8606643677,0.42933530249,-0.619914353793,-0.656793264275,127,ABSORB
390,13.6414661407,-24.3373680115,31.0754585266,0.00027096623716,0.82714194453,-0.561992998335,-1,CREATE
390,13.6571578979,23.5627346039,-1.46976840496,-0.238480548414,0.0712623537867,0.968529145127,49,REFLECT
390,13.41867733,23.6339969635,-0.501239180565,-0.239630619698,-0.747135075252,0.619972858625,-2,EXIT
391,-0.819527983665,-20.7587547302,36.3358764648,-8.96223617841e-06,0.828367415389,-0.560185170316,-1,CREATE
391,-0.82009524107,31.672082901,0.879414558411,0.0114226906753,-0.496676731075,0.867860442091,8,ABSORB
392,-0.0161396339536,-3.28518366814,61.9614562988,-0.00264848031658,0.826428448851,-0.563035526837,-1,CREATE
392,-0.0266677625477,2.65046281811e-07,59.7233009338,-0.310957165477,-0.617233526883,-0.722722916843,127,ABSORB
393,-12.0669727325,-23.8993682861,31.7393684387,0.00135035621681,0.824456641332,-0.565923513473,-1,CREATE
393,-11.9882850647,24.1431922913,-1.23800516129,0.108089451383,0.0481414814348,0.992974857821,101,REFLECT
393,-11.8801956177,24.1913337708,-0.245030343533,0.214158202625,-0.788328499828,0.57677936909,-2,EXIT
394,0.787248671055,-22.4382476807,33.8714332581,-0.00146847594659,0.826019483104,-0.563639651826,-1,CREATE
394,0.696799099445,28.4397449493,-0.845488846302,-0.0696517892316,-0.00738525461866,0.997544027234,20,REFLECT
394,0.627147316933,28.4323596954,0.152055084705,0.427883152162,-0.801025101325,0.41865832745,-2,EXIT
395,29.7092437744,-26.0112171173,28.6071643829,0.000854186879925,0.827343275613,-0.561695980636,-1,CREATE
395,29.7514019012,14.822052002,0.884834587574,-0.410183073663,0.211131158056,0.887227975313,56,REFLECT
395,29.3412189484,15.0331830978,1.77206230164,-0.341003118748,-0.733209268847,0.588320525804,-2,EXIT
396,11.4990968704,-23.3301296234,32.5544395447,0.00277208887055,0.825336503017,-0.564634370465,-1,CREATE
396,11.6629590988,25.4567184448,-0.821924090385,-0.21003440522,0.0429153513484,0.976751668154,42,REFLECT
396,11.4529247284,25.4996337891,0.154827415943,-0.105256689212,-0.426621383083,0.898284601266,-2,EXIT
397,4.26859807968,-3.61953568459,61.4675102234,-0.00361647134789,0.82519039809,-0.564843100369,-1,CREATE
397,4.25273513794,3.17850208376e-08,58.9899368286,-0.78857218812,-0.280183622264,0.547403911147,127,ABSORB
398,-2.15851044655,-2.27794742584,63.4404373169,-0.00202687259271,0.824803480147,-0.565415874312,-1,CREATE
398,-2.16410827637,1.53282144311e-07,61.878868103,0.41858779063,-0.570898341593,-0.706299755841,127,ABSORB
399,13.4629354477,-21.3132190704,35.5107383728,0.00105743515998,0.827140581657,-0.561994074709,-1,CREATE
399,13.5272874832,29.0238437653,1.30962228775,-0.232478154323,-0.0067291263395,0.97257833958,27,REFLECT
399,13.2948093414,29.0171146393,2.28220057487,-0.174481017508,-0.489108422568,0.854593075974,-2,EXIT
400,1.41210627556,-4.29269886017,60.4826622009,-0.000161445682852,0.825915860916,-0.563793370503,-1,CREATE
400,1.41126716137,1.18800642213e-07,57.5523452759,0.525483576446,-0.729024715141,0.438622817007,127,ABSORB
401,4.62565946579,-4.45945692062,60.235408783,-0.000229136395595,0.824517131306,-0.565836944428,-1,CREATE
401,4.62442016602,4.15595309278e-08,57.1750411987,0.30147463933,-0.658772234351,-0.689298328076,127,ABSORB
402,15.0697116852,-22.8246994019,33.2926940918,-0.00357685623998,0.824698020464,-0.565562004684,-1,CREATE
402,14.858590126,25.8525524139,-0.0892268493772,-0.25253102562,0.0380001028967,0.966842320794,39,REFLECT
402,14.6060590744,25.8905525208,0.877615571022,0.18684835719,-0.859367380128,0.475999367004,-2,EXIT
403,25.7815685272,-25.5087127686,29.3474159241,-0.00158872272954,0.828038175009,-0.560669471871,-1,CREATE
403,25.7003517151,16.8212795258,0.685531556606,-0.367326454914,-0.249083866986,0.896118576265,58,ABSORB
404,-0.730262577534,-1.10130548477,65.1648635864,-0.000185502620835,0.826900414327,-0.562348353224,-1,CREATE
404,-0.730509638786,-8.79299477674e-09,64.4159011841,-0.349528436459,-0.555773479575,-0.754284900755,127,ABSORB
405,-14.3878736496,-21.7161178589,34.9432106018,-0.000576958352086,0.828428699144,-0.560094239887,-1,CREATE
405,-14.4227085114,28.3017024994,1.1265488863,0.134287840439,-0.00422859211644,0.990933345346,80,REFLECT
405,-14.2884206772,28.2974739075,2.11748218536,0.245608956482,-0.489554211919,0.836667744142,-2,EXIT
406,2.4832906723,-5.13234090805,59.2503738403,-0.00180961454879,0.82697900229,-0.562229895209,-1,CREATE
406,2.47205996513,1.28591977955e-07,55.761100769,-0.135436292418,-0.718921405903,-0.681769039214,127,ABSORB
407,-1.53365087509,-21.2630691528,35.596862793,-0.00197900609989,0.824134827795,-0.566390209264,-1,CREATE
407,-1.65756857395,30.3410625458,0.13170106709,-0.0408802073355,-0.0385551491196,0.998419906214,13,REFLECT
407,-1.6984487772,30.3025074005,1.13012087345,-0.357079131229,-0.836207131279,0.416235663583,-2,EXIT
408,-25.6353168488,-25.7527980804,29.0325584412,0.00179435737672,0.825762813968,-0.564014676537,-1,CREATE
408,-25.5442123413,16.1734733582,0.395966887474,0.276565538715,0.171995154852,0.945478275532,110,REFLECT
408,-25.2676467896,16.3454685211,1.3414452076,0.647221584302,-0.579238634045,0.495567175713,-2,EXIT
409,17.7476768494,-22.1516056061,34.2775878906,0.00340421396865,0.824991385866,-0.565135049854,-1,CREATE
409,17.9491558075,26.6756439209,0.829977929592,-0.580728436557,-0.720753036458,0.378509634501,36,ABSORB
410,-24.5641326904,-26.0884017944,28.5394687653,-0.00133539936289,0.826934741559,-0.5622963186,-1,CREATE
410,-24.6317272186,15.7689371109,0.0774555131793,0.265367539712,0.179378531002,0.947313787234,115,REFLECT
410,-24.3663597107,15.9483156204,1.02476918697,0.31632975967,-0.275663658789,0.907714178787,-2,EXIT
411,-2.87263345718,-2.78226232529,62.7014198303,-0.00214909613703,0.827450856839,-0.561534024706,-1,CREATE
411,-2.8798596859,-3.46062734025e-08,60.8132896423,0.575141848823,-0.512927424817,-0.637273340571,127,ABSORB
412,26.8527526855,-26.5163669586,27.868719101,-0.00274731957831,0.825597222522,-0.564253204154,-1,CREATE
412,26.7166843414,14.373541832,-0.0774287581444,-0.385765023356,0.21647068902,0.896842119634,65,REFLECT
412,26.3309192657,14.5900125504,0.819413483143,-0.181649891042,-0.765376580354,0.61741558721,-2,EXIT
413,17.2120838165,-23.8319377899,31.8137130737,-0.00276745913457,0.824155164023,-0.566357313703,-1,CREATE
413,17.0524730682,23.7004795074,-0.850442111492,-0.27348718791,0.0645389785426,0.95970801721,46,REFLECT
413,16.7789859772,23.7650184631,0.109265565872,-0.237087749206,-0.743960972826,0.62474912572,-2,EXIT
414,2.7510869503,-20.2533226013,37.0741348267,-0.00017642993775,0.82443162623,-0.565961538043,-1,CREATE
414,2.73990082741,32.0178146362,1.19068217278,-0.087730903457,-0.0601101051161,0.994328951525,6,REFLECT
414,2.65216994286,31.9577045441,2.18501091003,0.0128331650352,-0.484500217935,0.874697003937,-2,EXIT
415,3.55447506905,-2.10770559311,63.6853179932,-0.0010851024336,0.82624412761,-0.563311161032,-1,CREATE
415,3.55170702934,7.51168585111e-08,62.2483406067,-0.577223449542,-0.49874847078,-0.646577955233,127,ABSORB
416,-27.4206256866,-26.7615661621,27.5546226501,-0.0129697709228,0.825931838401,-0.563620779743,-1,CREATE
416,-28.0576400757,13.8043365479,-0.127789691091,0.287761682015,0.205053325037,0.935492569856,112,REFLECT
416,-27.7698783875,14.0093898773,0.807702898979,0.286576590908,-0.684771434736,0.670046222072,-2,EXIT
417,-12.9596261978,-21.379535675,35.4356307983,0.000770374606914,0.823721379466,-0.566994264111,-1,CREATE
417,-12.9129648209,28.5130405426,1.09294497967,0.120306983236,-0.0165786763211,0.992598296027,81,REFLECT
417,-12.7926578522,28.4964618683,2.08554315567,0.206786909438,-0.827441579598,0.522091569016,-2,EXIT
418,-0.105405002832,-22.2705841064,34.1180725098,0.00240474868617,0.827513438366,-0.561440759571,-1,CREATE
418,0.0433381684124,28.9143791199,-0.609248280525,-0.0546475670788,-0.016027451204,0.998377065151,19,REFLECT
418,-0.0113093964756,28.8983516693,0.389128744602,0.362514672903,-0.827900674846,0.427976149475,-2,EXIT
419,23.9962558746,-25.929441452,28.73188591,-0.000830141247665,0.823913164487,-0.56671545616,-1,CREATE
419,23.9540081024,16.0013694763,-0.109549894929,-0.360713969597,0.190458303462,0.913023037376,62,REFLECT
419,23.5932941437,16.191827774,0.803473114967,-0.337256986315,-0.290612306587,0.895434091624,-2,EXIT
420,0.697983324528,-3.53692317009,61.5916633606,-0.00242413838169,0.826326263298,-0.563186496764,-1,CREATE
420,0.687607288361,-6.54418386148e-09,59.1810569763,0.545756262833,-0.539396936421,-0.641249597706,127,ABSORB
421,28.28099823,-27.2718639374,26.7595310211,-0.00127287930683,0.827481058004,-0.561492189102,-1,CREATE
421,28.2194538116,12.7373027802,-0.388926804066,-0.395915985422,0.241844177438,0.885867894399,71,REFLECT
421,27.8235378265,12.9791469574,0.49694108963,-0.305692081968,-0.696222421571,0.649481863276,-2,EXIT
422,12.2132196426,-22.573797226,33.6630554199,0.00550449344776,0.826280892155,-0.56323138035,-1,CREATE
422,12.5420942307,26.7936496735,0.0119138704613,-0.2190065601,0.0265884425769,0.975361051793,37,REFLECT
422,12.3230876923,26.8202381134,0.987274825573,-0.106750767694,-0.43168552061,0.895685148304,-2,EXIT
423,4.9827208519,-2.86320257187,62.5761299133,-0.0012781344615,0.825852760344,-0.563884371662,-1,CREATE
423,4.97828960419,2.16479008941e-07,60.6211624146,-0.836200603666,-0.198106717464,0.511392490094,127,ABSORB
424,-1.44438552856,-1.52161443233,64.5490570068,0.000570263650594,0.82631115687,-0.563213588997,-1,CREATE
424,-1.44333541393,6.16344664195e-08,63.5119247437,0.185292455703,-0.787032833686,-0.588426736782,127,ABSORB
425,-0.373201102018,-4.54541349411,60.1135368347,0.00280943468277,0.82560033098,-0.564248350075,-1,CREATE
425,-0.357733517885,9.32290333822e-08,57.007019043,-0.605367218255,-0.541499633577,-0.58335981855,127,ABSORB
426,-28.491809845,-25.1658687592,29.8957233429,-0.00285509950258,0.827368363148,-0.561652419267,-1,CREATE
426,-28.6371097565,16.9400367737,1.31246495247,0.301343984101,0.170221366161,0.938198534293,103,REFLECT
426,-28.3357658386,17.1102581024,2.25066328049,0.648285082779,-0.58001749723,0.493260736683,-2,EXIT
427,14.8911809921,-21.5646800995,35.1407546997,0.00115707666562,0.826435638522,-0.563030013902,-1,CREATE
427,14.9609937668,28.2987098694,1.17006921768,-0.250198396489,-0.00465393126359,0.968183403761,28,REFLECT
427,14.7107954025,28.2940559387,2.13825249672,-0.172666384561,-0.458110586266,0.871963881358,-2,EXIT
428,2.84035229683,-3.20006299019,62.083896637,-0.00420853839448,0.827505200915,-0.561442277232,-1,CREATE
428,2.82407736778,1.12067056079e-07,59.9127311707,-0.448443681101,-0.578521670042,-0.681330273929,127,ABSORB
429,-15.6375894547,-23.8167572021,31.8635177612,0.00279225833821,0.827221821054,-0.561868545182,-1,CREATE
429,-15.4751243591,24.3144168854,-0.828309357166,0.153687470941,0.0476207714033,0.986971338696,93,REFLECT
429,-15.321436882,24.3620376587,0.15866202116,0.165947970601,-0.36129793169,0.917564752816,-2,EXIT
430,-3.58675646782,-1.18642640114,65.042427063,-0.00440058816355,0.826540054111,-0.56286070548,-1,CREATE
430,-3.59307312965,8.38409164317e-09,64.2344894409,0.392813240372,-0.544999748588,-0.740724666949,127,ABSORB
431,13.403427124,-23.5814056396,32.1843299866,-0.00146326555244,0.825320344093,-0.56466289809,-1,CREATE
431,13.3176851273,24.779340744,-0.902845680714,-0.232207303162,0.0450706491412,0.9716215338,43,REFLECT
431,13.085477829,24.8244113922,0.068775832653,-0.235506018843,-0.74644983218,0.622374134366,-2,EXIT
432,-1.05757021904,-20.002790451,37.4447517395,-0.0015311204356,0.82495216056,-0.565200485189,-1,CREATE
432,-1.15523660183,32.6188659668,1.39201176167,0.391904650556,-0.822603526016,0.411988087036,3,ABSORB
433,26.2576522827,-24.9204845428,30.2096939087,0.00153475646341,0.828242322863,-0.560368003317,-1,CREATE
433,26.3368816376,17.8362045288,1.28158938885,-0.381580264453,0.176715809923,0.907286076331,53,REFLECT
433,25.9553012848,18.0129203796,2.1888756752,-0.377693259912,-0.29602372715,0.877335599632,-2,EXIT
434,-0.254181921482,-2.5292224884,63.0703239441,0.00344129591874,0.826974911147,-0.562228293326,-1,CREATE
434,-0.243657052517,-1.30657454633e-07,61.3508033752,0.475631394205,-0.799517921941,-0.36680494727,127,ABSORB
435,2.95937538147,-5.38417339325,58.8806381226,-0.00358489116572,0.827283116802,-0.56177379185,-1,CREATE
435,2.93604397774,2.13918838199e-07,55.2244682312,-0.20448196223,-0.717012863605,-0.666393037589,127,ABSORB
436,-3.19994115829,-21.5157375336,35.2277030945,-0.00295220149304,0.824132030402,-0.566390043143,-1,CREATE
436,-3.38428735733,29.9460639954,-0.139751285315,-0.0254907616439,-0.0346508037551,0.999074343015,12,REFLECT
436,-3.40977811813,29.9114131927,0.85932302475,0.103978133448,-0.436896269813,0.89348206316,-2,EXIT
437,4.03055953979,-1.35146546364,64.7939987183,0.000388756935932,0.825956519292,-0.563733693429,-1,CREATE
437,4.03119564056,1.14613811775e-08,63.8715934753,-0.520281416717,-0.506017033703,-0.68793459647,127,ABSORB
438,-24.0880489349,-27.3483085632,26.6913280487,-0.00163481480513,0.826840561089,-0.562434008501,-1,CREATE
438,-24.1686191559,13.4017057419,-1.02767241001,0.320747995667,-0.256984669593,0.911635674417,125,ABSORB
439,-2.39655280113,-4.04216718674,60.8532829285,-0.00270272762065,0.827504888201,-0.5614520062,-1,CREATE
439,-2.40975499153,6.93299568866e-08,58.1107215881,-0.339277150458,-0.638107711456,-0.691165366434,127,ABSORB
440,-14.447385788,-22.6402072906,33.58801651,-0.000411199360775,0.826246011094,-0.563309293431,-1,CREATE
440,-14.4717855453,26.3875980377,0.162356346846,0.572597376998,-0.732746935274,0.367714798046,89,ABSORB
441,27.328836441,-27.1042251587,27.006187439,0.00306965777308,0.826645485825,-0.562714686112,-1,CREATE
441,27.4784049988,13.1739368439,-0.411990821362,-0.383836768854,0.237813009937,0.892252378635,71,REFLECT
441,27.0945682526,13.4117498398,0.48026150465,-0.18917871965,-0.733824736936,0.652466602588,-2,EXIT
442,17.6881694794,-23.0756950378,32.9223937988,0.00193643029664,0.824911716502,-0.565258268596,-1,CREATE
442,17.8010673523,25.0183563232,-0.0333269871771,-0.276838342676,0.0453758305414,0.959844553054,41,REFLECT
442,17.5242290497,25.0637321472,0.926517426968,-0.219660737499,-0.366381438633,0.904164698397,-2,EXIT
443,1.88819086552,-1.01627755165,65.2873764038,0.00126551899427,0.828310531286,-0.560267848642,-1,CREATE
443,1.88974356651,3.33392904395e-08,64.5999679565,-0.520355392912,-0.499869868192,-0.692358563131,127,ABSORB
444,-26.2304191589,-27.0131187439,27.1847019196,0.00108954340713,0.824783660598,-0.565447368113,-1,CREATE
444,-26.1768741608,13.5204105377,-0.603891074657,0.281076399325,0.209973311399,0.936433268441,118,REFLECT
444,-25.8957977295,13.730383873,0.332542300224,0.318976132886,-0.260436179351,0.911277796906,-2,EXIT
445,-4.53892374039,-3.70697927475,61.3466529846,0.00303115411339,0.825491872307,-0.564405865367,-1,CREATE
445,-4.52531194687,-1.84827513294e-07,58.8121147156,0.532904598214,-0.84097467579,0.0936711475463,127,ABSORB
446,-1.32536637783,-5.04982185364,59.374584198,-0.00267376418071,0.825660402127,-0.564161104069,-1,CREATE
446,-1.34171938896,3.57338507229e-07,55.924118042,0.0826175042356,-0.721063677087,-0.687925520373,127,ABSORB
447,1.08480250835,-21.1780395508,35.7193641663,-0.00434409689741,0.827569998582,-0.561345727933,-1,CREATE
447,0.811902165413,30.8107032776,0.455085933208,-0.07747597306,-0.0452575730542,0.995966478191,10,REFLECT
447,0.73442620039,30.7654457092,1.45105230808,0.359976258536,-0.856900707431,0.368969200469,-2,EXIT
448,25.1864643097,-27.4410839081,26.5139522552,0.000959809588875,0.824139954567,-0.566385393572,-1,CREATE
448,25.2333221436,12.7933683395,-1.13694119453,-0.362478222716,0.234250047009,0.902073419148,74,REFLECT
448,24.8708438873,13.0276184082,-0.234867691994,-0.699604739446,-0.579448202296,0.418082515061,-2,EXIT
449,-22.6598014832,-26.3396778107,28.1693592072,0.00242762628224,0.825098515062,-0.56498366974,-1,CREATE
449,-22.5368328094,15.4547576904,-0.449251919985,0.313001241052,-0.268301078375,0.911067919775,121,ABSORB
450,-0.968304872513,-3.03353738785,62.3313102722,0.00217917929436,0.824863401852,-0.565327886684,-1,CREATE
450,-0.960290670395,7.24336928215e-08,60.2522468567,-0.311705291398,-0.611262449187,-0.727459984829,127,ABSORB
451,-13.0191373825,-23.6477222443,32.1092262268,-0.00182658290258,0.827911204471,-0.560856221421,-1,CREATE
451,-13.12616539,24.8634548187,-0.753954410553,0.119892125499,0.0401802080207,0.99197350223,95,REFLECT
451,-13.0062732697,24.903635025,0.238019049168,0.581549616763,-0.719516203276,0.379600416841,-2,EXIT
452,28.7570819855,-26.7676410675,27.4986114502,0.00159733766298,0.82669197109,-0.562652497948,-1,CREATE
452,28.834854126,13.4828367233,0.103846937418,-0.398317427981,0.230971389101,0.887691074633,66,REFLECT
452,28.4365367889,13.7138080597,0.991537809372,-0.308578779037,-0.740709980792,0.596764494154,-2,EXIT
453,12.6893043518,-24.0857200623,31.4453144073,-0.00284012508285,0.825444372106,-0.564476325675,-1,CREATE
453,12.5238847733,23.991268158,-1.43191218376,-0.227483756226,0.0599002856135,0.971937804819,48,REFLECT
453,12.2964010239,24.0511684418,-0.45997440815,-0.235628260225,-0.746312061231,0.622493076462,-2,EXIT
454,-1.77169322968,-20.5071048737,36.7057342529,0.00327219442348,0.826488855645,-0.562943571096,-1,CREATE
454,-1.56407940388,31.9318675995,0.988153517246,-0.0355924382814,-0.0600719477068,0.997559291188,3,REFLECT
454,-1.59967184067,31.8717956543,1.98571276665,-0.0375598399013,-0.527598546586,0.848663085133,-2,EXIT
455,-4.18185997009,-4.39988994598,60.3301506042,-0.0027402335286,0.824871531875,-0.56531358291,-1,CREATE
455,-4.1964764595,2.13372004509e-08,57.3147506714,-0.443125991425,-0.595809827911,-0.669813410353,127,ABSORB
456,-24.8021736145,-27.7056121826,26.1679153442,-0.00446735478047,0.826833968346,-0.562428334573,-1,CREATE
456,-25.0196933746,12.5537214279,-1.21725606918,0.260686791586,0.221633840734,0.939638673818,124,REFLECT
456,-24.7590065002,12.7753553391,-0.277617096901,0.31100573549,-0.208118871057,0.927341343844,-2,EXIT
457,-3.11067557335,-1.71127843857,64.2722930908,-0.00426060719166,0.826045467072,-0.563587378812,-1,CREATE
457,-3.11950206757,7.4103425618e-08,63.1047363281,0.534909957464,-0.506114936239,-0.676549339458,127,ABSORB
458,26.6147136688,-28.1335773468,25.4971656799,0.00301182977208,0.825803860463,-0.563949388621,-1,CREATE
458,26.7583179474,11.2408151627,-1.39198517799,-0.443617354683,-0.605840601394,0.660424718137,76,ABSORB
459,2.51304841042,-21.8705329895,34.7025794983,5.54415143597e-05,0.828483169471,-0.560013959496,-1,CREATE
459,2.51649522781,29.6365413666,-0.113674730062,-0.0831053322304,-0.0251350422587,0.99622373662,16,REFLECT
459,2.43338990211,29.6114063263,0.882548928261,0.0127937213978,-0.482981845538,0.875536896752,-2,EXIT
460,3.31643676758,-3.7249147892,61.3137626648,0.0320477026246,0.818718879907,-0.573299520705,-1,CREATE
460,3.46224379539,1.56964972575e-07,58.7054290771,-0.516324422517,-0.571826059393,-0.637513959464,127,ABSORB
461,-17.3038768768,-22.9983482361,33.0651702881,-0.00407904744244,0.826724005396,-0.562592908126,-1,CREATE
461,-17.5435009003,25.5676307678,0.0155972922221,0.164226566772,0.0303001467997,0.985957167361,87,REFLECT
461,-17.3792743683,25.5979309082,1.00155425072,0.313594808519,-0.441811400303,0.840512333421,-2,EXIT
462,4.38762140274,-5.06859302521,59.3422660828,-0.00137767925041,0.828478844912,-0.560018665343,-1,CREATE
462,4.37919282913,-3.71821045064e-07,55.9160995483,-0.603731477345,-0.551732039095,-0.575412947628,127,ABSORB
463,-23.7309875488,-25.6890487671,29.1244506836,-0.00170605020032,0.8275643291,-0.561368302092,-1,CREATE
463,-23.8185081482,16.7651100159,0.326183050871,0.599571236752,-0.607958870492,0.520480877506,111,ABSORB
464,14.8316736221,-22.4257640839,33.8779602051,0.00322099956653,0.826747493813,-0.562563957817,-1,CREATE
464,15.0233669281,26.7769622803,0.397749274969,-0.251194928289,0.0236625647243,0.967647245143,34,REFLECT
464,14.7721719742,26.8006248474,1.36539661884,0.212950990241,-0.856003433538,0.471073240088,-2,EXIT
465,27.6858978271,-25.1089420319,29.9321136475,0.000461904461921,0.824524506411,-0.565826055402,-1,CREATE
465,27.7093639374,16.7793369293,1.18647968769,-0.39636997599,0.183010120668,0.899665570013,54,REFLECT
465,27.3129940033,16.9623470306,2.08614516258,-0.371599156788,-0.260669305455,0.891047462186,-2,EXIT
466,1.17406785488,-1.37358188629,64.763961792,0.000497426596926,0.825042208932,-0.565070885861,-1,CREATE
466,1.17489600182,2.58746837289e-08,63.8231964111,-0.411128741509,-0.547414718127,-0.72891034036,127,ABSORB
467,-15.3400392532,-21.9895076752,34.543056488,0.000807009650064,0.827518066857,-0.56143850755,-1,CREATE
467,-15.2916431427,27.6364860535,0.873768806458,0.145766270499,0.0062770848785,0.989299142115,84,REFLECT
467,-15.1458768845,27.6427631378,1.86306786537,0.243591122886,-0.472903530346,0.846773650888,-2,EXIT
468,1.5311293602,-4.73368406296,59.8358268738,0.00295439329607,0.826408095499,-0.563063878484,-1,CREATE
468,1.54805219173,1.75413958914e-07,56.610584259,-0.136846780177,-0.707813446733,-0.693017375958,127,ABSORB
469,-2.48581814766,-20.8644123077,36.1823196411,-0.000779309422189,0.827741023932,-0.561109784247,-1,CREATE
469,-2.53509354591,31.4732952118,0.703590273857,-0.0278475287735,-0.0504531866075,0.99833811462,7,REFLECT
469,-2.56294107437,31.4228420258,1.70192837715,0.103069432852,-0.472032066694,0.875535504719,-2,EXIT
470,4.74468278885,-2.04423642159,63.7774047852,-0.000550678714344,0.825454755913,-0.564468017423,-1,CREATE
470,4.74331903458,-6.23859364168e-08,62.3795013428,-0.603211105741,-0.488142583518,-0.630756038471,127,ABSORB
471,-26.5874824524,-25.354139328,29.6180152893,-0.00285768358726,0.826108737523,-0.563503493718,-1,CREATE
471,-26.7332553864,16.7863883972,0.873210251331,0.286470462603,0.169521361017,0.942972524634,104,REFLECT
471,-26.4467849731,16.955909729,1.81618261337,0.647475668992,-0.579595564117,0.494817380575,-2,EXIT
472,16.7955150604,-21.7529506683,34.8630485535,-0.00260747861467,0.82609683372,-0.563522157838,-1,CREATE
472,16.6394462585,27.6924953461,1.13382542133,-0.269224187193,0.0144252787989,0.962969495032,30,REFLECT
472,16.3702220917,27.7069206238,2.09679484367,-0.551569127015,-0.755017156791,0.354570995818,-2,EXIT
473,-23.3739261627,-26.6969833374,27.6459445953,0.000406467791991,0.82807530459,-0.560616736026,-1,CREATE
473,-23.3534927368,14.9309530258,-0.536658704281,0.248550429973,0.193457615079,0.949103174016,121,REFLECT
473,-23.1049423218,15.1244106293,0.412444412708,0.316853241587,-0.273852901034,0.908079628607,-2,EXIT
474,-1.68242788315,-3.39084172249,61.8078994751,0.000311151839747,0.825687165436,-0.564128184031,-1,CREATE
474,-1.68115007877,1.02463502571e-07,59.4911994934,-0.311162850728,-0.619764693845,-0.720464714327,127,ABSORB
475,-13.7332601547,-24.0050258636,31.585811615,0.000693957592882,0.825417155105,-0.564522841416,-1,CREATE
475,-13.6929626465,23.9262237549,-1.19553422928,0.124667173679,0.0556011226779,0.990639495964,100,REFLECT
475,-13.5682954788,23.9818248749,-0.204894781113,0.180139385192,-0.791797864881,0.583614550086,-2,EXIT
476,-3.02141022682,-22.3767280579,33.96484375,5.18157301286e-06,0.826319546252,-0.563201569116,-1,CREATE
476,-3.02109003067,28.6858234406,-0.838289320469,-0.0190641888776,-0.0159034736295,0.999691770612,17,REFLECT
476,-3.04015421867,28.6699199677,0.161402404308,0.425077637988,-0.802245342549,0.41917945088,-2,EXIT
477,25.9005908966,-25.9496974945,28.7005786896,-0.00103871593309,0.824247368651,-0.566228925737,-1,CREATE
477,25.8483009338,15.5437107086,0.196067973971,-0.186224414973,-0.753743768859,0.630230749944,64,ABSORB
478,16.2599239349,-23.2652683258,32.6455726624,-0.00394829516721,0.827079329069,-0.562071342795,-1,CREATE
478,16.0287895203,25.1522102356,-0.258256793022,-0.267182366044,0.0469131497618,0.962503371243,40,REFLECT
478,15.7616071701,25.1991233826,0.704246520996,-0.18853187143,-0.39273194784,0.900120742235,-2,EXIT
479,2.60231375694,-2.21308493614,63.5315704346,-0.000114600051296,0.82589904426,-0.563818016347,-1,CREATE
479,2.60200667381,1.41999862535e-07,62.0207595825,-0.550591590697,-0.512907039188,-0.658616177607,127,ABSORB
480,-25.5162963867,-26.193780899,28.3857212067,-3.60512733258e-05,0.824995534325,-0.565139245712,-1,CREATE
480,-25.5181064606,15.2278585434,0.0110293487087,0.316106659798,-0.263972202629,0.911260256935,114,ABSORB
481,-3.82479858398,-2.88764166832,62.5476722717,-0.00124050908612,0.82784772083,-0.560951523979,-1,CREATE
481,-3.82912564278,2.57450523122e-08,60.5909996033,0.10320647759,-0.642616846686,-0.75920485466,127,ABSORB
482,-0.343447268009,-21.7036342621,34.9497413635,-0.0031547867407,0.827739539009,-0.561103647183,-1,CREATE
482,-0.54025888443,29.934961319,-0.0547533482313,-0.0593850646511,-0.0291824357465,0.997808498431,14,REFLECT
482,-0.599643945694,29.9057788849,0.943055093288,0.207548423925,-0.809846271399,0.548700891587,-2,EXIT
483,12.5107736588,-21.250585556,35.60338974,0.000461290052751,0.827701369279,-0.561168629296,-1,CREATE
483,12.5389556885,29.3169574738,1.31938362122,-0.229223231072,-0.00103759756449,0.973373327007,27,REFLECT
483,12.3097324371,29.3159198761,2.2927570343,-0.173538610007,-0.491276634942,0.853540636875,-2,EXIT
484,0.459944933653,-4.2300658226,60.5753211975,-0.00370137872686,0.82603542912,-0.563606041162,-1,CREATE
484,0.440990447998,2.81685004211e-07,57.6891365051,-0.553670292831,-0.549238587311,-0.625928255509,127,ABSORB
485,-27.6586666107,-27.8747406006,25.9222717285,-0.0037484633099,0.826312937945,-0.563198790488,-1,CREATE
485,-27.8382225037,11.7066411972,-1.05562651157,0.292577748665,0.237544063922,0.926267282528,122,REFLECT
485,-27.5456447601,11.944185257,-0.1293592453,0.438543282178,-0.212935308716,0.873119890942,-2,EXIT
486,3.68672084808,-3.220733881,62.0528717041,-0.00432184614601,0.824952074349,-0.565186161077,-1,CREATE
486,3.66984772682,1.72606178239e-08,59.8463020325,0.55323175351,-0.534114618293,-0.639262232136,127,ABSORB
487,30.1985549927,-25.6119976044,29.1922397614,-0.00268222983171,0.825379483226,-0.564571974431,-1,CREATE
487,30.0655193329,15.325920105,1.19008862972,-0.418598196025,0.206537257054,0.88437430522,56,REFLECT
487,29.6469211578,15.5324573517,2.07446289062,-0.445285420611,-0.230148166192,0.865304984262,-2,EXIT
488,-2.74038767815,-1.20709753036,65.0113983154,0.000344378735697,0.828297791332,-0.560288006545,-1,CREATE
488,-2.73988580704,2.83255161548e-08,64.1948776245,-0.349473342472,-0.558362305869,-0.752396117937,127,ABSORB
489,-16.3979988098,-21.8219089508,34.7897415161,0.00105437721615,0.824815563077,-0.565400897766,-1,CREATE
489,-16.3348445892,27.5822162628,0.923822879791,0.162267662181,-0.00238037075993,0.986743907833,78,REFLECT
489,-16.1725769043,27.5798358917,1.910566926,0.244780377416,-0.48259751493,0.840941261573,-2,EXIT
490,0.473167568445,-5.23813343048,59.0969047546,-0.000354518229356,0.8275698382,-0.561362661047,-1,CREATE
490,0.470923632383,4.15811882704e-08,55.5437393188,0.391037705905,-0.663184941635,-0.638181201345,127,ABSORB
491,13.5951805115,-22.2582359314,34.1246948242,0.000997461477809,0.825573230109,-0.564294113737,-1,CREATE
491,13.6548604965,27.1373538971,0.361923009157,-0.239459982234,0.0182399742732,0.970734886695,33,REFLECT
491,13.4154005051,27.1555938721,1.33265793324,-0.170973734191,-0.429040226151,0.886956857215,-2,EXIT
492,1.54435193539,-2.63352775574,62.9158477783,-0.00326726924787,0.827421764159,-0.561571499586,-1,CREATE
492,1.53395283222,1.11535882752e-08,61.1284713745,0.48966410567,-0.808089251595,-0.327445911678,127,ABSORB
493,4.75790548325,-5.3204665184,58.9725646973,-0.00338129684265,0.825737119623,-0.564045012484,-1,CREATE
493,4.73611879349,5.34429148047e-07,55.3382568359,-0.706422568985,-0.094881733638,0.701401889541,127,ABSORB
494,-4.8827586174,-1.29193973541,64.8887710571,-0.0011178202278,0.82771666563,-0.56114514336,-1,CREATE
494,-4.88450336456,-5.91873288158e-08,64.0129089355,0.185976342954,-0.586162253502,-0.788559834402,127,ABSORB
495,2.34774041176,-22.7946643829,33.3474121094,-0.000681476925629,0.827485018415,-0.561487381771,-1,CREATE
495,2.3059592247,27.938243866,-1.07724475861,-0.0859909118361,0.0027503969228,0.996292125031,26,REFLECT
495,2.21996831894,27.9409942627,-0.0809527039528,0.208818598021,-0.830428671241,0.516510421096,-2,EXIT
496,15.2019577026,-23.685710907,32.0298500061,-0.00496972858146,0.825973436874,-0.563687132527,-1,CREATE
496,14.9123735428,24.443441391,-0.815980911255,-0.254270547366,0.0515956866034,0.965755856242,44,REFLECT
496,14.6581029892,24.4950370789,0.149774968624,-0.233171453201,-0.747276024358,0.622261694814,-2,EXIT
497,0.740963637829,-20.1070976257,37.2902679443,0.009541439492,0.816902534172,-0.576696809941,-1,CREATE
497,1.34366703033,31.4941234589,0.862103819847,-0.0271966531468,-0.468615504001,0.882983494448,10,ABSORB
498,-0.598016858101,-1.96231579781,63.9020233154,0.00147887105559,0.824306792697,-0.566141435027,-1,CREATE
498,-0.594496309757,-8.22276859935e-08,62.5542869568,-0.540298650565,-0.511343947955,-0.66828492059,127,ABSORB
499,-28.716627121,-26.6150608063,27.7705688477,-0.00148844016326,0.827256446448,-0.561822531015,-1,CREATE
499,-28.7898445129,14.078250885,0.134133413434,0.303487786572,0.211196905581,0.92913455994,112,REFLECT
499,-28.4863567352,14.2894477844,1.06326794624,0.481326244965,-0.647104203975,0.591253917624,-2,EXIT
500,-1.40140521526,-22.1240787506,34.3340148926,-0.00152558002037,0.825168784905,-0.564884190807,-1,CREATE
500,-1.49585199356,28.9611034393,-0.637268960476,-0.0392509720561,-0.0195388804744,0.999038334271,18,REFLECT
500,-1.53510296345,28.9415645599,0.361769318581,-0.355716395287,-0.842044557603,0.405495757233,-2,EXIT
501,-25.1460113525,-26.9496936798,27.2768154144,0.000670336336706,0.82525947225,-0.564753356883,-1,CREATE
501,-25.1128616333,13.8613414764,-0.651575446129,0.272735623596,0.204886457416,0.940019584471,119,REFLECT
501,-24.8401260376,14.0662279129,0.288444042206,0.318432199946,-0.263698937584,0.910529408836,-2,EXIT
502,-3.45451068878,-3.64355158806,61.4387664795,0.000457879087705,0.827994717858,-0.560735710961,-1,CREATE
502,-3.45249581337,2.64524516069e-07,58.9712753296,-0.329863746911,-0.62710316779,-0.70564263294,127,ABSORB
503,-15.5053434372,-22.9136390686,33.1878929138,-0.000777003284236,0.826937658932,-0.562293077057,-1,CREATE
503,-15.5511989594,25.8888034821,0.00367969856597,0.144254685793,0.0284919741425,0.989130321563,89,REFLECT
503,-15.4069442749,25.9172954559,0.99281001091,0.576118369995,-0.73670362932,0.354055625999,-2,EXIT
504,26.2708740234,-27.3776550293,26.6060638428,-0.00247216474819,0.828160159557,-0.560486073443,-1,CREATE
504,26.1500988007,13.0813102722,-0.775942325592,-0.377342122607,0.234222349098,0.895964739088,70,REFLECT
504,25.7727565765,13.3155326843,0.120022654533,-0.183078020148,-0.720746033457,0.668586265036,-2,EXIT
505,16.6302070618,-22.6770801544,33.5078811646,-0.000687011345302,0.826808425504,-0.562483204665,-1,CREATE
505,16.5896644592,26.1153678894,0.314058154821,0.212810993958,-0.849537004116,0.482699036138,35,ABSORB
506,29.4844284058,-25.3602581024,29.5620307922,-0.00238792311154,0.82582384065,-0.563923117134,-1,CREATE
506,29.364730835,16.0351734161,1.29469382763,-0.416747958395,0.198703723682,0.887038877033,56,REFLECT
506,28.9479827881,16.233877182,2.18173289299,-0.372447352552,-0.256067564632,0.892027113893,-2,EXIT
507,2.97259783745,-1.62489807606,64.3938751221,-0.00179475581926,0.819498145587,-0.573079024421,-1,CREATE
507,2.96903920174,4.94903815706e-08,63.2575759888,-0.548326297007,-0.500577521737,-0.669895825291,127,ABSORB
508,-27.2883815765,-27.6225757599,26.2917766571,-0.00115777269975,0.826402208439,-0.563079079215,-1,CREATE
508,-27.3443202972,12.3057126999,-0.91384267807,0.2851543053,0.229919403478,0.930496689985,122,REFLECT
508,-27.0591659546,12.5356321335,0.0166541337967,0.280265811473,-0.684845476871,0.672634929014,-2,EXIT
509,-12.8273801804,-22.2405471802,34.1727867126,0.000424821062016,0.826247241043,-0.563307479266,-1,CREATE
509,-12.8019332886,27.2518768311,0.430522620678,0.121418013978,0.00720024196124,0.992575348473,86,REFLECT
509,-12.6805152893,27.2590770721,1.42309784889,0.152336462026,-0.469594687825,0.86964040356,-2,EXIT
510,-2.38332629204,-4.48319387436,60.2064743042,-0.000668751209146,0.825734880044,-0.564058029507,-1,CREATE
510,-2.38695716858,1.20875029097e-07,57.1440124512,0.430246674485,-0.616758887737,-0.659163313217,127,ABSORB
511,14.4878349304,-24.1900253296,31.2908344269,-0.00459381624409,0.825784894359,-0.563966492889,-1,CREATE
511,14.2219047546,23.6136112213,-1.35646808147,-0.246945354904,0.0667724538369,0.966726140693,49,REFLECT
511,13.9749593735,23.6803836823,-0.389741837978,-0.235063761461,-0.746437304949,0.622556325025,-2,EXIT
512,0.0268407072872,-20.6114120483,36.5512542725,0.000357913010432,0.830111690393,-0.557597034937,-1,CREATE
512,0.0495692677796,32.1031951904,1.14215326309,-0.0561650508162,-0.0571136475636,0.996786596182,4,REFLECT
512,-0.00659578293562,32.046081543,2.13893985748,0.352439712405,-0.860404118888,0.368091023145,-2,EXIT
513,24.1285018921,-26.8744564056,27.3458404541,0.000136633529271,0.826705524622,-0.562634834409,-1,CREATE
513,24.1353225708,14.3942775726,-0.740614295006,-0.360856987121,0.21217154118,0.908165993615,68,REFLECT
513,23.7744655609,14.6064491272,0.167551755905,-0.211526330708,-0.701156596414,0.68090824545,-2,EXIT
514,12.8810577393,-21.5024585724,35.2336883545,-0.00158320037204,0.823802692491,-0.566874428178,-1,CREATE
514,12.7851276398,28.4138221741,0.885338485241,-0.230603241599,-0.00224685691862,0.973045269552,32,REFLECT
514,12.5545244217,28.4115753174,1.85838365555,-0.169736661411,-0.45675178794,0.873250977662,-2,EXIT
515,0.830229043961,-3.13784265518,62.1768341064,-0.00376676939011,0.826344841913,-0.563151856689,-1,CREATE
515,0.815925657749,-6.55347776046e-08,60.0384025574,-0.311017372705,-0.613739556867,-0.725666555804,127,ABSORB
516,-11.2206020355,-23.7520275116,31.954744339,-0.00415802741649,0.82568430938,-0.564117126182,-1,CREATE
516,-11.4639492035,24.5708713531,-1.06002235413,0.183902438825,-0.792312900159,0.581738911571,101,ABSORB
517,-0.508751511574,-22.6277656555,33.5945739746,-0.00797988633505,0.829789702726,-0.558019149012,-1,CREATE
517,-1.00110626221,28.5698184967,-0.834911286831,-0.0497852577866,-0.00756645223927,0.998731283633,18,REFLECT
517,-1.05089151859,28.5622520447,0.1638199687,-0.0173845279043,-0.791998644247,0.610275286817,-2,EXIT
518,-2.11553001404,-19.9402008057,37.5374298096,0.00117202638725,0.824242450729,-0.566235824343,-1,CREATE
518,-2.04069948196,32.6853218079,1.38489222527,-0.0308523150928,-0.0751991205744,0.996691139179,2,REFLECT
518,-2.07155179977,32.6101226807,2.38158345222,-0.0359388334365,-0.553053291191,0.832370384717,-2,EXIT
519,-4.52569723129,-5.15607833862,59.2214355469,-0.00431632745043,0.826842792263,-0.562416541542,-1,CREATE
519,-4.55261325836,1.17891602258e-07,55.7142829895,0.38171200814,-0.290557143845,0.877423779597,127,ABSORB
520,-1.31213986874,-2.46663093567,63.1630096436,0.00312749765429,0.82568336858,-0.564125157752,-1,CREATE
520,-1.30279684067,1.35274603963e-07,61.4777526855,0.510619163402,-0.530056161401,-0.676984885893,127,ABSORB
521,25.5567512512,-27.8819713593,25.8670482635,-0.00420280891659,0.826060925569,-0.563565154747,-1,CREATE
521,25.3534240723,12.0819292068,-1.39760148525,-0.371721167323,0.245879106883,0.895190950894,75,REFLECT
521,24.9817028046,12.3278083801,-0.502410292625,-0.431593572086,-0.622749682737,0.652617668459,-2,EXIT
522,1.45508658886,-21.618927002,35.0724601746,0.00185980929838,0.824249354141,-0.566223933888,-1,CREATE
522,1.5707410574,29.6380062103,-0.138853266835,-0.0713986175096,-0.0319767005781,0.99693516742,15,REFLECT
522,1.49934244156,29.6060295105,0.858081877232,0.203623786051,-0.807056902853,0.554253109428,-2,EXIT
523,14.3093042374,-21.1658782959,35.7261161804,-0.00160490386735,0.826612922442,-0.562768603189,-1,CREATE
523,14.2116737366,29.1191482544,1.49142980576,-0.249259994122,0.00294494682536,0.968432125974,28,REFLECT
523,13.9624137878,29.1220932007,2.45986175537,-0.171905138563,-0.488625741862,0.855390850854,-2,EXIT
524,2.25847506523,-4.1453576088,60.6980400085,-0.00266078966801,0.825385509184,-0.564563266098,-1,CREATE
524,2.24511170387,4.64956713131e-08,57.8626174927,-0.484061343418,-0.596299172692,-0.640399806727,127,ABSORB
525,-16.2194690704,-22.7459068298,33.4344863892,-0.0119242615959,0.829499003196,-0.558380887641,-1,CREATE
525,-16.9255981445,26.3752365112,0.368373572826,0.14615249534,0.0212306974869,0.989034228725,83,REFLECT
525,-16.7794456482,26.3964672089,1.3574078083,0.181004670377,-0.409468899895,0.894188195695,-2,EXIT
526,-4.168633461,-2.13172149658,63.6565704346,-0.0022616360834,0.824021488886,-0.566554031719,-1,CREATE
526,-4.17448425293,9.65383151197e-09,62.1909103394,-0.445507550007,-0.549738856828,-0.706618859203,127,ABSORB
527,-24.7889499664,-25.4374427795,29.4943370819,-0.00140299541952,0.827084377607,-0.562076030375,-1,CREATE
527,-24.8609714508,17.0201759338,0.640679061413,0.264923069097,0.165101988424,0.950030052619,110,REFLECT
527,-24.5960483551,17.1852779388,1.59070920944,0.644779261972,-0.582547346279,0.494871996252,-2,EXIT
528,18.594045639,-21.8362541199,34.7393684387,-0.00195803737964,0.827995726865,-0.560730989319,-1,CREATE
528,18.4774131775,27.4841423035,1.33886432648,-0.291423734056,0.0231018016028,0.956315070461,31,REFLECT
528,18.1859893799,27.5072441101,2.29517960548,-0.0743946011566,-0.854665821366,0.5138207636,-2,EXIT
529,13.7737112045,-23.1822319031,32.7694358826,-0.00034238670164,0.824266324511,-0.566202180364,-1,CREATE
529,13.7535591125,25.3321838379,-0.555919229984,0.213095351037,-0.847417142778,0.486286497336,43,ABSORB
530,26.6279373169,-25.8654079437,28.8235874176,0.000727753486668,0.827921456907,-0.560843589219,-1,CREATE
530,26.6646404266,15.8895168304,0.538317501545,-0.384420335845,0.202712981556,0.900626699858,59,REFLECT
530,26.2802200317,16.0922298431,1.43894433975,-0.366982638401,-0.237325608908,0.899444438789,-2,EXIT
531,0.116106078029,-0.827955543995,65.5650482178,0.00131216953771,0.825908152308,-0.563803159057,-1,CREATE
531,0.117421500385,3.23842641592e-09,64.9998474121,-0.279720208467,-0.56004470261,-0.779811859395,127,ABSORB
532,-11.9347267151,-24.1303329468,31.4005298615,0.00199693473655,0.82488017138,-0.565304090836,-1,CREATE
532,-11.8187475204,23.7775611877,-1.43154621124,0.106887825381,0.0508461036582,0.992970123684,101,REFLECT
532,-11.7118597031,23.8284072876,-0.438576161861,-0.271149621979,-0.843097245249,0.464397370313,-2,EXIT
533,-28.0025043488,-26.824798584,27.4623756409,0.000596900961158,0.826935596555,-0.562296330113,-1,CREATE
533,-27.9731903076,13.7863340378,-0.152218446136,0.300615291008,0.210735307262,0.930172606071,112,REFLECT
533,-27.6725749969,13.9970693588,0.777954220772,0.186127160476,-0.735370350955,0.651603504495,-2,EXIT
534,-18.3618392944,-22.7887439728,33.3734550476,0.00305305187051,0.825356567637,-0.564603591143,-1,CREATE
534,-18.1823253632,25.7407302856,0.175784468651,0.177389171989,0.0308418321028,0.983657391094,87,REFLECT
534,-18.0049362183,25.771572113,1.15944170952,0.307470907906,-0.441442961287,0.842964858533,-2,EXIT
535,3.32965946198,-4.85899114609,59.6505508423,-0.00343000358174,0.8260904345,-0.563527132535,-1,CREATE
535,3.30948448181,3.19139189742e-07,56.3359336853,-0.205560452673,-0.702839447653,-0.681000448692,127,ABSORB
536,-2.82965302467,-20.9905548096,35.9976081848,-0.00214022348367,0.825526773854,-0.564358897417,-1,CREATE
536,-2.9644920826,31.0195522308,0.441684871912,-0.0289769169822,-0.0509853358028,0.998278935877,7,REFLECT
536,-2.99346899986,30.9685668945,1.4399638176,0.104406254134,-0.467915474514,0.877584436284,-2,EXIT
537,4.4008436203,-2.17037987709,63.5926933289,0.00309228862147,0.827497912815,-0.561460276456,-1,CREATE
537,4.40895414352,1.33856019602e-08,62.1200828552,-0.603156899986,-0.490378920405,-0.629070956588,127,ABSORB
538,-26.9313182831,-25.4802837372,29.4333057404,-0.00134593436435,0.828346221315,-0.560214892781,-1,CREATE
538,-26.9998836517,16.7178096771,0.894513905048,0.28771592306,0.172838217784,0.941990710194,104,REFLECT
538,-26.7121677399,16.8906478882,1.83650457859,0.647432048254,-0.581523097108,0.49260798859,-2,EXIT
539,16.4516773224,-21.8790931702,34.6783370972,0.000788260658979,0.827091033984,-0.562067433808,-1,CREATE
539,16.4988288879,27.5951976776,1.05702269077,-0.270120589627,0.0166931133124,0.962681778693,30,REFLECT
539,16.2287082672,27.6118907928,2.01970458031,-0.259940560106,-0.433688113495,0.862754614838,-2,EXIT
540,-2.02626466751,-2.84493660927,62.608795166,-0.000422410518901,0.826977225782,-0.562235261796,-1,CREATE
540,-2.02771782875,2.39569942551e-07,60.6746139526,-0.311558085547,-0.606577191735,-0.731433981845,127,ABSORB
541,-14.0770978928,-23.4591217041,32.3867073059,-0.00491260773968,0.826495129901,-0.562922433853,-1,CREATE
541,-14.3649272919,24.9651794434,-0.59488505125,0.129708298585,0.0414352444097,0.990686064199,94,REFLECT
541,-14.2352190018,25.0066146851,0.395800948143,0.553991270482,-0.718840872661,0.419954130856,-2,EXIT
542,24.4855632782,-25.2362003326,29.7481632233,-0.000261566590906,0.826721878613,-0.562610759767,-1,CREATE
542,24.472038269,17.5116939545,0.65684980154,-0.367794050546,0.17226219818,0.913812492507,57,REFLECT
542,24.1042442322,17.6839561462,1.57066226006,-0.441727077439,-0.70966962277,0.548859012476,-2,EXIT
543,-1.22287452221,-23.0060710907,33.0403594971,0.00181541494456,0.826848889287,-0.562421210974,-1,CREATE
543,-1.11178398132,27.5912265778,-1.37583649158,-0.0420907738329,-0.00102233887327,0.999113267644,23,REFLECT
543,-1.15387475491,27.5902042389,-0.376723229885,0.0779722510366,-0.78617023688,0.613071518432,-2,EXIT
544,3.59745550156,-20.3159980774,36.9815063477,-0.00455106144442,0.826377912792,-0.56309753426,-1,CREATE
544,3.30881309509,32.0954475403,1.26811742783,-0.0964601077596,-0.0619773888975,0.993405380938,6,REFLECT
544,3.2123529911,32.0334701538,2.26152276993,-0.0270284632308,-0.480276567129,0.876700565326,-2,EXIT
545,1.30630970001,-1.83556342125,64.0863189697,-0.00231063722098,0.825225733527,-0.564798326556,-1,CREATE
545,1.3011701107,8.46134469157e-08,62.8300285339,-0.540216769604,-0.508988369384,-0.670146761292,127,ABSORB
546,-26.812297821,-26.4883079529,27.9548625946,-0.00210229780711,0.824025696827,-0.566548525117,-1,CREATE
546,-26.9164390564,14.3313388824,-0.110173240304,0.28592100721,0.191620766678,0.938898641715,113,REFLECT
546,-26.6305179596,14.5229597092,0.82872569561,0.274862815455,-0.685832422493,0.673857789847,-2,EXIT
547,-12.3512973785,-21.1062774658,35.8358764648,-0.000591814377347,0.825283521799,-0.564718300043,-1,CREATE
547,-12.3873653412,29.1903972626,1.41927671432,0.206890730838,-0.821569423947,0.531243736084,81,ABSORB
548,0.502921402454,-21.9973258972,34.5183143616,-0.00470420355605,0.826753929021,-0.562544052779,-1,CREATE
548,0.210999503732,29.3073368073,-0.390661418438,-0.0616213857295,-0.025436402563,0.997775422751,19,REFLECT
548,0.149378120899,29.2819004059,0.607113957405,0.366746278256,-0.83270613177,0.41484655657,-2,EXIT
549,24.6045837402,-26.2442245483,28.2697200775,-0.00425386720916,0.825868621052,-0.563846544173,-1,CREATE
549,24.3897323608,15.4681758881,-0.208650738001,-0.369239747624,0.199274030996,0.90771794592,63,REFLECT
549,24.0204925537,15.6674499512,0.699067354202,-0.67963413982,-0.625291558024,0.383546481479,-2,EXIT
550,-22.5275592804,-27.1586856842,26.9681148529,-0.000350138729874,0.824788960074,-0.565440579321,-1,CREATE
550,-22.5449638367,13.839594841,-1.13857984543,0.243032472785,0.199838652564,0.949210055843,126,REFLECT
550,-22.3019313812,14.0394334793,-0.189369857311,0.318547199937,-0.265511642589,0.909962223975,-2,EXIT
551,-0.836057245731,-3.85254454613,61.130065918,0.0025041745615,0.827774615922,-0.561055179413,-1,CREATE
551,-0.824402570724,3.11704297928e-08,58.5188598633,-0.329823403113,-0.632239900466,-0.701062929427,127,ABSORB
552,-12.8868894577,-23.1226329803,32.8791923523,-0.00347450271571,0.825276985673,-0.564717473387,-1,CREATE
552,-13.0917425156,25.5348377228,-0.415961146355,0.120333678111,0.0313472764843,0.992238456304,95,REFLECT
552,-12.971408844,25.5661849976,0.576277256012,0.403918557811,-0.750910080845,0.522478563333,-2,EXIT
553,12.8215465546,-22.3845462799,33.9400978088,-0.00109312201397,0.824980775017,-0.565159734887,-1,CREATE
553,12.7561569214,26.9651050568,0.132721066475,-0.227508555522,0.0214252481906,0.973540351451,37,REFLECT
553,12.5286483765,26.986530304,1.10626137257,-0.242771769179,-0.473768541601,0.846525390688,-2,EXIT
554,-4.04961252213,-5.36590719223,58.9133071899,0.00392470495415,0.826274278768,-0.563254305742,-1,CREATE
554,-4.02412509918,-1.35266645884e-07,55.2554779053,0.107581891417,-0.137160311087,0.984689385391,127,ABSORB
555,-2.97842812538,-1.33319962025,64.8266677856,0.000320406095702,0.824890042136,-0.56529312372,-1,CREATE
555,-2.97791028023,7.99925174988e-08,63.9130325317,-0.349494555802,-0.561622332573,-0.749955939386,127,ABSORB
556,-16.6360397339,-21.9480113983,34.6050071716,-0.00114767465352,0.826092133852,-0.56353391134,-1,CREATE
556,-16.7046852112,27.4627590179,0.89854323864,0.160572062245,0.001274108968,0.98702329733,78,REFLECT
556,-16.5441131592,27.4640331268,1.88556647301,0.245247044452,-0.469998560269,0.847912283513,-2,EXIT
557,0.235125273466,-4.69218683243,59.8977737427,-0.00390186889312,0.824980937127,-0.565147085984,-1,CREATE
557,0.212932884693,-3.97633925786e-08,56.6834259033,0.430307381832,-0.621491623193,-0.654663057948,127,ABSORB
558,17.1062870026,-24.3990192413,30.9821357727,0.00126148850743,0.824400272336,-0.566005830023,-1,CREATE
558,17.1783351898,22.6854724884,-1.34451150894,-0.270645196592,0.0783138434265,0.959488467617,51,REFLECT
558,16.9076900482,22.7637863159,-0.385023236275,-0.243010275483,-0.742610417192,0.624079942225,-2,EXIT
559,2.64529037476,-20.8204059601,36.2425537109,-0.00146309262499,0.824692095251,-0.565580062759,-1,CREATE
559,2.55324101448,31.0644702911,0.659514009953,-0.0918896233513,-0.0521736165029,0.994401433457,11,REFLECT
559,2.46135139465,31.0122966766,1.65391540527,-0.434439938176,-0.806391041711,0.401242355647,-2,EXIT
560,-27.8834838867,-25.3126430511,29.6799602509,0.00238796878611,0.825239515813,-0.564777867081,-1,CREATE
560,-27.7621803284,16.6077079773,0.99048769474,0.305044195347,0.165523540531,0.937843268577,103,REFLECT
560,-27.4571361542,16.7732315063,1.92833089828,0.646485661927,-0.579183907436,0.496590666737,-2,EXIT
561,15.4995069504,-21.7114524841,34.9249916077,0.000697219543568,0.827301356138,-0.561757937209,-1,CREATE
561,15.5414409637,28.0462837219,1.13826680183,-0.255150795549,0.013458251983,0.966807605982,29,REFLECT
561,15.2862901688,28.0597419739,2.10507440567,-0.172703756994,-0.458203409164,0.871907706211,-2,EXIT
562,3.4486784935,-3.34683609009,61.8681335449,-0.00291494560533,0.828001026843,-0.560719005064,-1,CREATE
562,3.43689608574,1.96195230728e-07,59.6016693115,-0.0594937676873,-0.655786137675,-0.752598852803,127,ABSORB
563,1.39557504654,-22.5010128021,33.7788658142,0.0013632870574,0.826523278872,-0.562900889084,-1,CREATE
563,1.47945797443,28.354888916,-0.856374382973,0.203167599753,-0.823259873536,0.53006236146,20,ABSORB
564,14.249792099,-23.3920612335,32.4613075256,0.000483509842558,0.828401150027,-0.560135073757,-1,CREATE
564,14.2782230377,25.3188858032,-0.475283533335,-0.193055474367,-0.390155024851,0.900282533653,44,ABSORB
565,0.592186748981,-2.33987832069,63.3473014832,0.0030617825707,0.826039210207,-0.563604337003,-1,CREATE
565,0.600859701633,9.76359331162e-08,61.7508087158,0.442987141803,-0.561175143951,-0.699174406002,127,ABSORB
566,18.5345344543,-22.71833992,33.4457740784,-0.00260857938676,0.824995434038,-0.565133372869,-1,CREATE
566,18.3817691803,25.5955638885,0.350076466799,-0.33359162495,-0.762992761717,0.553677409084,36,ABSORB
567,-2.35357046127,-21.8304290771,34.7654762268,-0.00428380849769,0.826594467949,-0.562781693501,-1,CREATE
567,-2.62039279938,29.6550350189,-0.288081228733,-0.0266218196385,-0.0292072308167,0.999218803059,12,REFLECT
567,-2.64701461792,29.6258277893,0.711137533188,0.105528278049,-0.438891025316,0.892321943263,-2,EXIT
568,4.87692451477,-1.66615784168,64.3317718506,0.00120935341903,0.824528061359,-0.565819771213,-1,CREATE
568,4.87936830521,8.92248408491e-08,63.1883964539,-0.603513487894,-0.481046108184,-0.635897878382,127,ABSORB
569,-26.4552364349,-24.9760608673,30.1723842621,0.00316104651788,0.826546676954,-0.562859306223,-1,CREATE
569,-26.2922821045,17.6330432892,1.15656280518,0.287027350871,0.159568782097,0.944538566514,105,REFLECT
569,-26.0052547455,17.7926120758,2.10110139847,0.365108158151,-0.330686084074,0.870254414899,-2,EXIT
570,-1.55018019676,-4.35685968399,60.3910522461,0.00311853866146,0.826478337357,-0.562959885424,-1,CREATE
570,-1.53374052048,3.06376819026e-07,57.4233551025,-0.349065239599,-0.646997279934,-0.677899681562,127,ABSORB
571,-13.6010131836,-22.3668575287,33.988193512,0.00153680870544,0.825345586038,-0.564625806909,-1,CREATE
571,-13.5093374252,26.8677558899,0.306383371353,0.129229547895,0.00988006609395,0.991565483589,85,REFLECT
571,-13.3801078796,26.8776359558,1.29794883728,0.550825882253,-0.750629046847,0.364892972622,-2,EXIT
572,26.0328330994,-26.8317108154,27.4069347382,6.37234906745e-05,0.824167012171,-0.566346830122,-1,CREATE
572,26.0359745026,13.7975902557,-0.512498497963,-0.379972410925,0.219197246164,0.898650952378,70,REFLECT
572,25.6560020447,14.016787529,0.386152565479,-0.184307110131,-0.732545493291,0.655292293113,-2,EXIT
573,16.3921642303,-22.8031845093,33.3231430054,-0.0224797603059,0.812296158074,-0.582811815215,-1,CREATE
573,15.0798168182,24.6179065704,-0.7008664608,-0.273840958327,0.0347347328132,0.961147557807,44,REFLECT
573,14.805975914,24.6526412964,0.260280907154,0.241674315355,-0.839124981066,0.487301540576,-2,EXIT
574,29.2463855743,-25.4863586426,29.3772926331,0.00316369882184,0.825280119019,-0.564714721041,-1,CREATE
574,29.4043865204,15.7296504974,1.17439937592,-0.410453829328,0.203162209604,0.888961624919,56,REFLECT
574,28.993932724,15.9328126907,2.06336092949,-0.372688023121,-0.241440642177,0.895996681761,-2,EXIT
575,2.73455572128,-1.07895171642,65.1947555542,0.0253432064516,0.833783734815,-0.551509207036,-1,CREATE
575,2.76735091209,2.2800442423e-08,64.4810791016,-0.408230425181,-0.537754141994,-0.737677709251,127,ABSORB
576,-15.7433834076,-24.3838367462,31.0319404602,0.00339756098337,0.826189523698,-0.563382044008,-1,CREATE
576,-15.5477895737,23.178981781,-1.40134167671,-0.167849160755,-0.857563880318,0.486220989272,98,ABSORB
577,-25.3840503693,-27.07579422,27.0920772552,0.000487824766981,0.824308024952,-0.566141362229,-1,CREATE
577,-25.3600482941,13.4820137024,-0.763350486755,0.319010507513,-0.253996248466,0.913081706016,119,ABSORB
578,-3.6925508976,-3.76965332031,61.2540283203,0.000976588360017,0.828019603784,-0.560698298575,-1,CREATE
578,-3.68810486794,1.70106659425e-07,58.701385498,0.0683546646108,-0.991276053715,0.112691726211,127,ABSORB
579,-3.33548951149,-5.11361074448,59.2827186584,0.000845285498721,0.827085585181,-0.56207536886,-1,CREATE
579,-3.33026337624,1.49416791828e-07,55.8075828552,0.0818066298994,-0.722563507808,-0.686447122864,127,ABSORB
580,-0.925322592258,-21.2418289185,35.6274986267,-0.00146827560624,0.823901449791,-0.56673119307,-1,CREATE
580,-1.01724374294,30.3383846283,0.147386327386,-0.0478156808751,-0.0372161868124,0.998162620068,13,REFLECT
580,-1.06505942345,30.3011684418,1.1455489397,0.0134914415702,-0.472943963331,0.880989210237,-2,EXIT
581,-0.121934264898,-2.76018738747,62.7314872742,0.00320904249384,0.825894004921,-0.563816277418,-1,CREATE
581,-0.111209452152,-2.07197530244e-08,60.8471794128,-0.311961770775,-0.604557975626,-0.732932130338,127,ABSORB
582,-12.1727666855,-23.3743724823,32.5094032288,0.00271646729964,0.824854977601,-0.565337851848,-1,CREATE
582,-12.0130605698,25.1203708649,-0.727850317955,0.211055583064,-0.798728402864,0.563461160432,96,ABSORB
583,0.681452155113,-22.9213237762,33.1630554199,0.00245145478113,0.825309503707,-0.564675316851,-1,CREATE
583,0.831272363663,27.5173149109,-1.34697282314,-0.0636008380744,0.00241851806223,0.997972486678,25,REFLECT
583,0.767671525478,27.519733429,-0.34900033474,0.172723152334,-0.83443415811,0.523341521788,-2,EXIT
584,11.3933000565,-23.8132076263,31.8460617065,-1.47263786153e-05,0.824964740686,-0.565184196885,-1,CREATE
584,11.3924360275,24.5892829895,-1.31453466415,-0.212090515157,0.0509567315782,0.975920603783,47,REFLECT
584,11.1803455353,24.6402397156,-0.338614165783,-0.236846648254,-0.745959077798,0.622453789017,-2,EXIT
585,-3.06769347191,-20.2345943451,37.1064834595,-0.000749935161885,0.825902263269,-0.563812813906,-1,CREATE
585,-3.1154665947,32.3778610229,1.18991339207,-0.0216605663175,-0.066467285118,0.997553467176,2,REFLECT
585,-3.13712716103,32.3113937378,2.18746685982,0.1052568116,-0.525049242825,0.844537918758,-2,EXIT
586,4.16280174255,-4.10261201859,60.7591323853,0.00249330591278,0.82647203068,-0.562972260355,-1,CREATE
586,4.17517852783,2.34607853145e-08,57.9645347595,-0.724822952115,-0.235133322168,0.64756776394,127,ABSORB
587,-2.26430511475,-2.08897519112,63.717666626,-0.00189576199726,0.827741102665,-0.561107006768,-1,CREATE
587,-2.26908946037,-1.34961283038e-07,62.3015975952,0.154961017081,-0.612526735018,-0.77511165781,127,ABSORB
588,3.35941314697,-22.2482299805,34.1479492188,-0.000419786674231,0.827351451812,-0.561684430052,-1,CREATE
588,3.33349847794,28.8266143799,-0.526486635208,-0.0892202936419,-0.0121459972136,0.995937856472,21,REFLECT
588,3.24427819252,28.8144683838,0.469451129436,-0.0177076208563,-0.468991146142,0.883025336558,-2,EXIT
589,2.02043271065,-3.59941148758,61.4989128113,-0.00218971073844,0.827715273122,-0.561144038378,-1,CREATE
589,2.01091051102,3.72953934402e-08,59.0587158203,-0.47210589796,-0.584674281832,-0.659751472356,127,ABSORB
590,-16.4575099945,-22.8720092773,33.2497444153,-0.000793391281408,0.828398787481,-0.560138214578,-1,CREATE
590,-16.504360199,26.0454082489,0.173265635967,0.153675086704,0.0319290176422,0.987605440223,88,REFLECT
590,-16.3506851196,26.077337265,1.1608710289,0.171892781829,-0.407786819054,0.89675123739,-2,EXIT
591,-4.40667581558,-2.25782322884,63.4718360901,-0.00295455012697,0.826722074812,-0.562602774302,-1,CREATE
591,-4.41474485397,8.56328910004e-08,61.9353370667,0.58814869147,-0.498847277138,-0.636578754605,127,ABSORB
592,25.4377326965,-25.3198337555,29.624710083,0.00224666363791,0.828040273846,-0.560664121727,-1,CREATE
592,25.553150177,17.2189426422,0.821804642677,-0.375419503764,0.185750905426,0.908051098412,58,REFLECT
592,25.1777305603,17.4046936035,1.72985601425,-0.371838009563,-0.268967703319,0.888477838337,-2,EXIT
593,-1.07409954071,-1.58447444439,64.4565505981,0.000647906866859,0.826853321953,-0.562417250973,-1,CREATE
593,-1.07285797596,1.01295981381e-07,63.3788070679,-0.349339263754,-0.567769665437,-0.745385595386,127,ABSORB
594,-14.731710434,-22.1992855072,34.2348976135,0.00354880558484,0.825409494823,-0.564523313809,-1,CREATE
594,-14.5197381973,27.1029071808,0.515589356422,0.142319672407,0.00699996914533,0.989795994778,85,REFLECT
594,-14.3774185181,27.1099071503,1.50538539886,0.240851328809,-0.46250667572,0.853274992207,-2,EXIT
595,2.13945579529,-4.60743761063,60.0204696655,0.00134383742087,0.825665340318,-0.564158612358,-1,CREATE
595,2.14695477486,3.28893065671e-07,56.8723106384,-0.136697962079,-0.704411825139,-0.696503874912,127,ABSORB
596,-1.87748777866,-20.7381649017,36.3669586182,-0.00594804576048,0.826521177077,-0.562874199618,-1,CREATE
596,-2.25381374359,31.5548725128,0.754560053349,-0.0339751223995,-0.0542011229723,0.997951867239,7,REFLECT
596,-2.28778886795,31.5006713867,1.75251197815,0.358731584174,-0.856172675987,0.371860187985,-2,EXIT
597,22.2241725922,-27.0012073517,27.1615447998,0.0013385853085,0.825908976195,-0.563801890055,-1,CREATE
597,22.2914390564,14.5022935867,-1.17057526112,-0.691851289731,-0.569443616299,0.443932157829,72,ABSORB
598,-25.9791545868,-25.2278938293,29.8026542664,-0.0021226462552,0.826566859547,-0.56283454147,-1,CREATE
598,-26.0880775452,17.1871376038,0.920967936516,0.278623604212,0.157526029397,0.947393496515,105,REFLECT
598,-25.8094539642,17.34466362,1.86836135387,0.645116543968,-0.581790274434,0.495322845498,-2,EXIT
599,17.4038410187,-21.6267051697,35.0476875305,0.00304043915669,0.827584733564,-0.561332579228,-1,CREATE
599,17.5859165192,27.9328804016,1.43250727654,-0.276128750598,0.0134963980302,0.961025889523,30,REFLECT
599,17.3097877502,27.9463768005,2.39353322983,-0.574424852197,-0.741784160494,0.3461103125,-2,EXIT
600,-24.9079704285,-26.5715713501,27.8311538696,-0.00415597095844,0.827672402807,-0.561196152461,-1,CREATE
600,-25.1158351898,14.8252353668,-0.237594798207,0.263622341852,0.189306300745,0.945868059179,115,REFLECT
600,-24.8522129059,15.014541626,0.708273053169,0.320464691581,-0.270759641122,0.907739829571,-2,EXIT
601,-3.21647024155,-3.26543140411,61.993106842,0.00177332231737,0.825245426491,-0.56477149484,-1,CREATE
601,-3.20945334435,-3.44176243061e-08,59.7583503723,-0.311444656878,-0.616791439426,-0.722890410749,127,ABSORB
602,-15.2673034668,-23.8796157837,31.7710208893,-0.00218551468044,0.825674633782,-0.564142377999,-1,CREATE
602,-15.3941898346,24.0573101044,-0.981894433498,0.143373493134,0.0600852982042,0.987843002914,98,REFLECT
602,-15.2508163452,24.117395401,0.00594854354858,0.555693792465,-0.717558911202,0.419897151658,-2,EXIT
603,23.2953605652,-25.6566944122,29.1324748993,0.0020904881184,0.825548460901,-0.564327359397,-1,CREATE
603,23.4028873444,16.8063869476,0.105616137385,-0.353229667308,0.182952955756,0.917473170242,62,REFLECT
603,23.0496578217,16.9893398285,1.02308893204,-0.44481199498,-0.694290760513,0.565776129745,-2,EXIT
604,-2.41308188438,-22.7545185089,33.4102783203,-0.000916577393779,0.826260152138,-0.563287955557,-1,CREATE
604,-2.46940493584,28.0186004639,-1.20337975025,-0.0266635429716,-0.0022468567887,0.999641939452,22,REFLECT
604,-2.49606847763,28.0163536072,-0.203737854958,0.427736507101,-0.801408637778,0.418073768356,-2,EXIT
605,26.5089168549,-26.3274898529,28.1460132599,0.000889216838873,0.826174691998,-0.563413336366,-1,CREATE
605,26.5532169342,14.8318796158,0.0772066265345,-0.375757138573,0.20835299889,0.902992580626,64,REFLECT
605,26.1774597168,15.0402326584,0.98019939661,-0.184315832729,-0.765902032193,0.615972199769,-2,EXIT
606,16.8682498932,-23.6430568695,32.0910072327,0.00303247392,0.825626828577,-0.564208422515,-1,CREATE
606,17.0439720154,24.1993656158,-0.60305839777,-0.269371006354,0.061531060873,0.961068774586,46,REFLECT
606,16.7746009827,24.2608966827,0.358010470867,-0.241487851419,-0.745024783303,0.621789104022,-2,EXIT
607,2.40725183487,-20.0644435883,37.3514289856,0.00107113230207,0.824926638725,-0.565238793253,-1,CREATE
607,2.47538399696,32.4071655273,1.3979421854,-0.0864908884866,-0.0684929044225,0.993895391001,6,REFLECT
607,2.38889312744,32.3386726379,2.39183735847,0.0117496659411,-0.499436542031,0.86627079244,-2,EXIT
608,3.21064019203,-2.59087467194,62.9770050049,-0.000519787697289,0.824235967995,-0.566246235205,-1,CREATE
608,3.20900630951,-7.13716161727e-08,61.1970863342,-0.589404612954,-0.504600659845,-0.630856858814,127,ABSORB
609,-27.0503387451,-25.9056091309,28.8096313477,-0.00151983993226,0.826823690519,-0.562459131745,-1,CREATE
609,-27.1268444061,15.7150192261,0.496578931808,0.292394699519,0.183531799746,0.938520867203,108,REFLECT
609,-26.8344497681,15.8985509872,1.43509960175,0.373250835555,-0.320274271099,0.870694093829,-2,EXIT
610,-2.1452858448,-5.28640890121,59.0282974243,-0.00342402939112,0.825283889162,-0.564707692804,-1,CREATE
610,-2.16721868515,9.66600737229e-08,55.411026001,0.0826451956823,-0.72768999633,-0.680908981341,127,ABSORB
611,0.264882981777,-21.4146270752,35.3730812073,-0.00286999014708,0.827349059431,-0.56168077857,-1,CREATE
611,0.0852191895247,30.378118515,0.211392998695,-0.060522124649,-0.028976442442,0.997746179252,14,REFLECT
611,0.0246970690787,30.3491420746,1.20913910866,0.0151390671528,-0.497445827709,0.867362932768,-2,EXIT
612,1.06827127934,-3.94105768204,60.9986610413,-0.00170741481885,0.826011062285,-0.563651319272,-1,CREATE
612,1.06012487411,3.17054627885e-07,58.3093719482,0.546086695109,-0.548670965134,-0.633047781328,127,ABSORB
613,27.9371623993,-27.0042285919,27.1523246765,0.00247705914436,0.826427716078,-0.563037382663,-1,CREATE
613,28.0576324463,13.1885080338,-0.230606451631,-0.392129880903,0.22560976948,0.891815221006,66,REFLECT
613,27.6655025482,13.4141178131,0.661208808422,-0.340662240001,-0.246794257419,0.907216530241,-2,EXIT
614,4.63888597488,-3.26761579514,61.9833183289,0.00132237883885,0.826057291381,-0.563584601165,-1,CREATE
614,4.64411687851,7.51523430154e-08,59.7539596558,-0.745291240121,-0.10636006701,0.658200959848,127,ABSORB
615,-1.78822243214,-0.917955219746,65.4346542358,0.00202452570235,0.82637636766,-0.563114553416,-1,CREATE
615,-1.78597354889,1.64357416566e-08,64.809135437,-0.279717439625,-0.562084439488,-0.778343906545,127,ABSORB
616,-13.8390550613,-24.2203330994,31.2701377869,-0.00265574022928,0.824600689214,-0.5657089803,-1,CREATE
616,-13.9924955368,23.4225502014,-1.41478145123,0.128726008551,0.0577278150647,0.989998542469,99,REFLECT
616,-13.8637695312,23.4802780151,-0.424782931805,-0.0647340158404,-0.782381407948,0.619426218116,-2,EXIT
617,-17.5882053375,-21.5336036682,35.2135620117,-0.00245968010209,0.824821792079,-0.565387443516,-1,CREATE
617,-17.7358837128,27.9884223938,1.26788794994,0.175653452803,0.00305175772843,0.98444733292,77,REFLECT
617,-17.5602302551,27.9914741516,2.25233530998,0.247040643732,-0.483153085452,0.839960723107,-2,EXIT
618,-0.717038035393,-4.94982719421,59.5207252502,-0.00180578630281,0.828088963337,-0.560593799409,-1,CREATE
618,-0.727831959724,-2.98175706348e-07,56.1698265076,0.0824386295668,-0.717750174295,-0.691403326326,127,ABSORB
619,1.69312894344,-21.0780448914,35.8655052185,-0.00173020630276,0.825086597764,-0.565003639437,-1,CREATE
619,1.58458340168,30.6842632294,0.419659227133,-0.0724778159029,-0.0431785573771,0.996434934346,10,REFLECT
619,1.51210558414,30.641084671,1.41609418392,0.205197520897,-0.828176363347,0.521553342057,-2,EXIT
620,14.5473461151,-21.9690933228,34.5479431152,0.00232633418478,0.827544352519,-0.561395522589,-1,CREATE
620,14.6870422363,27.7248573303,0.836201488972,-0.242822637627,0.0189857475508,0.969884894225,33,REFLECT
620,14.4442195892,27.7438430786,1.80608642101,-0.173087797647,-0.444410816368,0.878942342023,-2,EXIT
621,2.4965171814,-2.93242788315,62.4766921997,-0.00246021183061,0.825630581858,-0.564205715726,-1,CREATE
621,2.48777914047,1.70333578353e-08,60.4727783203,-0.449022780064,-0.572525514666,-0.685997870288,127,ABSORB
622,-15.981426239,-23.5491199493,32.256313324,0.00233266460021,0.828243982583,-0.560362796758,-1,CREATE
622,-15.8450345993,24.8785686493,-0.50827729702,0.150700585334,0.0440750169395,0.987596439069,93,REFLECT
622,-15.6943340302,24.9226436615,0.479319036007,0.167481064777,-0.377474010648,0.910748848051,-2,EXIT
623,-3.93059325218,-1.5908396244,64.4496154785,3.41177352258e-05,0.827815948284,-0.560999781285,-1,CREATE
623,-3.93052768707,-5.8666010716e-08,63.3715248108,0.185848216151,-0.593587874767,-0.783015884566,127,ABSORB
624,3.29990553856,-23.0935630798,32.9082565308,-0.0017180242439,0.828218847957,-0.560402166557,-1,CREATE
624,3.19506931305,27.4455013275,-1.28826200962,-0.0929043290297,0.00518226622028,0.995661553825,26,REFLECT
624,3.10216498375,27.4506835938,-0.2926004529,-0.415000747467,-0.785596124551,0.458926038368,-2,EXIT
625,-24.550907135,-24.8965625763,30.2873802185,-0.000242721817086,0.823893420286,-0.566744715984,-1,CREATE
625,-24.5634918213,17.8208179474,0.902693927288,0.266607375854,0.14730649271,0.952481655648,106,REFLECT
625,-24.2968845367,17.9681243896,1.85517525673,0.597414879871,-0.654256812663,0.463727812831,-2,EXIT
626,14.0117540359,-23.9854469299,31.5912628174,-0.00321705803513,0.826265760114,-0.56327128828,-1,CREATE
626,13.8245716095,24.0902881622,-1.18231022358,-0.241369255501,0.0682468437108,0.96803060428,49,REFLECT
626,13.5832023621,24.1585350037,-0.214279651642,-0.235287847107,-0.747246127981,0.621500485294,-2,EXIT
627,-0.449241906404,-20.4068336487,36.8516845703,-0.0148031264691,0.820279409483,-0.571771420959,-1,CREATE
627,-1.3845949173,31.4234886169,0.723632752895,-0.0570702619202,-0.0638771131456,0.996324595511,8,REFLECT
627,-1.44166517258,31.3596115112,1.71995723248,0.0253865812424,-0.468156682805,0.883280726518,-2,EXIT
628,0.354148358107,-1.75717949867,64.2020797729,0.0039426924398,0.826265756688,-0.563266681512,-1,CREATE
628,0.362533092499,1.47711034515e-07,63.0042076111,-0.540407596546,-0.507417256002,-0.671183550086,127,ABSORB
629,-27.7644634247,-26.4099235535,28.0706176758,0.00245497858592,0.825233894544,-0.564785793355,-1,CREATE
629,-27.6428394318,14.4736270905,0.0901278555393,0.293287419616,0.198541737629,0.9351810883,113,REFLECT
629,-27.3495521545,14.6721687317,1.0253084898,0.183817951768,-0.764901905626,0.61736215901,-2,EXIT
630,-18.1237983704,-23.7179698944,32.0104827881,0.00293980268769,0.82715315316,-0.561968877054,-1,CREATE
630,-17.9531726837,24.2898693085,-0.606102645397,0.24440151673,-0.771041077726,0.588016628234,92,ABSORB
631,-3.30573558807,-21.9200553894,34.6348266602,-0.00150919979475,0.825438510905,-0.564490023854,-1,CREATE
631,-3.3995616436,29.3969669342,-0.459183096886,-0.0184721957706,-0.0260200515969,0.999490737775,17,REFLECT
631,-3.41803383827,29.3709468842,0.540307581425,0.102214598311,-0.423941083065,0.899903402584,-2,EXIT
632,3.92476320267,-1.08373749256,65.1867294312,-0.000109112384261,0.825246319816,-0.564772962989,-1,CREATE
632,3.9246199131,4.87244449232e-08,64.4450531006,-0.520368947849,-0.501161513946,-0.691413982397,127,ABSORB
633,-24.1938457489,-27.0805797577,27.0840606689,0.00286859940687,0.827174317179,-0.561938092797,-1,CREATE
633,-24.0515022278,13.9648532867,-0.800016343594,0.260419834182,0.203715315485,0.943759280856,120,REFLECT
633,-23.7910823822,14.1685686111,0.143742978573,0.317049192449,-0.267221899407,0.909984761436,-2,EXIT
634,-2.50234746933,-3.77443933487,61.2460098267,-0.0023637450672,0.82699713714,-0.562201163172,-1,CREATE
634,-2.51313567162,1.94454514713e-08,58.6801071167,0.5741787611,-0.531165188537,-0.62304276963,127,ABSORB
635,27.2230396271,-27.5085430145,26.4133110046,-0.000420709190719,0.827684589476,-0.561193409929,-1,CREATE
635,27.2026824951,12.5411748886,-0.741523146629,-0.389810567245,0.244910243385,0.887731206137,71,REFLECT
635,26.812871933,12.7860851288,0.146208047867,-0.186050294114,-0.71066219168,0.678486947094,-2,EXIT
636,17.5823726654,-22.471944809,33.8079299927,0.00400378280242,0.826537103924,-0.562868000121,-1,CREATE
636,17.8185634613,26.2870578766,0.60327142477,-0.279634507584,0.0360450785718,0.95942967146,36,REFLECT
636,17.5389289856,26.323102951,1.56270098686,0.180090848801,-0.861985435349,0.4738653769,-2,EXIT
637,28.2942237854,-25.1559562683,29.8626499176,-0.00590304400441,0.827010744549,-0.56215512314,-1,CREATE
637,27.99426651,16.867767334,1.2972997427,-0.369191111795,-0.257589455686,0.89294210075,55,ABSORB
638,1.78239428997,-1.42059791088,64.6945037842,-0.00286851947987,0.824657138871,-0.565625649087,-1,CREATE
638,1.7774528265,1.20953160376e-07,63.7201271057,-0.520212888312,-0.50732994092,-0.687018836627,127,ABSORB
639,-26.3362159729,-27.4174404144,26.5918273926,0.000724106701942,0.826697381577,-0.562646349817,-1,CREATE
639,-26.3008995056,12.9026269913,-0.84982085228,0.281267083321,0.223899775383,0.933143996618,123,REFLECT
639,-26.0196323395,13.1265268326,0.0833234190941,0.320967308285,-0.258844495591,0.911032114755,-2,EXIT
640,-4.64471817017,-4.11129999161,60.753780365,0.01055800923,0.811027809207,-0.584912319185,-1,CREATE
640,-4.59119701385,2.73765863312e-07,57.7887153625,-0.221415537684,-0.669819950225,-0.708742826385,127,ABSORB
641,-11.8752174377,-22.0354099274,34.4728393555,-0.0031641261257,0.825734631205,-0.564049915463,-1,CREATE
641,-12.0654373169,27.6058292389,0.563474655151,0.109671580671,-0.000656127857647,0.993967662396,86,REFLECT
641,-11.9557657242,27.605173111,1.55744242668,0.156059846062,-0.48024148582,0.863141610481,-2,EXIT
642,-1.43116092682,-4.78209352493,59.7673187256,-0.00142447064842,0.825715199683,-0.564085436698,-1,CREATE
642,-1.43941068649,6.48406626169e-08,56.5004425049,0.0825261365569,-0.713544270658,-0.69573271491,127,ABSORB
643,0.979005932808,-20.9103126526,36.1120948792,0.000478710450522,0.824193540368,-0.566308024711,-1,CREATE
643,1.00909817219,30.8993549347,0.513380408287,-0.0697301082518,-0.0504531898236,0.996289208834,10,REFLECT
643,0.939368069172,30.8489017487,1.50966954231,0.356161166651,-0.85601338213,0.374686953314,-2,EXIT
644,25.0806674957,-27.1733570099,26.9066829681,0.00358677631448,0.82574870063,-0.564026788764,-1,CREATE
644,25.2571468353,13.4557685852,-0.844998896122,-0.367526680558,-0.242367413478,0.897876481462,69,ABSORB
645,-0.359976530075,-3.43757891655,61.7382469177,0.00330276840028,0.825257483628,-0.564747003035,-1,CREATE
645,-0.346218973398,-1.25665394535e-07,59.3858146667,-0.311427557528,-0.620856705054,-0.719409360657,127,ABSORB
646,-12.4108095169,-24.0517635345,31.5161571503,0.00239488714612,0.829104107048,-0.559089120079,-1,CREATE
646,-12.2710180283,24.3437099457,-1.11832439899,0.112902638221,0.0533256516235,0.992174061927,101,REFLECT
646,-12.158115387,24.3970355988,-0.12615031004,0.212736492231,-0.78898203437,0.576411774962,-2,EXIT
647,0.443413734436,-22.3386230469,34.0178260803,-0.000194237614352,0.824711358247,-0.565553832849,-1,CREATE
647,0.431445360184,28.477766037,-0.830006837845,-0.0574320550605,-0.014757156266,0.998240344501,19,REFLECT
647,0.37401330471,28.4630088806,0.168233513832,0.426795695898,-0.800473540185,0.420817710448,-2,EXIT
648,29.3654098511,-25.9115924835,28.7535572052,-0.000910703967392,0.828014779034,-0.560705534412,-1,CREATE
648,29.3202018738,15.1916360855,0.919745147228,-0.410917266866,0.20745181268,0.887756016711,56,REFLECT
648,28.9092845917,15.3990879059,1.80750119686,-0.30098938537,-0.74475433834,0.595605880946,-2,EXIT
649,13.2976312637,-23.2296714783,32.7002601624,-0.00184512826663,0.828324263946,-0.560245936406,-1,CREATE
649,13.1885242462,25.7511997223,-0.428473651409,-0.233981144112,0.0462226890601,0.971141744142,43,REFLECT
649,12.9545431137,25.7974224091,0.542668044567,-0.240919488723,-0.446975312849,0.861493395017,-2,EXIT
650,-3.57353186607,-4.86693572998,59.6446838379,0.000782883918586,0.824289711583,-0.566167694656,-1,CREATE
650,-3.56890940666,2.48009257575e-08,56.3018035889,0.00460947835434,-0.286516694742,0.95806416087,127,ABSORB
651,-3.53385806084,-2.17872714996,63.5871047974,0.00294163753809,0.826408152192,-0.563063862061,-1,CREATE
651,-3.5261027813,2.26282580229e-07,62.1026535034,0.544273149942,-0.511514253793,-0.664920977574,127,ABSORB
652,26.1915283203,-27.928976059,25.797580719,0.00555725591041,0.823049774044,-0.567942062496,-1,CREATE
652,26.4574947357,11.4616155624,-1.38373267651,-0.379541276027,0.244027059916,0.892412020213,76,REFLECT
652,26.0779533386,11.7056427002,-0.491320371628,-0.222044753001,-0.656499790369,0.720905092859,-2,EXIT
653,14.9440793991,-21.2128829956,35.6566467285,-0.00320940432204,0.826519936951,-0.562898297693,-1,CREATE
653,14.7492742538,28.9554100037,1.48971927166,-0.252720840363,-0.00254821784944,0.967535882245,28,REFLECT
653,14.496553421,28.9528617859,2.45725512505,-0.170763440289,-0.48779151604,0.856095371054,-2,EXIT
654,2.89325046539,-4.19236373901,60.6285705566,-0.0046136887914,0.827373912765,-0.561632551008,-1,CREATE
654,2.86987257004,-1.82044828989e-07,57.7827377319,-0.531640925167,-0.579670955072,-0.617526931019,127,ABSORB
655,-17.7270622253,-22.4577236176,33.8583908081,-0.000810815893454,0.82751736928,-0.561439530242,-1,CREATE
655,-17.775144577,26.6150455475,0.564355552197,0.177606602173,0.0200519583819,0.983897257761,82,REFLECT
655,-17.5975379944,26.6350975037,1.54825270176,0.309022471615,-0.446623699828,0.839662064636,-2,EXIT
656,3.96443486214,-4.52796983719,60.1354827881,-0.00312503014595,0.825687285089,-0.564119438975,-1,CREATE
656,3.94729757309,-1.83671602372e-07,57.0419197083,-0.600364993612,-0.533701783397,-0.59558734107,127,ABSORB
657,-27.3677272797,-27.8378734589,25.9760971069,-0.00184240828339,0.827151142797,-0.561976505293,-1,CREATE
657,-27.4563045502,11.9289855957,-1.04198861122,0.285253455496,0.235135974993,0.929161740168,122,REFLECT
657,-27.1710510254,12.1641216278,-0.112826645374,0.0628631092172,-0.77748674645,0.62574962133,-2,EXIT
658,-24.1541728973,-25.1484260559,29.9176692963,0.00361683756032,0.825702195503,-0.564094675411,-1,CREATE
658,-23.9669399261,17.5957317352,0.716158211231,0.594503016243,-0.627245161621,0.503119936895,111,ABSORB
659,14.4084873199,-22.8932151794,33.1927680969,-0.00364045230464,0.827054065274,-0.562110594297,-1,CREATE
659,14.1929473877,26.0741004944,-0.0880633145571,-0.241491327349,0.0292320263086,0.969962590749,38,REFLECT
659,13.9514560699,26.1033325195,0.881899237633,0.220252331191,-0.855109304441,0.46933675337,-2,EXIT
660,27.2627124786,-25.5763893127,29.246919632,0.000938730489041,0.82624538796,-0.563309575331,-1,CREATE
660,27.3100967407,16.1299667358,0.812764286995,-0.389532082798,0.196416851613,0.899825081265,59,REFLECT
660,26.9205646515,16.3263835907,1.71258938313,-0.369932874635,-0.247313313619,0.895536595104,-2,EXIT
661,0.750881612301,-1.16898238659,65.0643768311,-0.00132957128398,0.827307657492,-0.561747516324,-1,CREATE
661,0.749002933502,-4.25480379818e-08,64.2706298828,-0.396177793617,-0.546305284916,-0.737965914875,127,ABSORB
662,-15.0490989685,-21.7846298218,34.8432846069,-0.00344540384238,0.825453696397,-0.56445932032,-1,CREATE
662,-15.2560510635,27.7971839905,0.938394427299,0.137128832411,-0.0058422089669,0.990535992237,79,REFLECT
662,-15.1189222336,27.7913417816,1.9289304018,0.248440473262,-0.483832261975,0.839156525041,-2,EXIT
663,1.82206606865,-5.20085382462,59.1504478455,-0.00271165366921,0.827154826118,-0.561967561843,-1,CREATE
663,1.80501616001,-5.22753111909e-08,55.6169967651,-0.135155280473,-0.720788095104,-0.679851139674,127,ABSORB
664,-2.19487762451,-21.3315811157,35.4969367981,-0.00419752164808,0.826222868546,-0.563327748565,-1,CREATE
664,-2.45810890198,30.4817790985,0.170023605227,-0.0316615134724,-0.0347156557605,0.998895576029,12,REFLECT
664,-2.48977041245,30.447063446,1.16891908646,-0.354743971972,-0.838453265048,0.413706220259,-2,EXIT
665,-26.2965431213,-25.8213100433,28.9326324463,0.00202375853026,0.826210185054,-0.563358353549,-1,CREATE
665,-26.1941719055,15.9722833633,0.435319781303,0.285743708852,0.179280278226,0.941386803971,109,REFLECT
665,-25.9084281921,16.1515636444,1.37670660019,0.648404436466,-0.578682169029,0.494670227546,-2,EXIT
666,17.0864524841,-22.2201213837,34.1776657104,-0.000774681003812,0.826019391089,-0.563641167246,-1,CREATE
666,17.0404968262,26.7810344696,0.741321504116,-0.275033891752,0.0266399326345,0.961065384028,35,REFLECT
666,16.7654628754,26.807674408,1.7023870945,-0.557805600683,-0.739044038254,0.377712617433,-2,EXIT
667,-23.082988739,-25.988067627,28.685377121,-0.00025630538297,0.82597640135,-0.563704637839,-1,CREATE
667,-23.0960559845,16.1227779388,-0.0540383271873,0.253902507242,0.175481845985,0.951178026736,116,REFLECT
667,-22.8421535492,16.2982597351,0.897139430046,0.314290687919,-0.278093736076,0.9076812422,-2,EXIT
668,-1.39148724079,-2.68192696571,62.847328186,-0.000694231108557,0.826509947352,-0.562921686358,-1,CREATE
668,-1.39373993874,1.86030746363e-07,61.0207138062,-0.311698274485,-0.602673346642,-0.734594461543,127,ABSORB
669,-13.44231987,-23.2961120605,32.6252403259,-0.0036233182166,0.824623359467,-0.565670563656,-1,CREATE
669,-13.6550359726,25.1154975891,-0.583887457848,0.124899861605,0.0372772209061,0.991468826223,95,REFLECT
669,-13.5301361084,25.1527748108,0.40758138895,0.552633073105,-0.718142014767,0.422928756573,-2,EXIT
670,25.1203384399,-25.0731906891,29.9866962433,-0.00205099755952,0.827000778112,-0.562197035221,-1,CREATE
670,25.0141448975,17.7460422516,0.878082990646,-0.366100456626,0.166967458256,0.915473824607,52,REFLECT
670,24.6480445862,17.9130096436,1.7935564518,-0.478855878883,-0.694730734608,0.536699407164,-2,EXIT
671,-3.44459271431,-22.8441772461,33.2796516418,-0.000872949117177,0.82372050714,-0.566995382765,-1,CREATE
671,-3.49804925919,27.5977687836,-1.44128859043,-0.0184206973856,-0.0027465821993,0.999826552055,22,REFLECT
671,-3.51646995544,27.5950222015,-0.441462099552,0.428997740709,-0.79917225146,0.421051838808,-2,EXIT
672,25.4774036407,-26.4171485901,28.0153865814,0.00210444912542,0.825997121264,-0.563670406317,-1,CREATE
672,25.5825881958,14.8678312302,-0.157982006669,-0.373561778394,0.208805992774,0.90379845934,64,REFLECT
672,25.2090263367,15.0766372681,0.745816648006,-0.184934613088,-0.765788608792,0.615927751872,-2,EXIT
673,15.8367366791,-23.7327156067,31.9603805542,-0.000187026506923,0.823676554232,-0.567059872527,-1,CREATE
673,15.8259000778,23.9923610687,-0.895933926105,-0.263669023437,0.054962160175,0.963046108465,45,REFLECT
673,15.5622310638,24.0473232269,0.0671121478081,-0.238591271044,-0.743388458416,0.624858228142,-2,EXIT
674,1.3757392168,-20.1541023254,37.2208023071,0.00391868629634,0.826019016773,-0.563628625805,-1,CREATE
674,1.62501323223,32.3903121948,1.36746776104,-0.0696846176846,-0.0669898919645,0.995317240096,5,REFLECT
674,1.55532860756,32.3233222961,2.36278510094,0.00885955937466,-0.487600593294,0.87302186091,-2,EXIT
675,2.17912745476,-2.00848531723,63.8319854736,-0.00208255493291,0.827657442368,-0.561229739998,-1,CREATE
675,2.17407369614,-3.37529115768e-08,62.4700431824,-0.540035226651,-0.512137479614,-0.667890077745,127,ABSORB
676,-25.9394798279,-26.6612319946,27.7005271912,-0.000304653958172,0.827403574274,-0.561607721158,-1,CREATE
676,-25.9546279907,14.4793596268,-0.224024534225,0.280286830738,0.197348624095,0.939410886185,114,REFLECT
676,-25.6743412018,14.6767082214,0.715386211872,0.318585070244,-0.268111885969,0.909186212841,-2,EXIT
677,-4.24798107147,-3.35509037971,61.8624801636,-0.00241698151688,0.825183590181,-0.564859452162,-1,CREATE
677,-4.25780820847,3.10379618895e-07,59.5658340454,0.103223346165,-0.655530344734,-0.74808081645,127,ABSORB
678,-0.766629695892,-22.1710834503,34.2645454407,-0.003241578843,0.828148859022,-0.560498848765,-1,CREATE
678,-0.96767693758,29.1918640137,-0.498375028372,0.0143348922268,-0.469268498675,0.882939175151,18,ABSORB
679,0.0367586500943,-3.68944215775,61.3685379028,-0.00390679476912,0.825861893728,-0.563858909163,-1,CREATE
679,0.0193054974079,1.03982984001e-07,58.8495635986,-0.329456346586,-0.628598363722,-0.704501676947,127,ABSORB
680,-12.0140743256,-22.9595298767,33.1176681519,0.00156113696157,0.824674446681,-0.56560553378,-1,CREATE
680,-11.92166996,25.8533039093,-0.360765695572,0.10820961758,0.026943208678,0.993762920504,96,REFLECT
680,-11.81346035,25.8802471161,0.63299715519,0.230389548096,-0.41260284935,0.881294244187,-2,EXIT
681,4.32149648666,-3.01572155952,62.3530044556,-0.00330781042721,0.828023156646,-0.560684144995,-1,CREATE
681,4.30944919586,1.62871288012e-07,60.3109512329,-0.827658420101,-0.215993371518,0.518004250075,127,ABSORB
682,-2.10561227798,-1.67413341999,64.3259277344,-0.00418740739694,0.825493191479,-0.56439654184,-1,CREATE
682,-2.11410450935,1.21616068327e-07,63.1813087463,-0.349109725064,-0.570094590995,-0.743716718371,127,ABSORB
683,-15.7632217407,-22.2889461517,34.1042709351,-5.74287307442e-05,0.826164148923,-0.563429494912,-1,CREATE
683,-15.7666425705,26.9227790833,0.542735338211,0.242567477131,-0.450300453583,0.85929652655,84,ABSORB
684,1.10794305801,-4.40307569504,60.3210411072,-0.000308660262436,0.828469975715,-0.560033395493,-1,CREATE
684,1.10630261898,-4.31039666182e-08,57.3446273804,0.0824837588844,-0.702170337589,-0.707215134546,127,ABSORB
685,3.5181081295,-20.531293869,36.6658248901,-0.00370302982496,0.826842704356,-0.56242104319,-1,CREATE
685,3.28384375572,31.7771663666,1.0854434967,-0.0956757153454,-0.0555210162747,0.993862955465,6,REFLECT
685,3.18816804886,31.7216453552,2.07930636406,0.162525831289,-0.836341218615,0.523563482502,-2,EXIT
686,13.515832901,-21.423456192,35.3490219116,-0.00304580092582,0.828174715425,-0.560461741627,-1,CREATE
686,13.3305139542,28.9660701752,1.24824440479,-0.236006742142,-0.00545692456304,0.971736095675,27,REFLECT
686,13.0945072174,28.9606132507,2.21998047829,-0.168399295759,-0.463652954395,0.869866435189,-2,EXIT
687,1.46500456333,-3.05883932114,62.2921676636,-0.000777149619673,0.828019617359,-0.560698590427,-1,CREATE
687,1.46213364601,5.90884638996e-08,60.2208557129,-0.44884880316,-0.575193066728,-0.683876953764,127,ABSORB
688,-17.0129394531,-23.6755313873,32.0717849731,0.0196707962252,0.826696105981,-0.562304728889,-1,CREATE
688,-15.8666172028,24.5004615784,-0.696711778641,0.173400881817,0.0434322364468,0.983893172566,93,REFLECT
688,-15.6932163239,24.5438938141,0.287181377411,0.151909512789,-0.362239043097,0.919622952943,-2,EXIT
689,-4.96210575104,-1.0452029705,65.2506942749,-0.00237814818422,0.827294239605,-0.561763816499,-1,CREATE
689,-4.96511030197,5.62294459883e-08,64.5409622192,0.186067373465,-0.58000026597,-0.793081725932,127,ABSORB
690,2.26839280128,-22.5479278564,33.7093391418,0.003853582197,0.826125103014,-0.563473569987,-1,CREATE
690,2.50513553619,28.2046203613,-0.907354414463,-0.0794923322875,-0.010740280386,0.996777615863,21,REFLECT
690,2.42564320564,28.1938800812,0.0894231796265,0.204084720136,-0.829920748597,0.519211881659,-2,EXIT
691,15.1226100922,-23.4389724731,32.3917732239,-0.00357459250719,0.825185637125,-0.564850322272,-1,CREATE
691,14.9136180878,24.8063030243,-0.632746577263,-0.253725051665,0.0516719817678,0.965895234721,44,REFLECT
691,14.6598930359,24.8579750061,0.333148658276,-0.497472496968,-0.695363344627,0.51864335888,-2,EXIT
692,-18.6197166443,-21.6600151062,35.0290336609,0.00121761508074,0.826590745968,-0.562802146489,-1,CREATE
692,-18.5467472076,27.8760509491,1.30133414268,0.179994566434,0.00495529128842,0.98365512307,77,REFLECT
692,-18.3667526245,27.8810062408,2.28498935699,0.595022070786,-0.708889962409,0.378713290596,-2,EXIT
693,25.8344669342,-24.7788906097,30.4177093506,0.00977449332876,0.826853859543,-0.562331889758,-1,CREATE
693,26.33984375,17.9724578857,1.34310770035,-0.3767300295,0.171836882352,0.910245335466,53,REFLECT
693,25.9631137848,18.1442947388,2.25335288048,-0.382325170899,-0.294659522003,0.87578720577,-2,EXIT
694,-0.677364289761,-2.38762712479,63.2783432007,-0.00378351186128,0.827788202537,-0.561027964346,-1,CREATE
694,-0.688277244568,-7.9990741142e-08,61.6601448059,-0.55563302165,-0.514606539343,-0.65303296618,127,ABSORB
695,-28.7959747314,-26.0322990417,28.625295639,-0.00106429944783,0.825456762069,-0.564464348937,-1,CREATE
695,-28.8489398956,15.0467910767,0.534567058086,0.306718813205,0.191460601266,0.932344575674,107,REFLECT
695,-28.5422210693,15.2382516861,1.46691167355,0.454090447078,-0.301702757721,0.838318144773,-2,EXIT
696,2.53618907928,-5.41059064865,58.8422546387,0.00139982807766,0.824309180122,-0.566138159858,-1,CREATE
696,2.54537725449,3.28907503899e-07,55.1262435913,-0.13589527031,-0.727091091041,-0.672956923463,127,ABSORB
697,-1.48075258732,-21.5413169861,35.1887435913,0.00167392888177,0.82627369452,-0.563266348815,-1,CREATE
697,-1.37616813183,30.0829696655,-0.00325591838919,-0.040270328576,-0.0323925018747,0.998663620274,13,REFLECT
697,-1.41643846035,30.0505771637,0.995407700539,0.358404655608,-0.842595136935,0.401969573541,-2,EXIT
698,22.6209049225,-26.4602642059,27.9545459747,-0.00168320237162,0.825998325234,-0.56367005734,-1,CREATE
698,22.5354003906,15.4993963242,-0.679173409939,-0.348241722154,0.206334064378,0.914414543207,67,REFLECT
698,22.1871585846,15.7057304382,0.235241353512,-0.678675393608,-0.626095321223,0.383932753036,-2,EXIT
699,-24.5112342834,-27.3747253418,26.6529407501,0.00152085111306,0.827930877196,-0.560828092732,-1,CREATE
699,-24.4363079071,13.414185524,-0.976862311363,0.2587986604,0.218251279907,0.940951450498,125,REFLECT
699,-24.1775093079,13.6324367523,-0.0359110832214,0.31936732803,-0.264687123952,0.909914960972,-2,EXIT
700,-2.8197350502,-4.06858444214,60.8148918152,-0.00116142559142,0.827125817742,-0.562015598284,-1,CREATE
700,-2.82544803619,1.02266653812e-07,58.0503692627,-0.339447735602,-0.638776043403,-0.690463902873,127,ABSORB
701,-14.8705682755,-22.6666240692,33.5496292114,0.000834455581149,0.826716726822,-0.562617771916,-1,CREATE
701,-14.8210783005,26.3643741608,0.181838184595,0.141451827915,0.0255088792236,0.989616429462,89,REFLECT
701,-14.6796264648,26.3898830414,1.17145466805,0.573427341866,-0.738004723852,0.355710712762,-2,EXIT
702,26.9056510925,-27.1306400299,26.967798233,8.40825045579e-05,0.827869475999,-0.560920781964,-1,CREATE
702,26.9097633362,13.3581752777,-0.465291887522,-0.38166052369,0.23409656529,0.894166675053,70,REFLECT
702,26.5281028748,13.5922718048,0.428874641657,-0.185797568565,-0.736007644496,0.650977734457,-2,EXIT
703,17.2649822235,-23.1021137238,32.8840103149,-0.000491534902367,0.827086907124,-0.56207384431,-1,CREATE
703,17.2362251282,25.2863464355,5.6297842093e-05,-0.279211113159,0.0493526580433,0.958960619334,41,REFLECT
703,16.9570140839,25.3356990814,0.959016680717,0.220307169904,-0.855657061411,0.468311588739,-2,EXIT
704,30.1192035675,-25.7852897644,28.9381599426,0.000444101315987,0.82871600914,-0.559669169215,-1,CREATE
704,30.1412162781,15.2915658951,1.19711303711,-0.415977497396,0.209197054113,0.884985488136,56,REFLECT
704,29.7252388,15.5007629395,2.08209848404,-0.370421687263,-0.232236070092,0.899363208806,-2,EXIT
705,3.60737347603,-0.8738463521,65.4948196411,0.000308432348754,0.826359161223,-0.563143357887,-1,CREATE
705,3.60769963264,8.0959580373e-08,64.8993148804,-0.560329863395,-0.48239197118,-0.673296688191,127,ABSORB
706,-27.6057682037,-26.8718967438,27.3929710388,0.00327842514962,0.825524689342,-0.564356482389,-1,CREATE
706,-27.4448394775,13.6508026123,-0.309711098671,0.293512387011,0.210128814714,0.932575122925,118,REFLECT
706,-27.1513271332,13.8609313965,0.622863888741,0.272264111234,-0.687160440254,0.673559784343,-2,EXIT
707,-13.1447677612,-21.4898662567,35.273979187,0.00168901009225,0.824963849929,-0.565182973518,-1,CREATE
707,-13.0425367355,28.4428730011,1.06504499912,0.119187351269,-0.0143127436875,0.99276861386,81,REFLECT
707,-12.9233493805,28.428560257,2.05781364441,0.151968530117,-0.495586380503,0.855160631293,-2,EXIT
708,-2.70071387291,-4.90859794617,59.5828514099,0.00104874574293,0.826921108391,-0.562316975229,-1,CREATE
708,-2.69448852539,6.73580018429e-08,56.2449417114,0.0819204210656,-0.71688301689,-0.692363910604,127,ABSORB
709,-0.290547072887,-21.0368156433,35.9276351929,-0.000610546204869,0.828180447163,-0.560461215581,-1,CREATE
709,-0.329021930695,31.1527233124,0.608988702297,-0.0540920845603,-0.0444660229179,0.997545397059,9,REFLECT
709,-0.383114010096,31.1082572937,1.60653400421,0.355656473493,-0.858602565932,0.369201986231,-2,EXIT
710,23.8111133575,-27.299861908,26.7222213745,-0.000150767967037,0.827520340727,-0.561435715778,-1,CREATE
710,23.8036384583,13.7276277542,-1.113104105,-0.356216508771,0.226573993772,0.906517525603,73,REFLECT
710,23.4474220276,13.9542016983,-0.206586778164,-0.212705675634,-0.7012579667,0.680436300981,-2,EXIT
711,12.563668251,-21.9278640747,34.6100730896,0.00142254438931,0.826759834933,-0.562553243444,-1,CREATE
711,12.6495656967,27.9943447113,0.641441226006,-0.172809620059,-0.439765957191,0.881330095998,32,ABSORB
712,0.512839317322,-2.89119911194,62.5388183594,0.000882229648716,0.825829820183,-0.563918726208,-1,CREATE
712,0.515927970409,2.80039273548e-07,60.5645599365,-0.0372989748821,-0.640697899269,-0.766886555069,127,ABSORB
713,-0.826139271259,-23.0531711578,32.9709510803,0.00226924123284,0.827620843966,-0.561282984934,-1,CREATE
713,-0.687318265438,27.5765972137,-1.36557841301,-0.0471231974559,0.00666999869478,0.998866815636,24,REFLECT
713,-0.734441459179,27.5832672119,-0.366711676121,0.427035283638,-0.80295153504,0.415824120157,-2,EXIT
714,28.0958538055,-26.6261405945,27.7066879272,0.00236403694519,0.82622540635,-0.563334704444,-1,CREATE
714,28.2117328644,13.8733205795,0.0934581533074,-0.395101698293,0.227807132076,0.889943008614,66,REFLECT
714,27.8166313171,14.1011276245,0.983400821686,-0.519234970225,-0.59162311768,0.616747219144,-2,EXIT
715,-2.43291783333,-20.3656044006,36.91381073,0.00122131373917,0.827070410898,-0.562097005694,-1,CREATE
715,-2.35519170761,32.2703208923,1.14116597176,-0.0324723742151,-0.0656089826358,0.997316903652,2,REFLECT
715,-2.38766407967,32.2047119141,2.13848280907,0.103783463461,-0.52631451902,0.843932473472,-2,EXIT
716,4.7975769043,-4.23362350464,60.5664634705,-0.00365757681684,0.82467334442,-0.565597469173,-1,CREATE
716,4.77880001068,1.29616012146e-07,57.6628570557,-0.880849151233,-0.418679347673,0.220935231696,127,ABSORB
717,-4.84308481216,-4.57341003418,60.0762252808,0.00101334504604,0.827300854722,-0.56175819434,-1,CREATE
717,-4.83748292923,1.36372364068e-07,56.9707641602,0.402566875728,-0.236418830103,0.884333674209,127,ABSORB
718,-1.62952756882,-1.88396275043,64.0177993774,0.00280227006017,0.824780440864,-0.565446170427,-1,CREATE
718,-1.62312662601,5.88966031501e-09,62.7262077332,0.0964654422225,-0.611948770371,-0.784992433657,127,ABSORB
719,1.85181987286,-22.044052124,34.4486541748,-0.00344497429848,0.827603033645,-0.561303261039,-1,CREATE
719,1.63821363449,29.2716197968,-0.355053424835,0.0145685724061,-0.475165167005,0.879776006017,20,ABSORB
720,2.65520811081,-3.89843535423,61.059841156,0.000493859837946,0.828736978866,-0.55963807587,-1,CREATE
720,2.65753126144,3.77069738988e-07,58.4272651672,-0.471744441715,-0.591485420751,-0.653912974905,127,ABSORB
721,-15.8227310181,-23.1710319519,32.8106765747,0.00182469804024,0.826066637867,-0.563569499069,-1,CREATE
721,-15.7156066895,25.325668335,-0.275348007679,0.154224393947,0.0337104793417,0.987460601692,88,REFLECT
721,-15.5613822937,25.3593788147,0.712112605572,0.170128067249,-0.402844912072,0.89931775116,-2,EXIT
722,-3.77189850807,-2.55684709549,63.0327644348,0.00128072409295,0.825851376677,-0.563886392269,-1,CREATE
722,-3.76793336868,1.13971410087e-07,61.2869644165,-0.457540495292,-0.554554168836,-0.695072923508,127,ABSORB
723,-25.1063365936,-25.8628482819,28.870716095,0.00278808438883,0.82663954434,-0.562724879776,-1,CREATE
723,-24.9646663666,16.1409778595,0.277119070292,0.60044850867,-0.601503961235,0.526929381468,110,ABSORB
724,13.4563217163,-22.3475456238,33.9938278198,-0.000837138396933,0.825861993733,-0.563871675567,-1,CREATE
724,13.4062747955,27.0252342224,0.28370153904,-0.234346383182,0.022087096547,0.971902223918,38,REFLECT
724,13.1719284058,27.0473213196,1.25560379028,0.215597419872,-0.854571713581,0.47246686539,-2,EXIT
725,26.310546875,-25.0307216644,30.0479793549,-0.00241494012844,0.826039353434,-0.563607269864,-1,CREATE
725,26.186372757,17.4435024261,1.0677844286,-0.368799194448,-0.261898171792,0.89185004445,53,ABSORB
726,-0.201281681657,-1.29536294937,64.8798294067,-0.00212234533776,0.827355694652,-0.561674327503,-1,CREATE
726,-0.204604566097,-7.15452870281e-08,64.0004348755,-0.520216009997,-0.504986547297,-0.688740800296,127,ABSORB
727,-28.3198928833,-27.2922058105,26.7771549225,-0.00187856052072,0.82389888999,-0.566733702971,-1,CREATE
727,-28.4106502533,12.5121526718,-0.602990567684,0.29804222198,0.221847478068,0.928415063639,117,REFLECT
727,-28.1126079559,12.734000206,0.325424730778,0.280504308414,-0.681775908672,0.675647055285,-2,EXIT
728,-13.8588914871,-21.9101753235,34.658164978,-0.000821803745218,0.825845235392,-0.563896242068,-1,CREATE
728,-13.9082632065,27.7043457031,0.780822396278,0.129650128673,0.0031013491809,0.991554953479,85,REFLECT
728,-13.7786130905,27.707447052,1.77237725258,0.244557162334,-0.47134563476,0.847363609641,-2,EXIT
729,3.01226973534,-4.65435028076,59.9509353638,0.00287706916813,0.826947598339,-0.562271635489,-1,CREATE
729,3.02846288681,1.06027755464e-08,56.7862739563,-0.207007942423,-0.696760842199,-0.686783838301,127,ABSORB
730,-3.14704084396,-20.7859134674,36.297996521,0.00173050649453,0.828478631244,-0.560018002318,-1,CREATE
730,-3.03741550446,31.6971321106,0.821583211422,-0.0225133924097,-0.0569591593622,0.99812263842,7,REFLECT
730,-3.05992889404,31.6401729584,1.81970572472,0.100686064309,-0.473675708192,0.874924933879,-2,EXIT
731,4.08345413208,-1.96573901176,63.893081665,0.00226411812225,0.826797949748,-0.562494465806,-1,CREATE
731,4.08883714676,7.94480854438e-08,62.5557327271,-0.603293998572,-0.486593443067,-0.631872750205,127,ABSORB
732,-27.2487068176,-25.275642395,29.7336921692,0.00192501185349,0.827073112651,-0.562091060825,-1,CREATE
732,-27.1504039764,16.9597530365,1.02989578247,0.295364387851,0.164411549235,0.941131617186,104,REFLECT
732,-26.8550395966,17.1241645813,1.97102737427,0.644950301003,-0.582078887536,0.495200240227,-2,EXIT
733,16.1342868805,-21.674451828,34.9787254333,2.20395772277e-05,0.825438649557,-0.564491838145,-1,CREATE
733,16.1356086731,27.8300685883,1.12412250042,-0.260894830213,0.00689506675649,0.965342605308,29,REFLECT
733,15.8747138977,27.8369636536,2.08946490288,-0.552534404305,-0.753911535408,0.355419651733,-2,EXIT
734,-24.0351524353,-26.6184844971,27.7616233826,-0.00453735488261,0.825994377822,-0.563660092801,-1,CREATE
734,-24.2622413635,14.7214994431,-0.448858201504,0.256540223151,0.197899760325,0.946056445868,120,REFLECT
734,-24.0057010651,14.9193992615,0.497198522091,0.320266533613,-0.269550556069,0.908169502444,-2,EXIT
735,-2.3436524868,-3.31234407425,61.9235725403,-0.000993830130236,0.824855736017,-0.565342398076,-1,CREATE
735,-2.3476433754,7.21644255464e-09,59.6533470154,-0.311161035009,-0.618004523865,-0.721975912877,127,ABSORB
736,-14.3944854736,-23.9265270233,31.7014865875,0.0027302496917,0.827746268839,-0.561095945593,-1,CREATE
736,-14.2355003357,24.2739562988,-0.971684873104,0.134809498328,0.0561409014529,0.989279838238,99,REFLECT
736,-14.1006908417,24.3300971985,0.0175949335098,0.551702440671,-0.721310014189,0.418731752305,-2,EXIT
737,24.1681747437,-25.7036056519,29.0629425049,-0.000351102460363,0.827395407694,-0.561619725485,-1,CREATE
737,24.1501655579,16.7361927032,0.255642294884,-0.361253742473,0.183185579456,0.914296875762,62,REFLECT
737,23.7889118195,16.9193782806,1.16993916035,-0.443645646974,-0.689832533019,0.572109793929,-2,EXIT
738,-1.54026222229,-22.4654064178,33.8335494995,-0.00169696648279,0.82396393191,-0.56663970847,-1,CREATE
738,-1.64470660686,28.2476787567,-1.0418214798,-0.0431033409552,-0.00636482292923,0.999050344591,23,REFLECT
738,-1.68780994415,28.2413139343,-0.0427712202072,0.428143148988,-0.799444247513,0.421405195854,-2,EXIT
739,27.3817310333,-26.0383758545,28.5692844391,0.000532999413655,0.81922337274,-0.573474307592,-1,CREATE
739,27.4081249237,14.5291957855,0.171095579863,-0.395576537189,0.20262053709,0.895803617527,65,REFLECT
739,27.0125484467,14.7318162918,1.0668990612,-0.18449396644,-0.757871468303,0.625773772125,-2,EXIT
740,17.7410640717,-23.3539466858,32.5142784119,1.22389342522e-05,0.826459760109,-0.56299579463,-1,CREATE
740,17.7417755127,24.6876049042,-0.212289556861,-0.276332866214,0.0545005820013,0.959515416036,41,REFLECT
740,17.4654426575,24.742105484,0.747225821018,-0.221824126176,-0.386435835376,0.895243766906,-2,EXIT
741,1.94108521938,-2.30259943008,63.400844574,-0.00566384996652,0.811090454252,-0.584893320038,-1,CREATE
741,1.9250061512,1.78717755261e-07,61.7403945923,-0.550941480547,-0.515275992788,-0.656470971384,127,ABSORB
742,-26.1775226593,-26.2832965851,28.2549972534,-0.00423919682755,0.82694435436,-0.562267786737,-1,CREATE
742,-26.3896617889,15.0988950729,0.117827937007,0.278568270185,0.191098214817,0.941212617393,114,REFLECT
742,-26.1110935211,15.2899932861,1.05904054642,0.32002477653,-0.270331625196,0.908022551937,-2,EXIT
743,-4.48602342606,-2.97715592384,62.4169502258,-0.00233322102694,0.825358595316,-0.564604060574,-1,CREATE
743,-4.4944396019,1.15347063456e-07,60.3803634644,0.165362539253,-0.63983395882,-0.750511649311,127,ABSORB
744,1.13769686222,-21.7923126221,34.8184432983,-0.000944806834046,0.82654730034,-0.562866474078,-1,CREATE
744,1.07894861698,29.6025352478,-0.180687174201,0.359131687485,-0.837074702817,0.412711004153,15,ABSORB
745,25.239358902,-26.7112598419,27.5842456818,-0.00263357455992,0.825471110813,-0.564438224696,-1,CREATE
745,25.108297348,14.368847847,-0.50539034605,-0.372711238998,0.218284640526,0.901908059635,69,REFLECT
745,24.7355861664,14.5871324539,0.396517574787,-0.377332992647,-0.278126943369,0.883326222883,-2,EXIT
746,-0.915404677391,-4.31985902786,60.4447860718,0.00144648492783,0.828232088858,-0.560383364017,-1,CREATE
746,-0.907860159874,3.65347773368e-07,57.5219612122,-0.34738704922,-0.645715890892,-0.679980313159,127,ABSORB
747,-12.9662370682,-22.4138622284,33.9187240601,0.00251083978799,0.824449266361,-0.565930298606,-1,CREATE
747,-12.8165512085,26.7363853455,0.180305674672,0.115034121482,0.0137634298986,0.99326618733,91,REFLECT
747,-12.7015171051,26.7501487732,1.17357170582,0,0,0,-2,EXIT
